User ID,Heart Rate (BPM),Blood Oxygen Level (%),Step Count,Sleep Duration (hours),Activity Level,Stress Level
4174,58.93977586209927,98.80965025422655,5450.390577516058,7.167235622316564,Highly Active,1.0
2294,40.0,96.89421334689396,13797.338044243395,7.367789630207228,Active,3.0
2095,96.28593768588723,94.2029097779196,10205.992256276271,8.378342673824589,Highly Active,10.0
4772,47.27225670219411,95.38976001421,3208.781176562847,7.871146008904113,Sedentary,2.0
4092,81.73349679221296,95.98134260868017,6051.249856733786,5.224139066195455,Sedentary,1.0
3979,93.34033768144008,97.21894484728315,1775.029578077338,5.468413771417153,Sedentary,1.0
3169,51.40996727987549,97.27278686705216,7940.021451995014,7.954498990533915,Sedentary,8.0
2238,73.85294067228806,95.39944002358108,1748.1970688253557,4.830161671840198,Active,1.0
1330,95.37229036722503,99.15265159443172,6155.837341884333,5.814348465914493,Highly Active,10.0
3135,68.09020292958444,99.72973954402644,8124.135791328726,6.444869604525839,Highly Active,5.0
4444,40.0,99.04772547056064,1449.2158952991972,6.392173806051382,Active,2.0
4171,58.2779626987928,97.78972645147674,5643.511357828403,7.848859015777246,Sedentary,10.0
4735,98.05924946042926,96.02709912891096,5846.923275235294,6.621126995655419,Sedentary,9.0
2685,74.10500253274513,99.64606450575435,2601.3964953506083,6.751333320225251,Highly Active,9.0
3391,76.32552029631407,98.7571103508064,508.8380975267676,4.773999479227033,Sedentary,10.0
2515,69.42479491992782,99.25495076372934,3306.1104116230244,8.41542161341735,Highly Active,1.0
4485,84.58662488247226,99.02468690832052,4173.373029062226,9.169583797303172,Sedentary,9.0
3853,64.62704386367523,99.78959923982669,1520.184386862472,6.866753232803355,Sedentary,2.0
3433,75.16860350791544,98.10010128415522,3400.900980332703,8.651900418719752,Sedentary,10.0
2215,86.5515986753003,97.47263459341158,3790.054977605134,6.844302018581762,Sedentary,1.0
1955,64.10446780919304,98.14712187549831,1778.200277283971,4.419708490039869,Sedentary,7.0
3324,69.61567440976185,100.0,7137.101989511348,6.95044108406138,Sedentary,2.0
2184,66.62971236762343,99.5174743128602,219.38009182240103,5.990742778206027,Sedentary,6.0
1459,81.78254064837381,98.188991139804,1540.7280365213232,7.213770683599015,Highly Active,10.0
1021,67.2278321892843,100.0,6913.143375993267,5.7399472789626955,Active,10.0
3300,80.11309120817684,100.0,2157.694847331619,7.081258685871372,Highly Active,4.0
1747,40.0,100.0,8043.061916803896,7.791685704970522,Active,5.0
3904,87.5290861186297,100.0,4441.359228168414,8.531278990913485,Sedentary,5.0
4632,88.4355194977685,100.0,5244.270581287012,7.978655960306142,Sedentary,6.0
1474,67.4042823010518,92.65567270210364,2830.668684319488,4.827592494476892,Sedentary,7.0
2082,64.42024701043401,98.42435020954122,29066.332093973066,4.825839792965481,Highly Active,3.0
3558,74.1371473477043,95.06438018699068,9359.52274399143,7.647390482799075,Active,4.0
4753,61.348923654465594,100.0,1999.1355537358013,5.923067990352865,Highly Active,2.0
3047,63.6801754966651,97.37429827897157,1889.475270819287,5.024214580310577,Active,2.0
4547,79.61779161635499,98.8943730316892,10415.917713817438,8.282513944117321,Sedentary,10.0
1975,79.76807351739672,100.0,671.8148538302273,8.945554951796462,Highly Active,2.0
2806,118.29493321826284,95.6293274777274,253.7432971331872,5.83928648563342,Active,8.0
1189,93.72881218824756,99.41376031907603,3740.5230471249497,5.379780644764782,Sedentary,3.0
4005,86.03063332431728,95.91431915983792,3749.511414647084,6.403469797758008,Sedentary,3.0
3734,85.48782567979367,93.72753353750215,8589.656027873058,7.637403648126468,Highly Active,7.0
4005,76.30138328743868,98.37515942883158,5985.902807457921,6.93939597939567,Sedentary,8.0
1562,82.56980160801169,95.55137229772568,10291.389012021062,9.337518118541205,Active,1.0
2899,77.96393073389999,95.0098460840355,2676.536812907478,6.757256406710402,Sedentary,6.0
4638,90.76257818155062,94.8602508201896,6851.846184119823,6.2352107379111565,Sedentary,4.0
2267,70.81290842831523,97.22179633904044,15182.671678713365,8.763732503534627,Highly Active,4.0
3879,70.01131339671613,99.86637885565928,502.63064367231584,7.392793781685005,Highly Active,10.0
2528,92.671023604219,95.07724752637232,8627.838331974384,5.879630133172693,Highly Active,2.0
4556,60.82606954030797,96.92388341755054,11060.18312546085,6.827247743905267,Sedentary,1.0
4890,63.77805794778227,95.87135566650204,2193.8458799106043,6.191851668087015,Highly Active,6.0
1646,86.22925548074167,100.0,3771.226371764287,6.773624050574219,Active,5.0
3888,61.684635107264285,99.62675298510824,2583.07391148787,5.9659790984499725,Sedentary,8.0
3214,84.67722962095758,98.46340229262316,24206.2616051376,7.146885698832684,Sedentary,1.0
2297,77.3066427033104,95.85509586003876,4129.763765545851,5.707628633446368,Active,2.0
3435,91.92283491914716,100.0,13212.611307247618,5.1626892969962945,Active,1.0
1600,84.54568992813458,98.05750152154894,11089.11575373786,6.439034704731956,Active,8.0
3363,92.85283683620152,98.27067917804666,4115.534710037573,5.7909211045386755,Active,1.0
3061,79.38203545794906,98.78567385638786,33956.717086940276,4.516866155064028,Active,7.0
4060,62.47839020361005,99.982566009653,12862.301512481752,4.554312521868752,Sedentary,6.0
3824,78.17970894479012,97.91523601154992,2594.4605625871945,6.635850437551147,Highly Active,10.0
4417,82.00624112263787,97.09234007387155,547.9601823590517,6.971046408605005,Highly Active,5.0
3612,69.23683245606956,100.0,4375.802149359456,6.052030514727384,Active,2.0
2363,89.11832897571975,98.58593453879398,8698.434753413825,5.188802886693731,Active,2.0
3139,43.74140206186796,95.37323750308748,139.12193009620557,6.017092237155613,Sedentary,3.0
2390,73.15646556066172,96.81891253134198,12463.56299657755,7.154135026423208,Sedentary,5.0
4003,59.55423801799281,92.9484073471339,3772.5131738940513,3.877074076547937,Highly Active,2.0
2478,103.59423924190712,100.0,4440.616862383574,3.0331901438352027,Active,7.0
3556,81.28112871682107,100.0,19406.116741421207,7.39682049463106,Active,2.0
1775,76.84986596442882,96.880668208062,3556.9885933914557,5.185877160562438,Highly Active,1.0
1034,87.20860676159504,97.60522245561135,12948.306889363626,6.147988867222518,Sedentary,5.0
3253,79.84141585314687,97.2450611764206,1897.6421295573543,5.868158558451618,Active,4.0
4152,106.0398703170913,94.8075262835834,711.5706418947933,6.934494780867866,Sedentary,10.0
2955,88.76895700279972,94.74363714609684,7069.614654949177,5.738883539240584,Highly Active,7.0
2585,47.42860420621099,100.0,29130.793780394342,4.777099520399842,Highly Active,2.0
4943,96.06324242512709,96.47894031643833,7287.851972874099,7.233968841889179,Highly Active,1.0
4459,78.04729995908488,99.49580560965047,6568.200016845597,9.221594405490784,Sedentary,9.0
4073,96.08870081294506,100.0,4086.669126868351,7.294682104834459,Highly Active,2.0
4461,59.06505477637778,98.9211809875014,3945.0729019077808,6.178609405931418,Active,9.0
3613,56.22934454812436,98.57779006324172,1129.0479096393367,5.316882942475544,Highly Active,8.0
4843,86.95767522612503,98.97829842731086,4677.617159394465,7.088511896845253,Highly Active,8.0
4893,66.12078656148493,95.60040643806028,1094.903090046211,8.280848393722522,Highly Active,2.0
2500,40.0,95.1079912888018,10975.782024074046,8.347840357315645,Active,4.0
1702,91.49512214091324,97.9311802379078,81.40070247967869,6.755557053735298,Active,6.0
3449,44.43713860466395,100.0,2716.059515178237,6.780194960726512,Active,6.0
2579,53.318786295356645,95.1680515708946,18510.383600793903,7.356516893585851,Highly Active,2.0
1161,75.21115231997146,99.15080770482548,5964.2160569161915,6.572139758559597,Sedentary,2.0
1201,78.45025106632437,98.50506740050916,2445.948968474364,6.596702992213861,Active,6.0
1995,79.86425437233821,98.24457119050192,2899.693561281765,5.17396898272294,Active,9.0
3317,76.95659337983253,98.6161095830068,1392.3105217738678,5.463284333002888,Sedentary,5.0
4934,68.48889181446559,97.93977886187646,1095.3378772114831,6.859884216816134,Active,9.0
1815,71.64829086090947,96.80491907344874,4586.044328798531,6.040399919060085,Sedentary,9.0
4342,65.222719273255,97.55307152771054,2205.4787957210165,10.373567261347176,Highly Active,4.0
1455,76.73815113829926,94.3024504799376,674.3650390053248,7.081894958676389,Highly Active,10.0
4533,48.69171889861817,99.04517538205448,1707.6988371982557,8.856211394753263,Sedentary,8.0
4798,79.73192298408621,98.99650465502316,5148.380815351019,8.727118503133312,Highly Active,10.0
2275,73.51992099919377,100.0,2078.408788105279,7.137004744087928,Sedentary,9.0
2016,87.62148625159087,99.22451076734932,1900.2930606862524,6.4387418991911245,Sedentary,9.0
4773,70.44503588445043,97.61730184183337,6785.191985166476,5.151511516990889,Highly Active,3.0
3343,84.03342652423316,98.9734316518969,8185.114412708236,5.597203452787953,Active,1.0
4796,83.2803785473649,97.36306549811862,1932.542626949882,7.760553060485513,Active,6.0
3767,72.91402277273573,96.65776603380088,4472.486342798441,6.904472998463502,Active,6.0
4820,80.29323472179179,93.21914653312186,10124.295006162718,5.5363251457819045,Highly Active,10.0
1337,54.86000605122267,98.77628474345023,8196.119301806662,6.188868739068484,Highly Active,4.0
1878,95.12348222971352,98.99749752313352,502.6582550612419,6.994175947492631,Sedentary,9.0
1791,72.3252647864868,100.0,8993.134821714695,6.14274577608632,Active,3.0
4993,59.20747694018303,98.69426496850762,1384.3563063142203,6.417811276247835,Active,2.0
1763,99.65307299113516,95.59658917585436,6963.015193033687,6.527310833422338,Active,7.0
3235,77.06835233367562,98.44328703246288,2336.0913961347014,4.9125741606794975,Active,2.0
1379,70.54823343388225,99.7947541952559,2738.3515639736934,7.0452135187462535,Sedentary,1.0
1492,70.46467123031033,99.91706621087498,5178.966242150083,6.700942653968059,Highly Active,4.0
4112,75.02968227011456,97.1316693156662,9720.336711646423,7.622609473868736,Sedentary,2.0
2180,85.8368660629435,93.79926728944456,4828.115252487318,7.637279093784636,Highly Active,10.0
1064,61.1524062710546,98.67071422587948,9821.21381815547,6.310912758751652,Active,6.0
4910,77.34780701952718,97.40257093962528,11875.902858549824,7.236044873875793,Sedentary,9.0
3568,74.53213745540943,98.95516141732875,2662.7096863553606,6.249454675431915,Sedentary,7.0
2367,68.76188373904637,97.2803980607483,4605.831296112485,5.793858376827125,Active,4.0
2152,67.38743157053432,100.0,12144.917463685497,6.900527747560983,Active,4.0
3027,81.53346713105508,97.61892652659957,12477.43599192999,4.92071693287113,Active,10.0
2495,89.84118985474154,92.90617322866449,12089.514024854365,6.1333751255786995,Active,7.0
4134,77.93675733482405,99.0676373390759,8028.70324132417,6.614799904858036,Sedentary,5.0
2162,43.85677975100486,99.26840701915177,3686.664098492036,6.307210944457424,Sedentary,9.0
2522,110.37436411299208,99.23093185164451,24477.521605096616,7.883614775842309,Sedentary,9.0
3640,74.86797763642983,95.37734528539282,219.67129297418225,4.696693032339106,Highly Active,6.0
1391,68.84966037503412,96.22980352542878,3376.380229370476,7.742313111452674,Highly Active,7.0
2698,74.12758955245374,100.0,2566.598644639498,5.722153000379814,Active,10.0
1418,69.05858943073387,97.6309379835583,19215.95329005997,5.7352500324197315,Sedentary,2.0
3336,62.71943844859027,96.7611326079194,733.2722927664666,7.819089459744227,Highly Active,9.0
1378,84.21830058362573,100.0,6922.490068391064,6.0976959273196805,Active,10.0
2796,72.77180576789344,95.94128721003888,8826.963924500315,7.420672731221867,Sedentary,8.0
4561,73.65840764459172,97.16845086943673,1424.894925005786,7.448680584772695,Highly Active,5.0
3278,40.0,100.0,1137.2002831156026,5.976296083423835,Highly Active,8.0
4065,71.60267669956232,100.0,343.0916221502297,6.849409870193006,Highly Active,4.0
3088,58.85087469385456,100.0,1211.1066507295318,5.774156108593483,Sedentary,7.0
3182,78.54420140929575,100.0,20171.34806777914,7.210528171310017,Active,5.0
1200,65.79732762131938,99.88366106005785,16218.367282531884,5.064869419306278,Highly Active,2.0
3996,67.86687621901916,98.66197385965624,3182.272720604454,7.1604398353347145,Active,9.0
3977,67.40229905855266,97.39335207790754,12283.013042428483,4.266500725942315,Sedentary,4.0
4104,59.17030455395178,95.51981294088422,11717.29329451687,5.380883658255592,Active,6.0
4119,49.17741529590679,93.57159171339238,453.1507140658315,5.462778122563456,Sedentary,3.0
1502,80.04863676023686,99.90685985839434,1692.9884987824223,5.833417505835631,Active,4.0
3454,67.252431084307,97.79977972676272,19571.85332662096,5.066163249054267,Highly Active,3.0
4645,50.01718423919689,96.28539144812147,9426.989695233093,7.908739343333504,Active,9.0
1804,80.07038245875742,100.0,5052.601964654232,5.318184083631053,Sedentary,8.0
3146,57.180742071364186,97.68595397390412,3495.231803282522,4.768744988189237,Highly Active,4.0
3731,64.4304570606055,99.13879466230158,7373.27081184073,6.479991628045297,Active,1.0
2570,68.72444585895444,100.0,2992.639169880838,5.488131501454205,Highly Active,4.0
1960,86.26012731752924,98.53932811098862,1203.0536892067316,3.08756038228468,Sedentary,3.0
3660,93.44505489584634,98.72611217202196,5135.54707282312,3.8263117567977583,Sedentary,2.0
3690,66.44446027771292,100.0,864.858764245684,6.646291719541397,Active,7.0
4840,75.24887879046642,98.5809261937223,17249.389643712,6.825785787271773,Sedentary,1.0
2028,89.47016187546078,98.1166015276522,9485.0927453832,8.18889568697907,Active,3.0
4289,78.742697240681,99.02819961493528,982.5958999288506,8.943408350875643,Sedentary,10.0
1502,76.55317711240352,95.89435393764604,578.6813094922654,7.764433702650757,Highly Active,10.0
3814,62.889202158957715,100.0,7208.581212278144,7.6027899386011555,Highly Active,2.0
1397,60.68525638276526,100.0,2924.5642136479955,4.288912580313359,Highly Active,4.0
3842,91.06263529288398,98.6337287188812,12827.679181612068,8.577232386961175,Highly Active,4.0
1392,90.57892673522362,95.24520065229726,2963.370846914196,5.675509493666846,Highly Active,3.0
1206,86.86575833160546,98.05698059375466,7001.169617774577,8.158331550105242,Active,2.0
2038,81.69775150066978,98.99750865789532,5391.3241890110785,6.685071149386853,Active,4.0
2881,81.46814335252458,95.94900071082628,2135.861915396345,7.674778899633203,Active,2.0
4625,77.00389865347886,96.90902721525266,2820.499045246861,5.192240973327088,Highly Active,6.0
3939,83.43108250771836,97.03001616927098,20076.65648348576,7.644700900619749,Sedentary,10.0
2484,74.37464051511083,96.7496088488571,2817.701132956113,5.540783778974028,Sedentary,5.0
4646,88.76339715679534,97.66975400696256,13826.856789699084,6.456353840543829,Highly Active,3.0
1863,56.133555621574075,100.0,515.8120845964711,8.28805715452407,Sedentary,3.0
4312,74.13282595925108,97.3091042146599,9683.386786190753,3.851434094768687,Highly Active,7.0
1563,96.87299788219896,98.09282329847017,3984.396589580426,5.284399794605395,Active,9.0
2020,94.05699291129704,98.41265918105562,5896.811976710864,5.546161546930425,Sedentary,1.0
1095,59.53872048734594,95.89695059952784,1235.5387046898709,7.537609190324735,Sedentary,9.0
2757,47.01249601309016,95.77689365442752,8609.031145202363,4.865952173453847,Sedentary,10.0
3532,69.20884528454692,100.0,6459.176948949807,4.453028953662619,Highly Active,1.0
4478,80.33609411434321,96.93440683473744,1026.4035068138812,7.591030383062162,Highly Active,1.0
3278,87.70431462503394,99.72999703491654,30988.40542353572,3.3896973033629685,Sedentary,6.0
3796,76.03854179443313,96.87815609549824,19440.578006932505,8.082705695430972,Sedentary,7.0
2678,81.64139370583213,100.0,1776.277368075498,4.569632159105675,Active,9.0
4242,64.46343898436206,97.05209741624992,14562.845594002065,5.828423437068083,Sedentary,10.0
1540,74.7147103561669,97.89234394297232,2175.8840329085815,4.747244645575727,Highly Active,6.0
2059,66.14762391319609,97.5160435029794,5806.604228113778,5.121265137921359,Highly Active,5.0
3572,79.23837660728759,97.4090224707776,10664.4594291484,6.164875694143121,Active,2.0
4910,74.14594932977909,96.54644482563802,5670.085910553414,4.18048162964046,Highly Active,1.0
2722,54.43357220645869,98.7018509348468,4189.36091984426,5.891945395410191,Highly Active,4.0
4314,77.94414386144683,99.0942067577891,9995.609870892891,6.654850175960306,Highly Active,5.0
4157,85.58153620111287,95.72513479569672,4559.680890651018,7.201927707147318,Highly Active,6.0
2819,61.22960336610643,96.69180138284256,5857.687403447742,3.4363723019945125,Active,1.0
3625,93.62761732737324,97.84183559322965,13075.542912738212,5.781740937390867,Highly Active,9.0
3729,66.05490978376272,98.16278419366635,8396.27663876368,3.4195731170806924,Highly Active,9.0
3604,63.59647174795203,98.76671182209762,5248.071248881397,5.737647903680929,Active,4.0
2597,48.29069569280374,100.0,4330.065941300634,5.854305801115332,Sedentary,1.0
4060,79.03199138812126,98.67265782984332,948.8592351388507,7.443713844750055,Sedentary,8.0
3693,102.23987279219072,95.99049154062146,406.121882385743,7.960138195142298,Highly Active,8.0
1795,80.50125062928394,99.38964933719836,21369.886287510155,4.967314685694361,Sedentary,7.0
2051,63.987252548147126,99.96330382285716,1445.0940352366893,6.941393558707121,Highly Active,10.0
2643,82.69826021357441,94.83913327002664,2269.1803950084222,7.4825163261372225,Active,3.0
4627,87.00529730355206,98.9396183616329,6608.305534832591,5.379426201444249,Sedentary,2.0
2363,92.40997848102624,100.0,12318.803171980628,7.659508233956084,Highly Active,7.0
4869,56.475342544468255,96.70362930760268,12534.283530798715,6.703951063176151,Sedentary,10.0
2981,98.29589655063174,99.39471152536328,12389.194829463397,6.089815399849071,Active,7.0
2354,78.20169113983798,96.5997326529015,26745.048356271254,6.712643346138789,Highly Active,5.0
2663,101.29791837767972,97.40637863389956,401.20215224931144,4.12969732447451,Active,9.0
2529,77.33382320797311,96.23824719309764,3574.00856978084,6.710695886778446,Active,7.0
3038,83.65144555208543,99.24567736500396,17140.380483773857,5.231294950506776,Sedentary,8.0
4419,60.77058106824265,99.53060892875864,4409.0750191821335,6.5432423081348325,Active,6.0
2496,89.77260997496602,98.83911860696458,14351.714500877504,5.891270361606108,Sedentary,1.0
4302,58.84630533905789,99.188750781023,124.69929669321468,6.932588320017508,Highly Active,9.0
3237,79.03167962975238,99.44856181562344,4913.4483807742145,8.2878040546915,Sedentary,7.0
4296,68.54190336153539,100.0,17898.02674672559,6.690708383729154,Highly Active,10.0
2408,73.67842679662235,96.84998229396838,2119.881586791321,8.000678574238497,Sedentary,8.0
2400,91.27837160351666,92.93868315508352,18580.73436669752,4.965617825434963,Active,2.0
2306,69.67466234905753,97.18215971113278,59.59396646014253,8.650519801546139,Sedentary,7.0
3680,91.58512481845912,97.19876802490182,575.5159769806193,4.9809033117447115,Highly Active,10.0
2768,107.24725531203876,98.53953864551968,1789.6429357418062,5.833310182953129,Highly Active,4.0
2282,76.82582986410395,100.0,2472.0184722046174,4.127010372564056,Sedentary,10.0
4430,73.86205360509949,98.0269822347912,4597.652883874285,4.808233903821763,Active,9.0
2479,70.04625716505899,96.58308973515491,17870.587343756924,4.47317008767848,Highly Active,5.0
1648,105.88722289128762,97.82079124349929,9650.252814923097,8.734771438787751,Active,10.0
1317,68.90513658046484,96.86642399951526,7537.441440355186,7.569560060432488,Highly Active,3.0
4748,52.16283521684334,98.11613797012116,1600.092568073076,6.985249957758299,Highly Active,6.0
4296,72.66890386041234,99.6792098276783,6446.067825522555,9.74793149233802,Highly Active,5.0
4890,80.35309969976838,97.78038196478796,1113.485230583091,3.8113712537147086,Highly Active,6.0
2257,71.88306593741711,97.66808372912126,4219.551786515372,6.398450545295098,Active,4.0
2998,81.38305189044041,98.4141491407052,12618.046919269944,5.258330128100462,Active,8.0
4898,87.284667869019,98.39044954301858,2704.809696406755,7.726007179079694,Highly Active,5.0
4445,72.1130399479186,95.56106113808868,294.37273740538797,5.664921451739373,Sedentary,9.0
4743,113.84469522503318,97.70704559930444,336.76500377009444,8.388950360490332,Sedentary,10.0
2495,74.91815067280284,99.15525685346988,4663.163287935217,6.214264019717763,Highly Active,6.0
4304,55.223480532530665,100.0,1995.2498160248033,7.970859235883354,Highly Active,3.0
4763,76.71408989893025,98.82701176596868,229.7360910196363,6.1466783954782915,Highly Active,7.0
2136,87.20828473069304,98.43586377313358,5266.778763707192,6.699068563123942,Highly Active,1.0
2853,87.32325259770354,100.0,1032.1529396360056,7.3778645542752574,Sedentary,6.0
3489,76.73042364199841,97.004110266247,5080.816673610879,8.765432868819229,Active,2.0
1563,67.79119956133154,100.0,1822.287355807002,6.604977936316917,Sedentary,6.0
2291,97.4579425314772,99.80964940042944,1551.834305368265,6.934471743375855,Sedentary,1.0
4581,76.85518906792677,97.43613245380318,140.04816182779095,4.52541427377608,Highly Active,4.0
4878,40.73686036070599,96.7319199931854,6165.127154683073,5.533187095483114,Active,1.0
4457,80.52490497981967,95.93703252771866,1565.8665209210412,6.744326130189821,Highly Active,8.0
4458,45.7517813648615,97.36307445335171,14739.259474568633,7.803102859787511,Highly Active,3.0
4184,81.75173761372798,99.84518679228611,6480.438710370166,8.619396255538014,Highly Active,2.0
2636,113.80797364258152,93.6540351088064,5690.050291343851,4.908980148216912,Active,8.0
4696,95.40519232575896,100.0,4917.924746296592,5.260072629398884,Sedentary,6.0
4152,65.10809432213114,95.9351257134144,24409.67651168888,7.240419186558927,Active,10.0
1698,94.11247920889946,98.11743077197389,23888.20728812537,8.619994048068182,Sedentary,5.0
3160,84.53835599599404,96.98896336577762,2712.7481243433176,6.263040228574056,Sedentary,1.0
2781,70.99739187269046,96.19289560633511,10479.524853926308,6.587561613388724,Highly Active,8.0
1641,66.91860561763559,98.58284666183096,888.838963563419,6.698795540632846,Highly Active,5.0
3267,61.39891555044546,99.07805970797835,10615.741291973283,5.7963947985404705,Active,6.0
2589,80.62025927143733,99.53886825795104,2361.361217985293,4.668037558619413,Sedentary,2.0
1854,68.7485508416751,94.42641879831385,2388.9040241426683,8.089944185815268,Sedentary,6.0
2759,77.51771754116675,97.1139988803455,4954.036228893475,6.7313797852991755,Sedentary,6.0
4296,88.91651836557264,99.24301649908789,3486.85119170833,5.677729090219002,Sedentary,9.0
3432,68.37437443783315,99.94165204492973,877.6025539654142,11.007690206138836,Active,7.0
4474,84.67649664301247,98.50499378273386,6293.921563111183,6.495746917345917,Active,8.0
2661,93.33493808328602,100.0,1684.1967526532555,3.931969638631375,Active,3.0
2153,80.92770929360034,98.39173390125852,4114.951912916812,7.482213295004548,Active,4.0
2076,85.49349922277315,99.0562240966715,1838.7474736644951,3.7376873048020935,Highly Active,10.0
2707,81.03959246727018,96.3294701439148,13643.081515781116,7.199017778404964,Highly Active,8.0
3777,75.24393052033672,99.45274148819882,2887.6572809366257,7.159196759938225,Highly Active,10.0
2695,87.55707506577178,95.38846794311286,15293.043546078896,8.569830220834548,Active,10.0
2733,99.13821216950998,95.95240549036134,2762.6861972978936,4.996536701449671,Active,3.0
2439,87.82487110834097,96.46482389392008,1384.8645997730123,6.059506321548279,Sedentary,8.0
1835,72.48805972603434,97.2853957009126,5669.93458022816,7.798633988482986,Sedentary,8.0
4510,73.04915795344284,98.89500782553816,6753.103317602651,7.151364486203832,Highly Active,2.0
1202,89.21141358470769,99.12318800307747,2518.153359276865,7.278189135215216,Highly Active,1.0
4255,67.10640488449445,99.060168914615,2699.317389237802,8.328238982121865,Active,3.0
1122,59.63442204468844,95.97640651743512,1897.427566789096,6.166775540630666,Active,8.0
1400,82.0338509383178,98.73580290394337,18456.71629015052,8.694089344289967,Sedentary,6.0
1766,75.32464442013261,96.06040154986012,8040.997067538851,6.367496384344239,Sedentary,4.0
4908,78.12127296383603,97.50413937524776,7584.237507153758,7.392546637143738,Highly Active,5.0
3931,68.9440900100706,97.60510069461758,10067.958299781503,8.237226710034687,Sedentary,5.0
4681,87.15418680451967,100.0,2934.706319019208,4.876891512948527,Highly Active,1.0
1197,70.80010396788272,99.68220960518204,1201.2717958945605,7.9165247231180444,Sedentary,7.0
2930,89.03820109316358,98.71957580643488,6611.8159429057305,9.557593340315586,Active,7.0
4582,94.1847962349098,99.1799226861542,5999.853094719829,6.104159987016725,Highly Active,9.0
3799,73.53478955308174,95.53420517620124,1411.1013250424623,6.940241344743527,Sedentary,5.0
3191,73.82250891754592,96.66416803307278,2131.349261970395,6.265889796784242,Sedentary,5.0
1608,94.0587090788299,97.51540346371272,6863.649647743216,7.49426211291001,Active,1.0
4272,92.38263235498088,98.23302267121346,6655.925677277766,3.2251994561256536,Active,10.0
2147,90.47138531466224,100.0,5663.408412169656,4.384430886802476,Sedentary,7.0
4397,65.12297022096843,100.0,11798.837289764846,6.539781019871101,Active,10.0
3511,99.54965587211085,99.14228252605908,2265.719894165272,3.4948123745338755,Highly Active,10.0
4420,84.14566133455067,94.9794918334994,1200.5650835895508,5.548902580482257,Active,2.0
1659,73.40463003855304,100.0,2312.2644527645007,5.772357727665753,Active,8.0
3811,76.2745809239158,97.8094231995255,20661.816490178862,7.897333594924938,Active,3.0
4002,73.41531178797482,96.7286987855947,1032.699193044019,8.38454066366215,Highly Active,3.0
2955,70.61612961689812,97.06624286665922,14769.9686807646,3.143186363957323,Highly Active,2.0
3450,93.45902668898124,99.1848627823492,1591.620186667354,6.320777494229365,Highly Active,7.0
2986,108.79967905293258,100.0,941.7045391907012,4.277555905832022,Active,4.0
2534,94.28075784786434,100.0,763.7085869563406,8.379675282695928,Sedentary,4.0
1146,77.04467380743166,99.60607910978584,699.84884531877,7.05647523573525,Highly Active,6.0
4219,96.25660636342646,95.90760825153376,2937.930568134513,7.775770078778461,Active,4.0
3911,80.2923989669115,100.0,5191.835334148895,5.8313131909421285,Sedentary,7.0
2734,111.27437730796458,100.0,1569.0744029953853,5.331613056579806,Sedentary,6.0
2843,70.2758473425965,100.0,18887.485573410384,5.645862299052107,Sedentary,9.0
1488,81.79567375681529,98.91312200480846,6180.309543894715,6.334952824601891,Highly Active,5.0
3976,65.98943797048962,98.3342177644893,15143.704770158522,5.861739392600007,Highly Active,4.0
2959,69.28405870258473,98.85052269960352,1127.9115952534762,7.858334594522809,Highly Active,3.0
2663,69.87908438629395,99.27694966646722,1084.2616808128023,10.49906566073934,Active,10.0
3598,93.54355059163152,100.0,13129.916353280463,7.373841466358962,Sedentary,8.0
3385,78.1204799532266,95.60353500132042,5875.005716641654,3.579133029271691,Sedentary,8.0
1640,76.40488315822438,99.35001383086907,1112.1237078729782,4.718301609759859,Sedentary,3.0
2802,60.391737208238794,100.0,184.5370455575955,5.888491187644686,Highly Active,10.0
2969,92.25936014569184,98.5075212297378,8400.727874273878,6.111287725041643,Active,1.0
3198,54.84812328088728,98.10351336888876,11521.553303474073,4.947428894402029,Highly Active,9.0
4369,50.092930052949384,97.20898095750384,21.497914064213465,3.5091680995849868,Sedentary,4.0
2634,69.18866099820603,99.64330064409197,4616.360225045923,7.079535527359775,Highly Active,2.0
1262,49.65589769492589,99.1307593739581,32242.785456144135,5.146944415247891,Highly Active,3.0
2787,50.91424232819074,95.44323868507536,16666.658575988284,6.91804755830681,Highly Active,7.0
3191,71.55301238920812,96.0016863849322,523.2366954262036,4.48297094741149,Sedentary,1.0
3393,79.70565869942118,97.9768994062728,1455.919819915595,6.847237560439174,Active,4.0
1623,61.33311715211434,100.0,2609.913794126635,8.565970111370751,Active,7.0
2016,80.41658037354648,97.7776385573521,12420.206680284044,5.607966854707904,Active,9.0
4643,76.66007414446139,96.29430788616963,12189.371715035824,5.575068389841927,Sedentary,4.0
1880,83.10228108526464,96.91504308754764,1432.0088349423636,7.1487492069049505,Sedentary,7.0
3944,104.75930681422176,100.0,4877.203596040149,4.427398757185029,Highly Active,2.0
2327,57.90978038747263,97.03664130495255,3744.399860400355,8.161440688256556,Highly Active,2.0
3301,65.61885847901027,98.71138453720532,5373.895171419519,7.713423426643104,Sedentary,7.0
4723,82.7246173834564,97.2392164680478,2424.9821484897084,8.423136080647023,Sedentary,4.0
1452,76.76712101081861,99.58487072575598,5308.268983226995,7.318852228059259,Active,6.0
2183,70.3512897712962,99.86570335802412,451.79411876884575,3.691085280143967,Highly Active,2.0
4062,56.59801521090476,93.03387042239628,23943.924491834987,8.785870623329153,Active,9.0
3056,52.12409293974201,99.56200995551224,1264.8104827660554,5.915117938182273,Sedentary,10.0
4304,101.69417360602516,97.76542781512596,3127.2771098063613,5.68404653127135,Sedentary,4.0
2682,72.48907078607817,98.0333217984427,292.9358568284497,7.26402574879392,Active,8.0
3863,102.02087121412944,95.66511322858508,5564.1175865693795,7.700364893614957,Active,4.0
3255,67.61860554551706,98.4271826789546,14280.133394182203,5.8004850421453495,Active,8.0
1403,59.51176447043414,98.5327083190856,2763.666656977584,10.645764905139025,Active,8.0
3199,55.31535792015645,95.1201911163699,5727.745135288424,5.495182715429429,Active,6.0
3101,103.34665332019968,98.4463959130755,10497.728789913795,5.908282125746762,Highly Active,10.0
4191,103.55451405850194,99.03560474376792,2040.385000617552,8.629838481591595,Active,3.0
2696,90.31568560189127,97.18740382324926,5262.445099164608,4.136731249397264,Highly Active,3.0
2648,79.36093123445607,97.80240841059586,3656.6234914371416,4.714884186406232,Highly Active,2.0
2445,40.0,95.41811667575936,2509.436868134874,4.629202755682535,Active,8.0
1103,91.78904510977196,99.54782321040044,2806.2804784188306,6.801474639294597,Active,10.0
1253,55.24171087552287,98.98554006786212,17415.131448603242,9.55858980689601,Sedentary,5.0
4298,69.59568617079961,96.8588243761468,6978.655159058515,4.9558699105751,Sedentary,2.0
4183,90.78285581640051,97.04016907034018,25673.12472950523,7.592640750686208,Sedentary,5.0
3557,76.9791036138773,96.72349140062695,6252.31913061727,8.312756590032729,Sedentary,4.0
1098,56.802182448170406,97.07853669820324,12576.76248292223,7.562736843404894,Highly Active,1.0
2884,75.987903847437,96.57743114820374,7758.83498973362,7.187799114637596,Sedentary,10.0
3961,90.87774885523184,98.3897263486072,3787.971458460565,5.395046107760103,Highly Active,2.0
2919,102.57507753943835,95.9995008138728,5863.588522184857,3.5091014813407746,Sedentary,6.0
1877,68.11716587717633,98.65398754371532,1507.2405368822258,5.9769645598759915,Highly Active,2.0
1337,80.2807726642774,94.86021373966511,6740.863850502569,5.34969338458782,Sedentary,4.0
4777,45.50041600929967,98.60717119362462,5055.0987834178095,6.083184687235904,Active,9.0
3869,65.89410772747883,97.84871155226811,11419.110260314526,7.942176837947368,Active,10.0
4234,83.63623827475048,98.64442796148133,16298.45301968968,8.653512956561675,Highly Active,6.0
4791,72.11872146235429,98.6460949415492,997.3555605290908,6.7260970630632855,Highly Active,8.0
1956,81.77820362272324,95.9545980000844,8218.809689584528,4.723974793133707,Sedentary,2.0
1160,83.40389791999478,95.74072671299948,17497.087190551665,5.341429479028939,Highly Active,6.0
2603,79.96234087947957,97.17770201369277,12588.369961456605,6.685939322677909,Highly Active,1.0
3848,77.86290461478801,99.8774994986248,346.8395146315241,5.799869689889252,Active,8.0
2300,61.144466167681855,97.88693201034016,1123.5516816828265,5.228067978814633,Highly Active,8.0
1815,95.33421566060946,96.38001064287474,18314.789107002547,9.77514894856655,Highly Active,5.0
2527,63.16287270292614,99.84591757314324,5311.788370929648,6.958574894586686,Highly Active,7.0
2919,75.96139804234822,97.0638192027948,27177.32942019623,4.084188999912776,Highly Active,2.0
2415,54.12160904856954,98.43204551503932,1515.9459192549643,8.071840774130571,Sedentary,6.0
2158,67.83159248974803,97.55536624004512,7182.190726166226,6.570324293984189,Highly Active,6.0
2218,83.03554731861378,96.04937916105328,6580.1588369374485,6.808630697803905,Sedentary,6.0
1400,78.90305684064622,98.70954588730906,2913.4275155504265,5.154115204050534,Sedentary,9.0
1639,76.73661369083312,98.97164826589822,4650.289576273719,8.128927045584081,Highly Active,10.0
4104,61.745746384879894,96.02645508749995,1878.690577692328,7.464264098582396,Sedentary,5.0
3735,58.703247387766645,99.72734463378326,7913.208098881462,5.681877176980472,Active,7.0
1459,89.24978126081376,100.0,3791.8895591732658,6.475165053219488,Sedentary,7.0
1954,100.4041006055486,96.21719579135718,166.82282799938497,5.164515835588585,Highly Active,3.0
4954,83.24940487632044,100.0,21080.929495867975,5.046277853772979,Active,2.0
1469,72.41548925840945,98.00801026277064,4871.926715303657,5.577039454771824,Sedentary,7.0
4446,93.37550042668862,97.86181385069152,8560.516854797213,6.08907031030744,Active,5.0
3797,90.79593359633532,99.67539741114334,952.5802578903376,6.433513800146428,Sedentary,2.0
2693,66.05071051805695,96.75322665666076,16289.717498677906,5.2022132887887125,Active,8.0
3085,66.7872061889043,96.98416014361096,6257.126098206063,7.6385620580813,Active,4.0
4436,73.48209724098574,98.63055389673842,5154.575702306075,7.870401582149371,Sedentary,10.0
1562,88.72407337315356,97.9230506740148,1886.1689319882416,7.5593104975224445,Active,2.0
2799,65.93380636879452,96.90623513542565,1687.728781394203,5.002305864544564,Highly Active,10.0
4354,78.14474075208378,97.95220151385904,1203.8790443922262,4.267406762087337,Active,6.0
3074,83.36737885874835,94.82883135583133,18619.410548809225,3.841034517968553,Highly Active,8.0
1225,49.427346294961445,98.995198193499,2084.8231811481983,8.215865875953625,Sedentary,6.0
4348,63.14399275907707,98.51548662122386,13888.141628924172,9.042711248069594,Sedentary,9.0
3331,68.43995088922179,94.57204549171468,2051.2265772429723,5.961069043330561,Active,7.0
3926,82.54126845996775,98.73773688330304,9960.376566938168,8.254532488123338,Active,9.0
1959,40.63527842438362,99.7958383334652,6372.137849669698,6.9200399391052185,Sedentary,5.0
2504,84.79902905562923,98.7886517844832,2051.5863788614975,5.717870695684265,Active,3.0
1452,67.35964595814927,99.20527353686444,15507.115344016956,7.343445079727398,Active,3.0
4900,89.56943398188272,98.79105026422484,16799.69783759881,6.793376680795596,Sedentary,4.0
1815,95.17332153058396,97.89366274507994,4027.1805062477833,7.539995163780452,Sedentary,10.0
1658,65.17326635318395,97.36138267146116,960.3627736830152,12.140232872862926,Active,3.0
1546,69.68666553329047,99.2140518992607,6439.03524818901,6.725025399666523,Active,6.0
2215,64.99830303193033,100.0,6520.887782581234,5.090404222200121,Active,9.0
4120,53.47364808228323,99.98244471308692,6143.958116827479,3.119697256869867,Sedentary,10.0
4583,74.52867150144087,95.65726754790072,4475.825433111821,8.426367171528689,Active,1.0
4243,76.46784230578722,94.31635260742252,6645.709839329178,5.55805725641502,Sedentary,4.0
2243,100.63037307140917,94.88549787486598,8875.915206783644,6.368616078348943,Sedentary,4.0
3205,73.41525539302583,94.38930013568718,17383.981767725734,6.812001358613616,Active,8.0
3524,63.664454946605694,93.48199019524536,524.1790892650416,7.391103425989748,Highly Active,9.0
4444,76.93035603474242,100.0,10494.228298877682,4.545415430636883,Active,6.0
3146,66.55756275958714,99.39114740814422,1668.1068570791294,6.828236528182412,Sedentary,7.0
4963,50.14892318783245,98.10802998540348,1429.5457360761309,5.734795907857717,Sedentary,2.0
2768,84.50501911872837,98.28801623519831,3202.544666948266,7.709691097875732,Sedentary,1.0
3327,96.93714324591262,97.67350321472738,9174.69319395696,6.379392919241842,Active,9.0
3544,67.25221599186595,97.18604521489029,13699.35302789981,5.81303719597394,Active,10.0
1301,67.92763049281922,95.56378141208631,3935.4360140426256,7.481593546994852,Highly Active,7.0
1180,77.25286255732789,97.74317462107324,7088.3782284658955,5.90397330709016,Sedentary,2.0
1606,62.003676451764704,95.64868276790897,21546.11490437152,9.035214560353776,Highly Active,8.0
4170,64.87204996029539,99.76064039934944,22325.612431020894,6.842500601683245,Active,4.0
1699,84.3353369731331,98.9776385081046,516.1106270045198,5.494940281090253,Active,4.0
1992,59.7342545925717,100.0,13.202857935519903,6.96316471967328,Sedentary,6.0
2139,83.2234157962652,96.43272106513024,22529.400436881224,7.984250955737493,Sedentary,1.0
1190,87.41196127532002,95.25432440034234,5364.792787829297,4.137216605420402,Highly Active,9.0
3300,85.01459813270009,94.94724213801028,8437.16182990384,8.400586640838291,Sedentary,1.0
1980,78.50438060481238,100.0,17060.59236090345,7.010430540748135,Active,3.0
3975,47.937410181079215,97.2064976683622,3973.6807179390225,6.454448317812807,Highly Active,6.0
3006,56.839263006338186,95.00081379352426,4066.900257969092,5.470545287528129,Active,9.0
2184,54.66936173512282,98.9406917358609,1278.8965932229712,7.0205786437063,Active,9.0
4662,69.32433637909124,97.33193179557064,16538.447527000488,5.174522194392308,Active,5.0
1127,57.13377252472738,100.0,1391.455400987186,5.430468934954143,Sedentary,2.0
3065,72.40983994456006,97.71724252937808,5743.555787134386,6.091179398041944,Active,5.0
2816,85.26306610696,99.1341739536366,2784.186469104327,7.419714792280597,Highly Active,8.0
2758,60.019111068844815,98.86613332371672,1114.463584129765,6.171793951765857,Sedentary,8.0
3613,62.723134900289374,100.0,1405.1334874655215,4.782359788169964,Active,5.0
1569,92.71439248281295,97.59731861867526,5735.055885331875,5.508342158376569,Highly Active,8.0
2346,61.09049677612202,96.0022157060111,5816.978803349158,6.530959855482499,Active,5.0
3733,93.5888299419525,99.97961185386568,1994.9863960941943,7.719777041294872,Active,2.0
4863,57.27758616643173,98.50113842279578,17324.698300144744,4.4570447659167165,Highly Active,8.0
1625,58.39976962762413,97.0592288564923,5117.585314578251,6.576734643031471,Sedentary,3.0
4359,71.52778395643358,98.68599472509636,1598.6114371808296,7.660580839335819,Highly Active,9.0
2686,65.37592573415077,100.0,17980.386528579245,9.200329588140814,Sedentary,3.0
4009,104.56923809271402,98.7380799642534,4552.713386376492,5.758267510009601,Highly Active,1.0
4710,83.07939874744844,100.0,14540.155131305944,8.029940815773237,Active,1.0
3537,54.50988125744609,99.24428304643529,17170.47053813346,5.468370505754391,Highly Active,1.0
2409,74.05496173565092,97.6389357757108,3942.43592087099,6.524263501682174,Highly Active,8.0
1784,81.58257452901702,95.7025572755818,19256.00360612109,8.546206808600758,Highly Active,3.0
4175,102.60681781886848,96.13584084566466,14073.511318392948,5.694682809540513,Active,3.0
4464,76.13722151485987,96.3674375765144,7550.973982150124,6.76591461383464,Sedentary,10.0
4882,71.35666555760915,98.58651204392918,7821.278817941007,4.241505220955036,Active,9.0
1245,60.35141281778513,95.78564904550493,1663.4310217140828,7.039380390825302,Sedentary,5.0
4247,80.55573957007549,99.4170779322588,6463.732252136309,5.893210842808426,Highly Active,5.0
4110,90.25037794275735,99.92783060033524,5581.711608640022,7.285793051765919,Sedentary,6.0
2500,48.189501374003285,97.7616149140126,2846.8048567151363,5.233436994427638,Active,10.0
2705,76.12036926348425,97.58698488510396,4931.177369213378,6.9795814819916595,Sedentary,8.0
2841,88.30944633806313,93.8190226557868,2841.4630595098315,8.391614194101457,Active,8.0
1920,65.90666177121545,97.22602587410258,22750.95241850622,4.8553418848298175,Highly Active,7.0
3455,72.57790774472498,94.87020238461054,25519.192758772504,5.533159612561786,Highly Active,4.0
1524,70.24072626211674,99.1522326926447,6167.487752373149,8.48802060011029,Active,1.0
3875,58.11559331914752,98.427264118124,5589.662272329626,7.334723931388879,Sedentary,8.0
2529,66.88798962441649,99.50705616257014,16346.661746211408,6.0066200523672535,Sedentary,1.0
3950,86.75955489356986,98.31963472217646,45.94778688132581,6.943644621121176,Highly Active,1.0
4896,66.51288808146879,98.78388635434864,5783.240538938441,5.561494356403591,Active,2.0
1019,57.23703305045103,96.43567052036268,2701.2800604577938,9.063211053996527,Highly Active,1.0
3368,92.91609485131386,99.22442940612056,5149.47964213208,6.637870154301945,Highly Active,4.0
4847,43.04455843722382,96.10441488810974,3783.805934419389,4.589247079624121,Highly Active,6.0
3559,101.77474135021232,96.96874894782296,15685.435208958892,7.255007991647504,Highly Active,2.0
1971,68.31180995659759,98.06310554326788,9218.191389839743,3.9685071807997065,Active,9.0
2166,77.77160352429384,97.39266612813056,3639.506415017584,5.6211449408879774,Active,5.0
2115,60.61236855609999,98.80721432024556,44035.248448782535,7.378131632857535,Highly Active,4.0
4636,76.0167293575729,99.1092675320304,3097.4524964037637,8.497079045401339,Highly Active,10.0
1833,78.8806524083719,92.10938897000044,2274.2912665150666,6.833725883961385,Sedentary,4.0
2823,70.49019103014416,94.56966194238156,13103.412828044637,4.778381346608084,Highly Active,9.0
2982,72.9903926302307,99.02399542170458,2896.624558731235,5.223692842327472,Sedentary,9.0
1853,48.54972672282992,98.30343811193404,2483.4685732255844,6.061518155654656,Active,3.0
1050,59.84554313122224,95.77209406293927,7294.594488654829,6.635660877271784,Sedentary,3.0
4736,85.55291770089755,100.0,1607.4638815068818,5.495217706611081,Sedentary,10.0
4769,64.16361003418177,99.13401680817933,4627.273101101881,7.454676287038913,Active,4.0
4261,95.93041607674944,99.8659437744264,2544.43461002272,8.042278910123132,Active,7.0
2148,77.54681657849541,98.29490822522826,2471.5847822798205,8.637998651342457,Highly Active,1.0
3361,40.0,99.80674292873618,2321.6623768515046,4.659567121161923,Highly Active,5.0
3617,84.30507865116152,96.95350938283484,16013.579051881745,4.804171946802947,Active,10.0
4413,75.23223771824719,99.94598945212311,28540.799357029,9.102739112901306,Active,3.0
3352,94.51113006518617,98.35190608421242,591.7540890966728,8.922934654402546,Sedentary,10.0
2715,58.58092285593634,99.18347661385108,3548.388730283629,8.507548328469616,Active,9.0
1681,69.40134513620855,98.35653645153452,2515.159495867438,5.621740213596107,Sedentary,6.0
1837,79.47929200617386,96.22617208499668,3036.9454427654796,9.032156508379234,Active,8.0
4854,93.8391894815748,97.66371597050936,2158.5741419452465,6.245473864914585,Sedentary,2.0
2077,78.87704344908954,100.0,3376.402594818879,7.014614874771402,Sedentary,8.0
3491,94.46649538836888,100.0,2297.7619261967643,8.391825569034259,Highly Active,4.0
4040,77.70043929956576,96.86090453723396,2951.657910619983,8.562515946688682,Highly Active,8.0
3311,86.2600834565007,94.88148722249396,1630.8981214359458,6.519925917309197,Active,2.0
4124,98.44797229885556,99.69450823418455,803.5094999951722,6.195690500504311,Highly Active,9.0
2595,80.53328252325272,97.66015623222629,2994.0195455764765,6.019490862396862,Sedentary,1.0
4051,113.80923855634816,99.38093261735088,7218.162425284527,4.775940020691342,Highly Active,4.0
2126,65.72028554109059,96.47542110174302,21314.24876691331,6.148828246839772,Highly Active,8.0
1773,79.45724873838118,97.95635574542136,5314.090802875061,7.397418681558379,Active,10.0
1991,81.6677113898496,98.70500131863668,5696.770439122332,7.916725303123822,Active,4.0
3931,67.09142141525423,98.80000483248064,29198.854895841992,8.107258041919664,Active,4.0
4421,78.84604909731551,98.78918342561904,2049.3961068297403,5.072416809026272,Sedentary,7.0
1046,64.91446702965898,94.62020821687295,19922.488938142476,8.79939420999062,Sedentary,4.0
3914,83.24240855658947,100.0,1129.985967507264,7.796547163597244,Active,9.0
3870,66.61253477782058,98.25505584867336,824.4359876701435,5.186616198642542,Active,5.0
4891,58.04841668914976,99.29912917581854,2024.7873959886597,4.635697767400901,Sedentary,1.0
3703,57.37503526059996,99.2731241261154,4113.849744612972,7.441712555251841,Highly Active,6.0
1268,67.07903981598056,95.70866429758432,9156.388512910204,6.23472192124303,Highly Active,2.0
1635,74.66842060338921,96.80055258953529,96.9132295695382,5.668537637519964,Highly Active,6.0
2693,82.7427354345562,99.0463913285096,468.1158531663835,6.658510166087957,Sedentary,9.0
2682,80.74090776233524,96.25875811832984,18236.67551197015,4.1912361940199325,Highly Active,7.0
1656,70.14153081709635,99.11024226956916,11081.228122413168,6.674976590630971,Active,5.0
1119,93.63478301407152,96.14997548246554,28877.24293449691,8.751100781593573,Active,1.0
1830,61.103416508163264,100.0,15146.431205007928,6.780511338064948,Highly Active,10.0
2810,90.09665984854928,96.69599761068528,4514.927457252545,7.384173446276812,Sedentary,3.0
4675,77.34235246345861,100.0,14995.030565831865,8.845075869051495,Active,7.0
2974,91.94132834142874,97.61589895011144,5205.186008943158,6.309778374974697,Sedentary,7.0
2369,83.35729116811174,96.09810055356544,3241.430188228983,7.017279149797347,Sedentary,6.0
1740,58.86587628590995,99.04141478985186,7997.207051896428,5.1727181371865,Active,10.0
4545,80.4597090577447,100.0,6243.465158587119,5.458159854663162,Sedentary,9.0
2632,80.44476599607164,99.24439991233824,6666.780777121538,3.4411970511875207,Highly Active,9.0
2853,90.1107619193668,96.84291983476054,3573.81183973106,9.932517880577583,Sedentary,6.0
3838,83.78038860100108,100.0,9411.100548633416,7.7460532301461456,Active,9.0
2150,84.85356634026499,98.58232088220568,593.895435890321,5.0790042920941305,Active,8.0
2931,71.8544141757178,100.0,9185.098879570598,5.287930401153586,Active,7.0
2012,71.21791576333115,99.3053328561071,5078.873991887168,6.602083663832942,Sedentary,2.0
2664,51.019513115272346,98.815768356703,2138.86157555803,6.594477144078191,Active,5.0
2081,94.29982710821773,97.03305712694728,5127.241337438644,5.830736476568704,Highly Active,7.0
1633,58.212572485403285,97.92918857523462,919.425951113723,5.28075703945781,Sedentary,6.0
1512,79.03082091557896,96.37293379898642,2349.7168867601745,8.31282152593471,Active,6.0
4822,70.03361533314123,98.37026255384892,3828.7960242835215,6.626744053962054,Sedentary,2.0
2119,85.1631360983746,94.1357285785606,1451.0358239341683,4.938571903588187,Active,10.0
4709,63.295241088413015,95.42142474713592,1205.246548354861,5.790775779093288,Active,3.0
2141,81.8486973170443,96.17876182442365,6551.818628677311,6.431477727529356,Active,2.0
1559,81.99182428874795,94.99039015821796,7966.105744315852,8.1548161845922,Active,1.0
4672,63.36607856265783,96.34699363702052,611.5421844213341,5.316181581621833,Active,5.0
1487,88.6674431681947,100.0,236.07885045123092,7.356938086844615,Sedentary,1.0
4308,95.51144361391694,100.0,1114.1999586012544,7.014375820400543,Sedentary,4.0
4956,105.37086631224014,96.75915599031718,16190.336249018514,8.642668258430664,Active,8.0
1896,71.06951179520527,99.10576890918414,7816.832251240376,7.2469592973064145,Sedentary,9.0
4343,77.86684289627406,95.69910994227536,17770.448274944927,3.8055156537239583,Sedentary,6.0
2212,78.7828298743865,100.0,7649.416428547748,4.979128470869535,Active,3.0
1703,84.98656591256214,97.6064565768402,23514.460206483614,5.05509273782773,Sedentary,4.0
2470,101.22809617668966,93.95344789168932,4045.0761714204546,5.821262127503791,Active,9.0
1580,82.30241442166653,100.0,6398.284276060994,8.486592413494984,Highly Active,9.0
3908,58.57994585918769,100.0,22.013994390530303,6.551798353446188,Active,1.0
3294,105.72965728750424,99.83504701373708,194.86864035068575,6.1625692625714725,Highly Active,7.0
4147,67.86986186191679,98.5913217915186,1098.7483237373303,7.308261640129812,Highly Active,5.0
1153,40.0,94.32806386886251,5009.604345028872,5.417226055922605,Sedentary,9.0
2679,40.86454753608218,98.21775066255236,3941.301455408514,6.244101860468585,Sedentary,6.0
4506,79.87615114777904,94.8799245926956,5431.8838985282655,6.225950634559148,Sedentary,8.0
1996,55.9032950703235,97.336608521803,11283.264288451495,6.393624851909399,Sedentary,7.0
4157,75.80677688824906,98.3240077842388,12091.25763980702,5.651313455188798,Active,1.0
4356,79.5756187167555,96.79356842844308,5707.959901627882,7.898964694854552,Highly Active,3.0
2243,83.4641281597355,100.0,2985.5574180766134,6.32539195221105,Highly Active,8.0
2092,77.63754774816711,94.92795783190684,2577.4655207723563,8.192768126442306,Active,10.0
4118,64.55499082956044,96.37046382220096,2916.477736547125,7.219205833255216,Active,6.0
3141,69.00954763024116,93.34772523278208,3493.662612840335,8.196004895249926,Sedentary,5.0
2773,72.17465660286149,95.6398350068811,544.8334942328786,10.39685873160814,Sedentary,2.0
4059,70.98125727970893,99.86492464694068,5875.975833548213,7.829596493472229,Highly Active,1.0
1452,103.0687337749588,96.04984685790347,4338.768217521616,6.938457281831062,Active,5.0
2227,74.92573089807127,96.94283950848369,592.0861367758754,8.38822360637744,Active,4.0
3959,55.955598570566174,99.00894869383778,684.9006264922241,5.380211330553097,Active,5.0
3521,70.85724319858261,97.63671861145484,260.8634426708422,8.415817075307402,Sedentary,2.0
3479,63.08039588414589,97.5294098599482,9031.518655187332,7.928585184518427,Sedentary,7.0
3388,89.24489037918659,100.0,35557.80706958374,6.385713668097908,Highly Active,10.0
1550,53.74587787110899,99.07008135349732,6368.802312361153,7.183148687340724,Active,8.0
2635,73.21399824142324,98.037592603171,8997.076788835484,6.006269940162941,Highly Active,7.0
4325,65.54859189675865,98.44129876414894,7705.9625119507555,8.676190167557353,Highly Active,1.0
2757,81.58587991305559,96.13517987498972,7384.4522043328125,5.848670897376107,Active,10.0
1356,74.39502684603261,99.43804285286016,12164.515099228453,5.8359781501940695,Highly Active,4.0
3070,74.52667500074006,99.71735993374791,8697.530223771155,5.869020430715972,Sedentary,8.0
3569,47.1170729399165,98.3996064443328,5693.5491331774665,5.412909444503609,Sedentary,1.0
2781,93.05042975337288,100.0,4638.528647312935,3.912118367645777,Sedentary,7.0
4908,46.54519034251471,98.41571738357057,4296.684674284463,4.171791405817095,Highly Active,9.0
4171,92.03873893898982,97.59010418529668,3483.1885111909583,6.2110117727770175,Sedentary,6.0
4294,99.2184714113539,98.19159774407966,7783.917733843332,6.772837704260928,Sedentary,2.0
4977,92.75178040833464,96.74536041186964,16185.704732268165,8.424639817631041,Active,4.0
3809,87.21262655027347,99.19666718189984,18663.231035673256,5.792734184388226,Sedentary,9.0
4730,70.582060448767,97.15763422613256,6081.872018082994,5.0160558420948185,Active,10.0
3489,69.5892942070573,100.0,692.0673623718021,6.4098126928768355,Highly Active,2.0
2631,87.62214779200066,98.46403128377652,14764.359769252243,7.278804890047309,Active,6.0
3816,81.79270870634728,94.84099737457508,9641.200323417834,5.661064470442455,Sedentary,3.0
2348,74.14581278042411,97.25959669946548,11391.251065040347,7.203980996697957,Highly Active,8.0
4087,54.15001275629612,98.01042218872148,15299.41041542415,3.977885631176257,Active,9.0
3839,84.65336140534733,98.82947665862906,1991.5119852723567,4.3824250519185455,Active,6.0
1335,72.274757084877,100.0,11297.844637149305,5.872327388203057,Highly Active,9.0
2782,71.29975701532456,97.5754439578604,8711.38410616035,4.491366396462975,Highly Active,3.0
3305,47.81161285772594,99.47242018661208,101.82522713233776,8.860837987478922,Active,2.0
1496,76.39052052452338,100.0,5800.11650735981,6.8492660854154055,Sedentary,1.0
1895,54.54937991905606,98.62415794586664,8799.997623109262,6.005134098682188,Active,9.0
3207,68.48055325676586,94.77662162669736,1190.627334989738,8.83053470108351,Active,7.0
4546,86.89054424481353,99.55565105804727,5313.497395505112,6.938889294419237,Sedentary,2.0
1851,75.94915529865197,94.01908978789528,2537.622954448464,6.186706759318011,Highly Active,2.0
2687,73.41930383284264,100.0,8340.919167051961,5.32750174826698,Highly Active,2.0
2931,64.10074950097355,95.3914126633234,5437.829437291614,7.333716799398738,Sedentary,1.0
3737,66.78687905332342,100.0,6799.997630490998,7.28333326161226,Sedentary,4.0
4746,98.7804505826807,98.1675750088119,527.1380569919576,7.522744720645496,Sedentary,5.0
3427,86.69603816557934,99.74833173460726,1037.8366611999925,7.709251146446932,Sedentary,10.0
2568,68.06853496516949,99.0223737804596,5622.127912969742,8.675848075424422,Sedentary,6.0
1956,73.41705961902113,99.94408154179044,1399.1761460174162,5.258041611216743,Highly Active,2.0
3738,78.71000419250251,94.05780618380048,4833.730601532137,9.855169078901172,Active,6.0
4498,81.57124922395818,96.71399778346462,8198.94249047628,9.20004913412504,Highly Active,3.0
2636,74.63525917838975,98.8141892999326,11616.712772122146,9.075876033219489,Sedentary,1.0
2291,48.44432215079212,98.1043160510627,1080.2771145764416,6.190700601431739,Active,8.0
4906,74.52781077436,97.19701832963663,9480.28407979655,5.429031194781166,Sedentary,10.0
2191,115.37629943806472,100.0,1098.9073839258822,7.7858213046634335,Sedentary,7.0
4913,84.63247027482345,100.0,5067.773569151686,6.253645761472411,Active,1.0
4627,85.1852411406574,100.0,787.7253482083871,5.978834571633047,Active,5.0
1284,49.52261127467682,98.98201039906158,12308.84525837818,6.571623785373478,Sedentary,7.0
3444,67.00978039628444,96.13160880743564,4220.182106224861,7.584206657106404,Active,6.0
1011,50.60422688243216,97.44141836392726,12131.988425089858,6.682626434715893,Highly Active,1.0
4373,56.83993408673848,98.30409605118754,1217.5793859737728,5.147092712719948,Sedentary,9.0
4969,70.69515123809879,95.34826270148773,7858.2468576125,8.097747419467385,Sedentary,2.0
4324,74.33796335747763,98.71392026084538,1876.0387561563236,7.2443937183301825,Sedentary,7.0
3546,74.56606439452858,95.75997349796016,1019.66730748941,8.580992143183629,Highly Active,6.0
1753,67.9069400699498,100.0,6923.584372230226,8.21777473970725,Highly Active,6.0
3082,80.05074046452094,99.55912391010722,799.8955810832972,6.077601072302927,Highly Active,3.0
3774,56.18643697983906,97.61932265009392,4380.678015697364,8.010021843968138,Highly Active,6.0
3896,101.08919164158868,98.12772287031136,7073.331864283214,7.028662680665685,Sedentary,5.0
1089,59.48902505788259,100.0,4846.862363504445,6.329655075333348,Active,7.0
1775,75.59546467772378,95.01014826270462,8359.757964640758,10.474965653500968,Active,1.0
3652,84.37444609190376,97.04050896380797,11315.660769667942,10.018971561631194,Active,1.0
4993,85.24074121393713,99.06732767865236,14403.56433821862,7.475662360407074,Active,9.0
4017,86.63040753330878,93.88652249816434,5744.831864284091,5.225082286814381,Active,4.0
2625,51.10850259033754,97.71971605378162,2266.845574973237,5.782392447051694,Sedentary,1.0
4069,61.2391202210508,97.11152008362716,4988.620426074101,5.6871222978096645,Sedentary,9.0
1417,77.03786774329332,100.0,3433.600200821027,7.721412463566437,Active,3.0
1616,93.8569246239146,95.9371740374951,5271.280972792625,6.031650235342894,Active,7.0
4974,67.28971628713317,96.22925485213896,160.4079892986505,9.599471705730403,Sedentary,6.0
4267,61.42509009758801,92.61458642343896,6512.10464024785,5.855440508900086,Highly Active,4.0
1825,66.79755440833712,100.0,12066.238255921651,9.295510061154244,Sedentary,7.0
2516,72.45762043789193,99.8811048196112,658.7588693328919,5.331658564512416,Sedentary,1.0
4146,94.27205549806872,99.09694184152497,1240.7478726305403,8.906405926835424,Active,8.0
1412,66.41272790182259,98.03210505105122,1044.7367729425655,9.459479889846357,Active,1.0
4447,89.31777917889686,95.9963020579652,5720.687572569152,6.854264246206549,Active,10.0
1728,80.34735437675272,98.24913690006298,19351.536567823892,6.6473156081492935,Active,4.0
4348,90.2920488754423,99.338181821061,446.81853747649205,8.757527212036686,Active,7.0
4068,70.10049897093617,95.33563786245628,3474.4396179706914,5.0775129419027305,Sedentary,8.0
3808,84.2012355337256,97.82825411327512,15708.220393913472,7.984044408539464,Active,7.0
4465,79.55315470504397,95.52071500485418,4382.22542937454,4.745240898508736,Highly Active,6.0
2892,67.77683613208426,99.48841039186053,4691.917124135356,4.910622415155441,Active,8.0
3504,87.28706721105027,95.39997210855232,7077.616356154973,6.520609243198988,Highly Active,10.0
3967,56.034485157673714,96.93581010066616,3665.47088662363,5.174286911414722,Highly Active,6.0
3239,59.771738413306856,94.03992870874735,2747.786599007641,5.185713098140921,Active,9.0
3786,94.58563354822988,98.60317249913447,9414.105913341771,6.230977808120623,Highly Active,1.0
4760,40.0,96.46024278983371,6333.273144627881,6.308485668974027,Active,10.0
2122,65.38487184692261,94.00625883366402,4600.016999928915,4.77031186813517,Highly Active,5.0
2571,72.86879621566318,98.2766378400682,743.6500072958332,4.48539051465911,Sedentary,9.0
1977,80.29511718949401,100.0,499.4316381613035,5.223450632479991,Sedentary,5.0
2008,67.8329028869968,98.81852649863389,5005.104991530972,8.002958938902239,Highly Active,7.0
2687,93.39420620126558,99.56882432030343,7500.62496963876,8.689342069541565,Active,4.0
4261,69.31065279620798,98.21906056820018,11858.29647551194,7.124443431212451,Active,3.0
4807,48.13993481834219,100.0,1061.967249141031,6.4976058315064105,Sedentary,9.0
1036,79.59252148146686,98.29391876929694,11073.81334362008,6.285477722788426,Sedentary,5.0
4851,77.72625811137894,96.32870842957132,7895.634797099253,6.664515982637879,Sedentary,5.0
4440,64.99411913991457,98.69847368917868,12323.001651359094,6.9157581345813215,Sedentary,5.0
4766,45.67405435917739,97.23888288012846,12976.394309413674,3.880701626027509,Active,1.0
2548,70.92668680844218,97.925012882961,2967.5343539350915,5.571109066173433,Active,8.0
3326,86.49833693937215,99.48869548922126,2138.7258253082796,6.436207153118411,Active,7.0
3264,88.75751003607547,96.9226392909058,5630.64803421188,10.076560499482635,Active,2.0
3914,74.3372310423497,92.28816656981756,2482.815316370143,7.45563119856827,Active,5.0
1872,65.64789874364286,97.6535922783235,3012.092586753467,8.152968547897606,Sedentary,2.0
2821,86.0169519798763,98.98518903564292,501.6756148018373,6.334608974207552,Active,3.0
2296,57.94484444050232,100.0,33262.48762045069,8.658493769091862,Sedentary,10.0
3109,73.67309331221459,97.33386530808724,10601.22741752728,7.738620930153084,Active,6.0
1595,98.1967052357239,98.9595719017276,34893.02779786634,6.762740270166582,Active,4.0
2903,98.75928250007208,97.5083641175541,24344.889877138787,7.328073922260165,Sedentary,6.0
1728,55.23333243105579,99.77030559691984,7033.619144531457,5.786440930322486,Highly Active,4.0
2365,68.4411317517042,97.6828353052838,5415.361865882338,9.244615530895189,Active,1.0
1396,111.50843670080312,99.50845377024731,2590.109707836542,5.777513540346276,Highly Active,2.0
1698,64.67372517100183,100.0,13838.53466530892,5.076913273259405,Sedentary,5.0
4090,99.2960862357647,100.0,2887.3767178189514,6.740510816943254,Sedentary,3.0
3224,89.64015846590634,95.01805663491452,790.016126777159,9.30968725036104,Highly Active,4.0
2635,92.8628716450691,94.41148708539863,2437.955909967442,5.47531054989622,Sedentary,9.0
1395,68.31216301750268,96.12665783202904,2649.349729079053,6.228370461015725,Active,4.0
3492,68.75609604675525,97.88640226312629,8872.996086841675,6.884378809729989,Sedentary,9.0
4986,86.98247151410226,100.0,2667.421371551697,4.436677434898357,Active,1.0
1075,50.45236988092225,96.4158211977702,557.7464716324574,8.187797576554363,Highly Active,7.0
1264,72.54899323878155,95.77313055276812,13205.622032410354,6.613276886505437,Highly Active,8.0
3502,99.51707847460996,100.0,9031.175839189173,4.909533862680956,Highly Active,10.0
2819,83.91810011128423,99.08752258490308,4027.3872787048176,6.029541181800301,Highly Active,6.0
1717,90.03957798444313,98.59477430952684,3935.019907875853,5.661022620345479,Highly Active,7.0
3782,50.33931545767725,95.77314726689696,1273.774439553068,6.511893320665924,Active,1.0
4635,92.76234718983493,97.54037457964148,16612.94394148851,3.277470111588104,Sedentary,7.0
4577,59.40537391949748,98.68149267035176,10138.033839057704,6.610733408181065,Sedentary,9.0
2390,84.39579049650439,100.0,338.2742201325305,5.542452534292065,Active,8.0
1143,66.99661578373365,98.8880975199649,2614.50544910478,7.8264954185903886,Sedentary,1.0
1884,113.06338665984056,96.6299431240856,13138.364944561446,4.948265963661922,Sedentary,7.0
4140,83.98546920382643,97.98707692681542,4121.304793546044,6.028563562217897,Active,8.0
4170,61.160822467997754,99.35808760388898,8490.954536110805,4.675169276651356,Sedentary,6.0
4096,99.2215247526562,97.18809186103852,8051.382067911424,8.290348022588542,Active,4.0
3995,74.91068433637733,97.0140488817534,11965.60617074524,7.076125327067639,Sedentary,6.0
3938,63.48100280104428,99.52471270207012,11452.121470885491,6.2163939115024105,Highly Active,3.0
2492,75.6648227800018,96.23311617627172,4044.61560401463,4.58641919204597,Sedentary,8.0
4555,65.80804445308257,96.73697132752736,16414.15289592951,5.81393273498086,Sedentary,6.0
4636,71.12527595139625,98.05132501674258,5989.250621249489,6.8476608217084065,Sedentary,1.0
2167,88.12822462745079,100.0,1680.7757630718902,5.817611129098285,Sedentary,5.0
3616,57.76081408945764,98.32838718264284,1652.1877894539336,4.81674498706877,Highly Active,9.0
2062,84.12242894148358,98.17502763411684,9827.28018140674,5.3849960585898,Sedentary,10.0
4764,78.34352180633107,94.93448067419426,7895.780666545459,6.91490227979764,Active,2.0
2209,77.94325667004271,100.0,3571.378150143185,6.641762276114232,Active,3.0
3982,81.48972051943477,99.56514578912709,2092.425151060998,5.959087636575745,Highly Active,4.0
3445,69.73704040851815,97.94914500290882,493.90313620543463,5.614000110332544,Highly Active,2.0
4294,49.05684303949856,99.47124238367375,1596.575471427603,6.053127889769148,Active,6.0
2156,80.86243827299059,98.86684729563432,1866.3950936539336,6.729785015906785,Sedentary,9.0
4234,53.508899888536995,97.93146679657168,1214.5864932557224,9.24947436654092,Active,1.0
2238,60.28381826410627,98.2065407548734,8355.311653618144,6.216215766959406,Highly Active,2.0
1732,69.78303959468428,97.26175083453704,6451.663704487593,5.612118947815827,Highly Active,2.0
1234,40.5770595670415,100.0,9593.307179187148,6.1260976626106025,Sedentary,5.0
4914,85.61859176490218,97.01141041644122,7422.60498505086,5.761582512457403,Active,3.0
1750,79.32855712832989,95.0389558410662,4864.726353353711,5.623469800472336,Highly Active,10.0
3635,59.0659309598248,93.69218374754998,1360.5561431897263,7.52750098912124,Active,7.0
1953,67.52289664523776,95.3949609703441,9131.192898609685,8.171125951520139,Active,4.0
3539,92.98625609557826,97.47287535619424,10690.183743573516,5.953110536166031,Active,9.0
3960,57.758767894579535,99.36686158358128,213.6413942029422,4.148445356940213,Sedentary,7.0
4324,76.36527695207444,97.8022057780086,3370.385032697249,9.454354123550198,Sedentary,7.0
2542,52.402947605516346,100.0,1134.9484825653617,5.987513954072966,Sedentary,4.0
3492,64.97016958284978,99.6470966412483,13212.332800954846,4.360200899145017,Sedentary,6.0
2676,77.85244791713264,98.2229407285272,1052.5068782749206,7.104236633280382,Active,10.0
2191,81.79980749627299,96.0302329072687,7083.937211952598,5.064699382578373,Highly Active,8.0
3217,62.66552831640968,96.90601027277624,5639.30905204447,8.19742141548042,Highly Active,9.0
2416,102.60851062707164,98.05729824184576,13247.862593278103,6.848700498872609,Highly Active,3.0
3842,86.64978364788661,98.68177196501613,2339.3442092920245,6.652368464964656,Active,1.0
3681,85.76983711962443,96.76351532558442,13114.421659869302,8.238918050736611,Active,8.0
2217,51.55038893733891,98.80186921786942,1751.857418947216,4.871580833274166,Highly Active,1.0
2540,73.27844899283231,100.0,9594.088028777382,7.977611133311722,Highly Active,5.0
3076,74.75644047055934,98.58378355886131,1484.9566978804526,6.2974665670364365,Sedentary,9.0
4236,71.18461118741531,99.2324893345832,14595.142626856246,6.856817686990011,Highly Active,5.0
2445,78.11187020397617,97.30705020760324,12787.219649453276,7.891269391478001,Sedentary,7.0
2519,70.45026788512303,98.27347272815403,240.9751463957909,5.765793408662,Highly Active,3.0
2388,43.25938325501856,92.48238170037646,994.6975873872144,4.913507114565334,Highly Active,10.0
2856,81.33634233266454,94.95425800379827,4269.432804406628,7.572955659697914,Sedentary,9.0
2365,57.28205588240432,98.67173550391132,312.4020273485954,5.981439479926719,Highly Active,3.0
1499,69.29218131618768,96.02254495188338,459.0343235856952,5.826825931770076,Active,7.0
2680,71.18400645733253,94.03741879442616,938.751611198624,6.8037846621487645,Active,8.0
1510,47.30715938314391,98.13659105329384,2115.749536296468,6.144621520867839,Sedentary,6.0
1216,83.1806338016802,100.0,344.2022602391225,7.677625272233192,Sedentary,9.0
2324,65.94272762668824,98.9465074799659,28790.15292881338,7.584352037536407,Sedentary,2.0
2155,69.10640073440764,100.0,2239.793301165934,5.877124606935043,Active,7.0
2827,76.092624069535,98.78243804222036,2701.673612178695,7.564724230435707,Active,3.0
4141,48.62675995193187,100.0,1994.0612444869992,7.255106390908756,Highly Active,3.0
4323,68.88441845654665,96.06699875389008,6455.999305267561,4.675668438200629,Highly Active,1.0
4486,73.34071382176778,96.79014802872722,137.32462894087266,6.130775661671502,Highly Active,10.0
2810,101.46802686117243,98.5849346498683,687.6866401174184,6.243045662767054,Sedentary,4.0
3492,61.19562524003797,97.74857035588109,728.0212547437665,8.743230443719524,Active,5.0
3923,86.83319371686318,98.29041029767,7645.60982865924,5.870296019318584,Active,10.0
2205,74.97308103474624,97.9405393962344,2798.3479774910784,7.2236202599084836,Sedentary,10.0
2881,86.6549322989663,96.21287611429048,509.47620918105054,9.548695907010725,Active,7.0
4602,67.19580509614686,96.03662183360868,4076.54248186884,4.146846618712593,Sedentary,6.0
1038,80.15587070831619,98.13112022487044,1254.4997106933563,5.589760297628317,Active,1.0
1850,72.35162920175601,96.95083813055584,3694.9964571571786,7.046497234282882,Sedentary,1.0
1172,68.55610312862542,100.0,7753.242556393358,6.736115153992346,Highly Active,7.0
1652,88.97665898287691,98.95658868993624,1947.3748322042447,7.31857134705217,Active,5.0
2243,64.85899149945568,100.0,3150.835474257559,6.581370207505964,Highly Active,3.0
4709,66.35259994607264,100.0,19031.82436139834,6.388634513315963,Sedentary,4.0
2683,72.58069749488699,98.5476359124561,9081.266922773022,9.484917117276542,Highly Active,6.0
3523,70.80714754944076,96.9679803265724,13234.109701313617,7.399955482515106,Sedentary,6.0
1828,95.68780469077186,95.01890278239784,13294.950585521969,4.140212565534899,Active,10.0
2384,79.49971804143865,96.95110210746031,3161.341150699139,4.679523832630281,Sedentary,2.0
2958,111.34003313308531,98.39953627034,11061.308139830962,6.522840442019325,Highly Active,4.0
4072,62.30266604962683,95.71710326196892,1932.7625328499253,8.640418500688519,Sedentary,3.0
3434,77.890760152346,96.05558231495024,8837.110811723598,4.562336668570721,Highly Active,1.0
3395,74.83354421840725,96.62598127916202,7067.003278017715,6.493064600599537,Sedentary,6.0
1189,75.61659726120179,98.12487095977522,19920.297874705306,7.83915151709163,Highly Active,2.0
1504,61.81523203909073,98.10458504922312,4267.639661994484,8.043207347808309,Active,6.0
2214,80.38266573890701,97.3555500283421,3764.560741430886,9.49329466095907,Highly Active,3.0
2531,47.44147177815433,97.50015603022784,5443.936885109683,7.371660891837129,Sedentary,10.0
4440,101.96755901731504,98.01097967035976,8899.919990137827,5.192212114369923,Sedentary,9.0
4480,100.69558924625584,100.0,3111.293407043781,8.018685753148164,Sedentary,5.0
1928,90.77627549939064,97.7189006327435,4881.2772213390135,5.138989345984803,Highly Active,9.0
1933,70.59946327054512,95.40874131990871,3804.383789727729,5.629136377135411,Highly Active,8.0
2140,75.14715042407185,98.94088588464216,5325.532667933436,3.344416744855435,Highly Active,6.0
1133,64.78596916575883,97.87339991876532,8794.536962787837,9.026062422571783,Highly Active,6.0
4627,66.28066565213382,95.6421841268126,4926.055776278727,7.176513236614029,Sedentary,9.0
1684,86.77732286924598,98.69694540497396,2045.4745128221168,7.969569421823638,Sedentary,2.0
2852,52.630165732074,100.0,3223.604100614031,8.3936112694395,Sedentary,2.0
1814,75.89778045891494,100.0,6061.8629108092955,4.330744624320489,Active,3.0
2172,57.81238290483277,98.06042618145298,8189.502323965967,7.873070294402334,Sedentary,10.0
1079,75.92391662375533,99.24843014907432,89.1750913591897,8.193792563859265,Active,5.0
4284,54.1566963132441,95.37238000478096,3171.5895868119123,6.153343909393612,Active,7.0
1202,72.79641862441987,98.26566524769387,7222.113835156371,5.337074359047376,Active,7.0
3811,65.46753388799786,96.7992212351758,913.8902112597592,6.96670922663818,Active,6.0
2252,59.39522553382013,95.25613934056544,5931.534353421707,7.086230289741136,Highly Active,4.0
2699,63.13137783903935,94.57959665053448,7942.423064061573,6.79372014104919,Active,5.0
2250,97.06234309046911,97.40009226850412,1199.1565830208474,5.350370575591903,Active,2.0
2682,101.04729005762948,99.98624046520334,17025.254030566462,8.557677588814162,Highly Active,4.0
2555,59.304825978656766,97.68642645574516,9916.305353847543,5.627270096923265,Active,5.0
4512,81.01363821932866,97.59212016428306,5343.7793006926595,7.328971010448177,Active,5.0
4473,61.21510029665628,97.89456834096434,1271.2074166032414,7.682741059267713,Sedentary,7.0
3094,64.82514420913905,96.08906711781005,14046.011571431043,3.9327004706395616,Sedentary,1.0
2256,44.26152420698209,97.1202399052169,497.6603116565353,7.002330412546605,Sedentary,9.0
4376,106.97742701698544,100.0,856.5305253842371,8.380401536332485,Highly Active,2.0
2549,91.4747785043054,100.0,8385.337618589665,6.4787746703383275,Sedentary,1.0
2166,65.22472614262755,100.0,2049.902190627952,7.848475966970459,Highly Active,7.0
3090,79.27258951779734,99.5402292689812,4304.466511313563,5.482917895801893,Sedentary,8.0
4584,69.00027509987584,100.0,5419.136056662571,8.081319090021289,Sedentary,6.0
2396,89.1892821155382,95.8235282632391,4290.449786585761,4.794484668106934,Highly Active,2.0
4637,69.88115969518061,100.0,613.3597790976218,6.467199407669715,Active,4.0
4957,72.07838038200127,93.8866370704008,9361.847775265142,8.352362804890587,Sedentary,8.0
3703,84.05839518542416,91.06216717486544,9390.095073654811,4.550439370733248,Active,4.0
1470,108.13992531696098,99.5046169079554,14032.457542251948,6.178950520626781,Highly Active,4.0
4018,70.73611418144297,95.66574567291109,5380.736967481696,5.600770050014482,Sedentary,1.0
2035,70.56405193693796,95.88030915466754,8578.197148455278,8.269593572921812,Active,2.0
2353,74.62289103681204,100.0,263.4608548925266,6.388256745803804,Sedentary,10.0
3783,78.90313490938192,97.51185944757827,262.08238486935034,6.722434538465046,Sedentary,3.0
3831,70.51534342386037,99.27626817334637,1537.2188211521511,7.222767114204241,Sedentary,10.0
1357,76.23786211993688,96.10052548107892,1412.9615345546104,6.9484728863535405,Highly Active,5.0
3593,48.73397121656585,99.78661547795322,7054.243565327252,4.984746374304672,Active,3.0
4479,66.78898585856577,98.3426711980416,2269.334402812574,5.765347969695726,Sedentary,3.0
1667,44.98510252251859,98.42745897111936,13084.310846503342,5.834798882435956,Active,3.0
1372,67.60992242041988,96.80913134356751,5756.476358677976,7.226013414569115,Sedentary,10.0
2031,60.77609762087931,97.6728048246238,3324.601430150743,5.310709403318606,Highly Active,8.0
2145,84.4047249719525,96.80484793145276,15649.600675654605,5.7882140402540845,Active,10.0
2371,63.97178432396199,99.51925659300944,12336.616989476071,6.986047731587048,Active,9.0
3723,69.51731045578843,98.0629330826826,12004.955926938164,8.577957187165728,Sedentary,10.0
1089,42.782247655114,99.24536360181666,9122.717826922912,7.156416791066392,Active,1.0
4387,67.75993692087032,97.86922553138048,3844.545253310528,8.652775718371437,Highly Active,5.0
4249,86.67145447722284,98.70931232260104,7291.469771662477,5.213976109482897,Sedentary,3.0
1539,86.72764969865358,99.16227510856196,1328.565089340462,5.586819412609658,Active,9.0
1868,82.9041932855148,97.3073460351814,19540.4282715002,6.755467820898444,Sedentary,7.0
1040,57.7690705768605,99.13608553893008,721.8968905901963,5.375231299628373,Highly Active,8.0
1739,78.4846506729348,94.92450976359892,158.98154353937042,5.582375538224102,Active,7.0
3549,75.52873136097678,95.01816940353142,798.6630734871653,5.9960245450347305,Highly Active,3.0
4006,64.14727953477306,95.79928160237644,3259.288011366338,7.504167642019981,Active,4.0
4216,105.2787048691728,98.93642421510634,456.4275297028453,9.078430833474878,Active,8.0
2224,65.73335075829358,100.0,3966.306911856165,4.619182511449937,Highly Active,9.0
1928,57.12065270032388,95.4558945858398,6481.8967062252195,7.393930493819874,Highly Active,7.0
3036,61.51712741838567,98.1343809141419,6931.62579769411,4.200147315453381,Sedentary,9.0
4795,74.7392890061754,99.97081871481984,5121.984198830214,7.152187904145045,Sedentary,2.0
3779,79.64282624348094,96.64152579751828,5302.105639319224,4.480088498295709,Highly Active,4.0
3799,88.67263480327796,99.3740179831582,13724.794447697685,10.325868545111136,Active,4.0
1924,49.93643348723427,96.97114556532392,34758.70824993356,9.721910550415688,Sedentary,10.0
3956,89.35743660333603,97.72263810864536,1827.2391693701136,5.43804209194807,Active,10.0
2581,61.29144804005956,96.2206226499218,2160.2945217985375,9.353211246916205,Sedentary,9.0
4618,81.02479385579456,100.0,5165.10148792336,6.440656803094602,Highly Active,1.0
4324,100.816561449048,98.58912424097792,1409.489338627863,4.443695277111002,Sedentary,4.0
1389,63.02606687641309,97.41665029372028,5812.799517311471,7.474122312382141,Active,2.0
2617,62.4048413073572,98.65914719633862,8072.733967759214,7.923868802654677,Active,4.0
3930,59.635760758561474,98.18293140516955,436.08892360887376,7.628648856981117,Active,7.0
1255,69.93018112071178,98.61673839978565,8006.620179032009,3.965237322502504,Active,2.0
1708,93.98067961479008,99.54480976020255,1216.0322812594527,4.7852779996102095,Active,6.0
2838,58.285446230527015,98.63053574068624,2489.913997044911,7.905588176397565,Highly Active,2.0
2944,67.59369912207652,96.36045067816951,9397.545386083451,4.771655830074681,Sedentary,3.0
3497,89.63608417163161,94.52481248813255,1250.454454852229,8.027391366455774,Highly Active,5.0
3871,67.50426492501441,96.876947590072,6227.120838962754,4.033165422310669,Highly Active,4.0
1797,71.83620884553783,100.0,1256.8838484690325,4.521544739810217,Highly Active,9.0
4313,88.73779587471124,95.05944529889474,2248.975507120597,7.181134741561474,Active,6.0
4322,98.7264555444222,96.15013287229104,6528.077708411733,7.252789744671223,Active,2.0
1876,100.51518615805088,97.75351066452122,4328.856451890491,8.842770689574943,Active,9.0
4190,64.9491047120199,99.8988450042406,13503.496269602936,6.201003472038531,Highly Active,9.0
3492,102.27941658053352,100.0,1015.4557480404442,9.196342869131302,Sedentary,5.0
2824,63.91685255466581,97.89964946687402,512.7588339885899,5.240901100875193,Active,7.0
1373,50.23304289553368,99.5066183163516,7691.544079300339,6.075046699361006,Active,6.0
4136,76.68542303615781,94.3164783106104,10307.348508697998,7.212189804665917,Sedentary,5.0
3193,97.143247770446,97.3364429022488,4176.044412527342,5.156434514572759,Sedentary,7.0
2262,73.89434228804812,98.14258410270132,6357.769360993495,6.506602334056443,Active,2.0
3224,79.37044673975657,100.0,5612.207525551549,8.202754315154815,Sedentary,4.0
2802,82.98198011753992,96.12444855366002,4715.755084263996,5.873100778976155,Highly Active,7.0
1852,77.21350941832341,99.78576498577844,11953.41313279806,5.542005444097759,Active,7.0
4353,70.56963970967708,97.02538172080382,1333.89142826446,9.378438210871543,Highly Active,5.0
1062,63.88883071666433,98.98921020275586,8002.535001139417,7.7772407489731314,Sedentary,1.0
2240,76.68482802954168,96.2657721900368,9465.678696041849,8.129480251923134,Active,6.0
4925,73.16174353621555,98.28946997116148,16209.834917718228,7.75332852074825,Sedentary,1.0
3874,75.05411030561444,99.74934767319628,20315.71934335805,5.4890293676733,Active,6.0
3842,90.68991685438525,99.55225929559084,4963.024406441807,5.060412528437176,Sedentary,3.0
2484,71.87803376183244,99.64062027424474,4906.965157515182,5.6368499771919165,Highly Active,2.0
2633,77.84866349158722,99.28712162619848,9232.524461581026,8.300281509810866,Sedentary,2.0
4170,58.62155426936716,98.3770556623833,1339.3434364880216,7.909845725560881,Active,10.0
1510,91.37814009371247,99.76528797334946,16676.424239236127,7.734877277955471,Highly Active,6.0
1384,70.51509977740864,100.0,1522.171860435109,8.903531647368807,Sedentary,7.0
1404,74.08517720367959,99.10618294833236,1815.779251846922,7.702184213030086,Highly Active,4.0
1517,103.2069427522227,98.80402500021988,2439.760255877251,4.551855939596621,Active,4.0
1475,78.33803761709234,100.0,2401.7985754634124,9.411917964985356,Highly Active,5.0
3000,84.88240867189803,96.70311296955003,18012.38788973166,8.09708039232351,Highly Active,1.0
3756,52.51762629156957,95.38166174186976,3290.9437980263783,7.1362894462566295,Active,7.0
4934,65.36597263033705,99.01340493322029,4767.728210701133,6.818803686442597,Sedentary,10.0
2668,81.18714508722233,98.12087288931052,5753.347334194225,3.8292536792233856,Sedentary,8.0
2893,72.58533439702842,98.17435513303066,14189.669439960082,7.132885155553526,Highly Active,9.0
3818,81.70018404704841,97.60164155560574,565.2173412060824,5.704649801208706,Active,4.0
2460,106.54275031711032,96.8974682308816,2115.8398611004636,4.0401464111918965,Sedentary,10.0
4044,68.26882354695108,98.58169797685264,3991.711006285115,6.861499420172482,Highly Active,10.0
4636,65.22958752460562,99.4318076615241,2282.833401027722,7.060217381605997,Highly Active,7.0
3724,63.519810480198075,97.29140758215506,3689.1861003271897,4.732504647348501,Sedentary,1.0
1713,68.58539695224621,100.0,23719.896706989926,4.456872720333685,Sedentary,4.0
4529,69.21778710254738,98.08497810085365,148.79830423807496,6.0457483338346405,Highly Active,5.0
1082,76.78372599561841,99.53390093123296,1112.7608843635376,7.3561129735801485,Highly Active,10.0
2168,82.92485184781596,97.14936223397764,131.81959042979113,5.310596930644575,Sedentary,3.0
4156,81.53180936704175,98.2976228158099,6299.420125027994,5.833352173600484,Highly Active,2.0
4149,76.98167599662187,98.7043979166156,91.148997809357,6.782383546712929,Active,8.0
1983,78.01748382467274,97.7902134211275,4236.158945910302,5.269282757071,Sedentary,3.0
2901,113.03510461917703,95.67194699089583,13722.7155189696,3.490057102829465,Sedentary,10.0
3048,64.16353050085982,100.0,715.8183266117857,6.966096325074561,Sedentary,8.0
1050,74.44720368753583,97.72663997258118,3180.830945609121,3.879941488722518,Highly Active,6.0
1716,69.25629621646556,97.05333670384888,3148.7092547143625,6.168504138712372,Highly Active,9.0
4843,61.51798693915105,100.0,9099.841731607868,6.156846478980814,Active,8.0
2469,64.05216027092443,100.0,30.935449433316283,4.84563368122985,Sedentary,7.0
1448,57.213534772658555,98.5506132303112,10597.782943150129,6.002019806330243,Active,4.0
1487,76.83463786481889,100.0,3952.829137154888,10.771841135205712,Highly Active,8.0
2823,85.65499630013215,98.22804437800262,15272.30438490329,5.29419624561044,Highly Active,9.0
3081,63.427039482680115,100.0,3357.9912431696357,8.057798842759711,Sedentary,1.0
4419,44.5834811525252,96.41069364820882,8305.7450249289,5.652192846761176,Active,10.0
4172,76.66629626545424,95.86876660800104,3446.602244168303,6.864680110041392,Active,6.0
4143,82.04188243297564,98.034560374917,270.0465428457072,6.511416190873505,Sedentary,1.0
2574,85.10595732413277,99.47949431013508,609.7901596745488,6.251909226823539,Active,3.0
1673,58.35190532266772,96.34728952226176,1368.331494474991,8.56464107737609,Sedentary,10.0
3756,63.91093694064784,100.0,15815.469547391293,4.803145151367296,Active,7.0
3165,63.15345820177025,97.61969647904048,17627.291589029286,3.8476401093658743,Sedentary,9.0
4962,71.22844871289759,99.15866827305877,4337.006790494256,6.691821473359201,Sedentary,5.0
1267,62.31714912621933,98.18654245378391,10300.12509419555,8.813016777341286,Active,4.0
2984,72.90394676739344,98.15495331225928,924.5221181240356,8.629655997436434,Highly Active,4.0
2077,61.397620048471175,99.51131835688318,2789.119927905958,5.818011423673875,Highly Active,9.0
1235,48.671700383985694,99.8742693630458,1310.2328889193286,8.817377885040951,Active,10.0
1388,83.1091680594293,95.65350594739805,14749.942835051845,7.13090572105228,Sedentary,1.0
4037,65.05794042541075,100.0,511.8954289351105,5.406782119679224,Highly Active,3.0
4805,49.003625772662176,97.76150771605018,9640.070166062456,6.320380011881536,Highly Active,6.0
2848,71.23773348589938,95.7385743499683,8777.146723940603,5.396012795632573,Active,3.0
3448,81.79217089957606,97.3505315929954,15444.262148998305,5.549076365279503,Sedentary,6.0
1623,81.27546739766031,100.0,2905.0275115039813,7.177100916533147,Active,4.0
4374,88.95723676385288,98.91779412916,7353.128124621887,6.075834412196219,Highly Active,2.0
3966,47.50940680565138,93.0576528049123,42012.95834085415,6.18918427325956,Sedentary,5.0
4278,69.04250739215637,96.56482367869664,9152.60008157544,6.247767455502002,Sedentary,3.0
2252,68.04925937928407,98.87152609758932,11114.502382535877,7.881027611149999,Sedentary,4.0
3900,63.350818790378874,97.14218750176528,6957.065369386925,5.260325097039446,Sedentary,2.0
4981,93.39093050467426,99.31217604936312,3214.0934419644445,6.845582448700139,Highly Active,2.0
1577,79.5187183952783,99.59618894453185,7442.262364099225,4.230404317148155,Sedentary,6.0
3122,53.87807523224171,100.0,963.1793735801958,5.717441193126339,Active,2.0
1434,56.048272128782415,94.3935275596645,4697.20766136898,4.538800018872659,Active,1.0
3150,107.31341112158027,97.26296143303256,5957.75352919754,8.926950432681618,Highly Active,9.0
4493,67.84699795914796,96.46445890716514,16607.29756857156,6.700836554301586,Sedentary,1.0
4775,63.05926724948648,96.8711805569712,17655.58495911476,5.861270236487703,Sedentary,4.0
3785,48.343379679186654,98.4901313630816,6995.4456087049475,4.490922623285215,Active,7.0
3853,95.80515592516193,99.31300235968192,11140.867771963322,7.77744475676673,Active,1.0
2329,63.03209146707407,96.4551529080348,5381.86365973196,7.032002016868751,Highly Active,4.0
3145,82.72341162098888,97.3563923874748,703.9277981124854,4.338555889490513,Active,6.0
4921,67.81655655482639,98.25204703490648,1854.409367451118,4.345500839036945,Active,9.0
3845,51.384549640146425,98.14127750792537,2634.5115529344685,9.2720030132724,Highly Active,7.0
2358,77.67701351185593,96.86093549531692,7609.541129587322,8.532904207484671,Highly Active,2.0
3906,89.21694418249355,96.76704244643798,474.7935388599123,6.943023030781518,Sedentary,9.0
3482,40.0,97.61221835331398,5583.647074897135,6.674079295993353,Active,9.0
1446,57.66388089598513,95.04361092348776,807.3611777409733,6.247938034029167,Sedentary,3.0
2331,80.96436140058556,97.63313194557637,3880.4720918426992,7.790557415743761,Active,2.0
1248,81.95998693574778,98.1492858763402,4208.289036500711,6.20676000442109,Sedentary,3.0
4552,82.01776753980023,94.79285613182846,592.7803645841383,5.893673799988989,Active,9.0
2358,91.74211519396404,100.0,7173.561096677766,5.779618456581322,Highly Active,1.0
2019,69.14838774285478,98.56950800344204,20122.72926047679,6.604272317712038,Highly Active,9.0
1541,74.75134161756083,96.64667692184844,6787.794327566535,7.696149234243123,Highly Active,9.0
4634,96.37340514958248,100.0,15073.384424029116,5.633048595003581,Active,4.0
3128,79.37016691671234,96.713441432493,25080.766230488494,6.704671549595267,Highly Active,8.0
3180,57.766603979097155,96.47707931971792,10505.38549003784,8.573122561716005,Highly Active,3.0
1796,72.0962238494475,98.81084734478338,15272.26618440638,8.67542014147691,Sedentary,6.0
3947,54.213200153922145,98.9095878121004,4733.363375041411,7.201000494249854,Active,7.0
1137,76.28843918474226,100.0,2966.5341559027925,6.9033106038839405,Active,2.0
4472,62.02942607160048,95.00436992071012,720.1222876994962,8.534538090228452,Active,4.0
2353,48.2979487815623,97.45213192593634,22223.785297753497,7.93590661863006,Highly Active,4.0
3832,63.123333352229906,97.03744028482512,3945.5776882158366,8.134400859196795,Active,1.0
4579,72.29100457858307,92.5772892417986,158.46333780794708,8.951708332414036,Active,5.0
2875,69.41998589227352,97.4496063122894,11372.44468041822,7.186957708223834,Sedentary,7.0
4031,53.69769296859641,99.91744515692764,4111.637505345425,5.889548876054807,Highly Active,8.0
1068,75.32121096742318,99.4968718174971,11220.23044367044,7.026919976477846,Active,8.0
3593,60.21699237601212,97.35041124730564,320.9624560944602,6.584169070818921,Active,7.0
4845,88.82835082223448,97.1477309802328,25587.16552051104,6.216396439383017,Sedentary,9.0
3100,91.03694154111447,96.95976548046924,7782.690292341456,5.893547587109915,Sedentary,4.0
2473,71.14382303799268,96.91750574836485,344.30363033983554,7.321543899876031,Active,4.0
1204,98.64188936115984,99.61112818741483,32.6032424686621,7.456372342830164,Active,7.0
3173,72.88554697031249,100.0,6309.842067775599,5.4559832443052,Highly Active,2.0
4818,55.49264394149672,99.50716865271198,26255.075157804746,6.973985466779875,Active,9.0
1042,92.7784154112886,96.54837307068529,5196.354466690119,8.93489565584273,Highly Active,5.0
4823,99.2117177414142,96.36772324635784,3057.5460407246123,5.380223355852476,Active,5.0
2906,89.91933628912493,100.0,19569.675858217233,8.55348613177113,Highly Active,6.0
1760,56.469550869400635,96.5320270039554,10743.067071601445,7.041979672749567,Sedentary,1.0
4734,69.74555831933998,98.18449611972147,8858.821739363071,3.8284858195003215,Active,5.0
4254,112.14609347077896,95.32274722616457,14.46084334210064,7.459689404715478,Highly Active,7.0
3895,57.34678019352667,95.64205503469744,2634.906072750915,6.168795851253485,Highly Active,4.0
3142,87.3113266629549,96.77578942738506,18148.33903969255,3.882782220729148,Sedentary,3.0
2994,73.61197959207209,99.79032061020426,3213.5655562882735,5.793211245526429,Sedentary,8.0
4445,89.16228287134622,97.42673361956192,2851.35348905201,9.149288431269545,Sedentary,9.0
2935,56.10017573695535,99.3938331055328,5392.929410742775,7.354895380554626,Sedentary,2.0
4591,71.25747900180635,98.35988854676076,4156.741967874146,6.6694823291420695,Highly Active,2.0
1899,61.52925487342119,95.24368535052974,13702.940526199502,7.295503875522,Highly Active,6.0
1359,62.38273681328572,100.0,596.5880427225193,8.014777506554282,Highly Active,6.0
2719,58.21430432626737,96.82933560955708,8362.552456627547,6.063510572559808,Highly Active,1.0
2887,60.69292130162019,96.7535385080864,2446.9553906050332,6.659978735557243,Active,2.0
4266,63.93418413462884,96.2563092439291,6895.001673981119,6.220302957764735,Active,5.0
1666,80.0089873054573,99.70560016089716,9034.982216609014,8.90600759431354,Sedentary,10.0
1092,74.6229532962689,97.44143538046286,1312.5708829846155,6.894552364576192,Highly Active,10.0
1671,75.5744173087807,99.27195674909042,1205.1872857165522,4.673903819879079,Active,2.0
3681,74.67656823166949,98.88014713746966,9722.399519852192,5.854512384268645,Active,6.0
4122,96.58803396479144,95.55828355756634,5295.630137575128,6.271709589455938,Active,9.0
4860,73.0366574054533,98.60517285481764,103.67919742456962,10.191218705631544,Active,6.0
2028,58.7723755743982,100.0,36119.054083999,8.530623039135204,Sedentary,10.0
2489,68.71454648767963,94.91117099977734,12395.059358398736,6.159948472872587,Sedentary,7.0
1603,61.19633953647558,98.76295727836887,4104.686194182819,7.596091009971559,Active,2.0
4900,46.943286405354954,97.41858204090587,8295.782163734126,7.660788449602333,Highly Active,2.0
3581,74.83061665851017,96.86610520834026,5360.719779261287,5.266018316913858,Active,4.0
2428,106.01590708951494,96.4843889327044,7922.409503450193,6.773937473177055,Active,9.0
4584,85.91110702491288,95.98815633052789,1176.730368009391,4.922657283340559,Active,3.0
3692,89.39697693110124,91.50753442702371,2790.919611668397,5.617238886873169,Sedentary,8.0
3280,70.69952330211032,97.12647423731056,125.43757066911316,3.2383444141767246,Highly Active,1.0
1523,71.7037247121358,96.3797587856837,28224.647369292077,5.931161700491071,Sedentary,6.0
3393,54.049998964694616,97.09835476552584,11496.096155973502,8.173358515144658,Highly Active,9.0
4117,77.95372203610566,96.38562429611656,18496.67873672431,9.498360336798727,Active,4.0
3593,75.83833919309998,98.98544131600316,315.9381753476754,8.737505229025057,Active,8.0
2968,62.15723318932581,99.13652220078538,4856.889895419011,5.921437674385669,Active,1.0
2101,92.22814522534804,95.39125422066576,9632.571838872587,6.489685569844592,Highly Active,2.0
2753,63.350472600870106,100.0,766.3977872648036,6.393156514801936,Sedentary,8.0
2836,117.71060779267508,99.30854121719388,10506.81465320814,6.185730654498679,Highly Active,9.0
4994,81.05169435018448,97.05619748166193,7298.977725334568,7.961478503712168,Active,5.0
4144,74.67190293682978,97.71947443053196,29377.1079382812,5.6728349272346765,Sedentary,6.0
3296,40.75446566557161,97.07753720216704,6946.106325690283,6.708114897411994,Active,8.0
3094,70.70667228210411,99.46462625065028,20580.01205241616,4.751068802124106,Highly Active,4.0
2144,68.4967924188691,98.57607264524322,9529.011215011642,6.3541840601552675,Sedentary,6.0
2079,71.84133057694574,96.77281955470336,23224.39836266218,7.631340282327933,Highly Active,6.0
3397,96.01503084673736,98.2809966136538,522.3385882773528,6.0256402670360725,Highly Active,6.0
1106,81.53060200901967,99.65052567445196,25869.48369342688,5.722325874631664,Active,6.0
3878,82.25984196959959,99.46870242220588,2531.929985519644,9.09570280109842,Highly Active,2.0
4644,55.6739979968621,97.5390517368262,5656.949391571204,4.799530595680228,Highly Active,7.0
1336,78.0294921392601,100.0,17060.0615024297,5.621879866386128,Sedentary,2.0
3851,58.135388905179695,100.0,13270.69755013102,4.05677344173818,Highly Active,6.0
2280,88.28999962162253,95.63834919475345,1906.199400114988,5.705304970624929,Highly Active,2.0
3055,44.43879519969515,97.39691313119026,4401.243123669017,5.306425241477066,Sedentary,5.0
1624,112.7956211606446,97.65474164622782,13109.380189150444,5.470155169940574,Sedentary,10.0
1798,62.16822432346649,96.43118356152496,9130.015253930816,7.811151103182834,Sedentary,8.0
2715,84.26592363151494,96.41456273725402,4019.736130822133,4.75302919205669,Highly Active,4.0
3766,84.39230570734775,99.91262439047816,5039.528527052656,9.33730849763288,Sedentary,3.0
1638,101.73264323502364,99.13268942385972,2257.4615442496774,6.511685947626769,Active,10.0
1055,55.05250754315388,96.33943993870125,709.3617745674741,5.312102006463449,Highly Active,7.0
1725,70.94931083165943,99.39758448724544,131.84944190982694,6.049478675100156,Sedentary,4.0
1473,86.13232761417258,100.0,2192.1549848820327,4.878120313966239,Highly Active,3.0
3125,55.25121921145461,95.60733793406158,8809.936275272014,5.686350099954256,Sedentary,6.0
4287,74.05193198321643,97.81407985409624,4904.6540153707565,3.7855054647871578,Sedentary,1.0
4457,65.52203092777992,100.0,6753.980655539361,4.196198410388263,Active,9.0
1364,87.66659922379331,96.21085739273258,5758.744127363726,7.416034266485579,Highly Active,5.0
3713,81.14228186825397,95.83608284373148,32.1199373853169,3.9160293294926993,Active,5.0
1525,92.63721335123452,97.00318189635672,12902.928256106585,4.647620755657388,Highly Active,3.0
3746,68.68405875628486,98.37079994581433,429.8708059806817,7.732823912386893,Sedentary,8.0
2335,73.25026129666415,98.23055453923853,3697.46927798042,7.551703643034721,Sedentary,6.0
1882,80.91172461621915,96.22447242304646,823.7519969077462,6.587914045504112,Active,10.0
2030,70.93424745696184,96.53496913493176,7599.470537404758,4.732886631627975,Sedentary,4.0
2026,79.48502304324523,97.81435713317768,2757.396105325611,4.72737934937515,Highly Active,10.0
2646,94.05222632949668,96.50767592663524,516.6725030464388,4.513996266488566,Sedentary,2.0
1918,107.00395919311217,95.89313080731252,324.89414810045514,6.299467370403668,Active,4.0
3797,67.67503830983928,99.05913779086198,1894.7813218925655,7.46172889796058,Highly Active,1.0
3410,107.21299699169978,96.84337480571428,7702.857184559919,5.863822977548688,Active,1.0
2774,67.46560994884385,97.00158091794071,8866.437798381445,7.827204460133883,Active,8.0
2531,88.03389843426758,97.30788809766436,962.2170136069358,8.915062802255957,Active,4.0
4345,67.58405897875852,98.58478758004745,1048.5377878481545,7.086641545929885,Sedentary,9.0
4577,59.55610709615313,98.11322705641123,6296.498904751153,4.619950816500645,Highly Active,6.0
3853,93.34089015127896,96.88441666311056,22069.379640849173,6.628979139567682,Sedentary,10.0
2906,94.2599750012269,97.57611417257064,8707.298656583946,5.553604185419595,Sedentary,9.0
4086,86.28021069092617,100.0,5996.517265875702,5.513268347858583,Active,10.0
2215,81.16671211970967,97.96392060128764,775.23664926477,8.209800215237424,Sedentary,1.0
3075,88.89672220237479,99.89280770052636,9986.028013721532,5.573581337524272,Active,3.0
1713,68.93205354678285,97.8313294832152,27161.03509962352,5.850766214988095,Active,10.0
2976,97.50923080702528,99.559564253942,1318.069617772681,5.778672316251614,Active,10.0
2296,75.679356709423,96.49195422538098,5845.7879586286845,6.682387870177498,Sedentary,4.0
2254,67.58861000585952,96.44504683286009,11095.490390614015,8.047210344555069,Highly Active,9.0
3133,65.67924829878396,98.11874427611878,20897.01597959621,4.5767981310407,Highly Active,10.0
4545,87.73731456120309,100.0,8281.743500707296,7.753953864740012,Highly Active,4.0
1125,71.39362298024469,96.56223260098164,2864.9743937670614,5.82779161440477,Sedentary,4.0
3859,80.43352559332477,96.95354851606336,4773.3206514530275,4.579716523876682,Sedentary,10.0
3192,92.6091848655209,99.18888148053934,10855.952091725148,6.593273859019777,Active,2.0
4596,77.25324621380247,97.0014425092785,541.4734287565697,6.860195762327976,Sedentary,2.0
4283,96.42253899349927,94.82526909720735,6658.705778948596,5.376475323583758,Active,4.0
2603,73.67782621553373,100.0,10768.183450894883,4.4108043136895265,Sedentary,2.0
1066,69.93346327363456,99.62069180327757,1783.71801343968,4.457001318290706,Active,4.0
1232,78.992204646783,95.7921381151267,4121.620849143946,6.381081593114357,Sedentary,10.0
3156,63.30438836153787,99.67667634840028,8575.647432087098,5.243747322482914,Highly Active,3.0
2169,83.90332708260176,99.77285743634046,5671.648927443798,9.612067852539523,Active,4.0
3158,79.51944523973607,98.05860970794276,563.3692183306978,7.074377769563501,Highly Active,7.0
3275,82.71298347546274,100.0,9383.05498584736,4.060586191939504,Highly Active,7.0
1110,54.5980857238757,97.78214079107812,12772.018840093402,5.380589468559802,Active,3.0
2493,45.15966199411577,100.0,1612.568012412022,7.553682949256055,Active,9.0
3081,58.01053633035123,97.76210397467982,488.629652210407,6.866895356924164,Active,10.0
1622,82.48677972190855,97.32999889484525,10956.52457135362,4.143426732672019,Highly Active,2.0
2489,85.10179662473922,98.66071846844322,7160.243230832696,5.319121665845746,Active,2.0
4440,91.94005188244648,95.5970860453604,11389.793351344706,7.464936849894926,Sedentary,3.0
3795,68.9323324902133,98.47608763054755,5852.607001320715,7.056851193512734,Sedentary,6.0
3642,78.1296302669721,96.36258498884952,3916.899720629535,7.364283916328143,Sedentary,6.0
4625,64.48460649379521,99.94179468326736,23092.57946769946,6.0800021012924725,Highly Active,7.0
3472,95.51095220714797,99.77540482918178,10597.61373301419,5.215131630486132,Sedentary,7.0
3660,64.35976131259739,96.47872937948544,3716.201320124297,4.585968828839441,Active,1.0
2541,92.6779280401306,97.1114145299562,16665.195273553083,7.9243715158031405,Highly Active,7.0
3739,71.23031744639262,99.93984287171232,35250.8599426306,9.415349306626144,Highly Active,1.0
2305,98.62868410153644,100.0,2579.5781575405854,6.9155075994220105,Highly Active,3.0
4514,63.688798279001865,99.50950828692513,1688.6982615595768,6.46871885519198,Sedentary,4.0
3910,107.5052560872688,99.523898683273,1228.0801132907905,6.405565237303613,Highly Active,4.0
1876,82.6793431432667,96.18214416847644,5788.711536014325,6.616435255171874,Active,4.0
4812,65.089002714122,96.43327567622752,16317.165436490832,7.699437308667132,Sedentary,10.0
4448,85.09906567440224,97.57767937992452,1208.381104209357,8.448942868332624,Active,3.0
2312,73.99946061801414,100.0,6043.954189153237,6.9062431405898845,Active,8.0
2460,75.86280634449955,97.01872447129185,5662.944580062498,3.3111270312527403,Active,6.0
3709,88.3645578676041,98.27499026502451,4293.547651509509,7.172474304863297,Sedentary,9.0
2733,75.2722614924117,100.0,5041.6305371052285,8.590192220536188,Sedentary,5.0
2526,62.716945206578984,96.97091898365936,16355.237431455978,4.3471932914526,Sedentary,9.0
3563,63.06003425070968,97.54626051736334,6028.211083948583,4.3252397155229465,Sedentary,6.0
4421,77.28062716147912,99.81376205121738,1188.958564569033,8.430703557397145,Sedentary,7.0
3890,85.41825156005467,97.91405705073328,22308.50182107525,7.180795105723528,Active,7.0
4517,63.838290523407835,98.44491102559994,6823.001301699681,5.731340306508733,Active,5.0
3397,77.7324143166693,100.0,396.153761059619,8.703703972880117,Highly Active,6.0
2630,77.27672352610041,96.3475196449653,15899.326580822046,7.6762394526336895,Highly Active,4.0
4735,55.65548238247084,100.0,8277.660632938296,9.49952858406309,Active,1.0
3870,53.35801948276408,97.64296316894948,8095.726849298445,5.171705998679623,Sedentary,10.0
2160,48.25356803041965,99.82712789894838,816.6204399099526,7.959493877498977,Active,6.0
1758,95.57128502856298,98.23521373240835,8734.57772170307,4.311335204659673,Sedentary,5.0
3946,93.18676426415227,95.62140008860544,558.1317541463367,9.340856251178614,Highly Active,3.0
3590,56.776325328243786,100.0,2754.9072255492774,5.939790754959318,Highly Active,8.0
2063,70.83712483290135,95.9045263454328,164.0958907353615,4.766389198610286,Sedentary,5.0
1919,61.46935828050733,98.01490513774291,12609.507480982526,6.824249654263702,Active,4.0
2246,69.28499657897918,96.03640990128108,1385.0723343888076,6.474451875554335,Highly Active,8.0
1005,70.60708575588743,98.11685816529872,12133.015904536587,5.549625227998135,Highly Active,6.0
4393,86.07130193856567,99.18075305982552,4584.6248142380155,8.236178999867516,Active,10.0
1467,41.89153192235964,99.2601130192706,22173.062549803763,3.951138371640433,Sedentary,5.0
2755,77.53993665995813,98.75051973077274,1050.137692502859,7.359943152760927,Sedentary,1.0
1074,64.54778639364498,100.0,385.36928304378586,6.778583879321448,Active,2.0
1003,66.96687025099354,100.0,13053.920712587476,6.4895107156992315,Active,7.0
2870,86.31689584995455,96.09372341352504,3145.760377798327,7.445191051502848,Active,2.0
1117,77.69895467717008,99.14229119641236,5019.124900711713,5.34538022909789,Highly Active,3.0
2629,83.69411025206898,96.90066668693926,553.3053359090377,5.710139149608143,Active,3.0
3551,85.60300175612323,94.7468523746463,5607.06435565249,6.144532250470611,Sedentary,9.0
3021,83.57857517697371,96.89742575031302,3941.8142837491814,7.580038414351797,Sedentary,9.0
1946,85.78898781196877,99.28889925141584,2911.581693292636,6.66563598220461,Active,7.0
3621,61.78796503705676,100.0,2995.3839717568294,6.544578847991599,Highly Active,5.0
2464,95.48510526715704,100.0,18648.97892560151,6.846847854492064,Highly Active,2.0
1846,80.55516734173976,98.81564770413424,4243.896641148621,7.855195413438468,Highly Active,5.0
3762,64.78662640170174,100.0,4751.981532848993,7.348230358065023,Sedentary,2.0
2415,49.232794018730175,100.0,8907.355096139432,6.508337384192982,Highly Active,9.0
2458,73.22324915301826,97.75371992904456,6795.833447649088,8.464032964792708,Active,9.0
3220,95.80363251089514,99.38889029261072,3562.1526209359695,7.4968092111628515,Sedentary,8.0
4371,102.29508856958316,95.2977372944984,8876.260802134084,7.350674691831926,Sedentary,10.0
2668,73.05538936131593,98.7806375865996,4389.573662555225,9.04882310253654,Sedentary,6.0
3373,54.16456769095228,98.87748781228215,1763.6204191508964,7.543219925475899,Sedentary,8.0
2433,55.4081886170287,99.46900973467216,11885.21515310082,6.427182180401483,Sedentary,3.0
2141,86.57803969113515,99.74870953276468,10150.670247749393,5.734020331992594,Active,3.0
3883,85.62235883711739,97.32074213099456,6912.44250916833,5.6755743027570835,Active,10.0
2810,65.88948572814937,98.87790083273534,5166.238840539104,6.913561777931976,Highly Active,9.0
1723,57.38658105326456,97.17109158282172,1636.7433653144617,7.950007297138251,Highly Active,1.0
1224,89.88412094159807,99.91811809302776,14193.475863915904,7.966915671991242,Highly Active,5.0
1531,56.580162250791126,98.41135332323128,715.7202515896897,4.429295199254065,Highly Active,3.0
1112,68.33531713744627,99.93906985348436,3382.288991360549,7.886863411035295,Sedentary,5.0
1558,44.986418273177065,95.41695465676604,6336.880682109435,5.617448916884472,Highly Active,6.0
3048,89.30022382854092,98.63971224826729,4041.4991703416654,7.049079897803902,Active,8.0
3137,110.70422055343003,95.49271806582728,10970.041959885337,7.681517409304274,Sedentary,1.0
1653,76.70833232797244,100.0,31904.02859224498,4.6501697455276805,Highly Active,8.0
1319,74.48021084454507,100.0,1464.8001086761103,6.826061672311417,Sedentary,5.0
2573,75.66488151548205,98.92216856318365,364.4562120290621,4.068183798595184,Highly Active,8.0
2828,78.37274083057949,97.37223486740572,4352.1443780372365,7.687868645803315,Sedentary,2.0
2917,64.05039907384929,97.30464469110132,2371.806978370918,4.835622426564231,Sedentary,5.0
1138,58.13501012160775,99.7908787072567,7692.068531084245,6.7861203448047105,Active,5.0
4939,77.30402879797985,96.27738920891716,4838.0854966711895,5.644319438604601,Sedentary,7.0
3892,60.02384339945026,98.8407539576542,3069.3397037166915,3.4993035576955296,Sedentary,1.0
3026,54.80087059665891,100.0,1656.0226030435183,4.401284800930365,Sedentary,7.0
3306,68.39369808638484,99.13495917165189,1680.731239973217,6.387221305324755,Active,10.0
4744,54.99882920794742,97.2567724126654,3425.392573729388,5.104820837451129,Active,3.0
1901,85.07695417779371,97.55469349741816,8016.31331996077,6.022062392219524,Active,3.0
1689,40.0,97.25409936143332,2878.437133748615,5.319778661263722,Highly Active,5.0
1009,96.20294707643772,95.57784284088358,3873.7037540133288,4.697414788424361,Sedentary,3.0
1260,71.67422259282326,98.21601696303924,32866.778667201084,5.785766907296126,Highly Active,4.0
2942,77.75893989407395,94.88303995869238,669.68614333771,6.098054762866858,Highly Active,8.0
2673,73.06620437990715,99.55866344717656,2443.45266501419,6.544296583152786,Highly Active,6.0
3945,91.42789649378292,100.0,25683.75144259839,6.576836464099275,Highly Active,7.0
4713,84.85142967558768,98.22129764547564,1545.6698401290091,8.347017263487425,Highly Active,9.0
2619,46.040216478982195,95.69037435922834,89.52846955249605,7.594288417287938,Highly Active,3.0
2342,67.21564376034785,95.70333869193486,7132.782364452048,6.168821903954427,Sedentary,6.0
3376,67.67424345666886,100.0,9813.43386619437,8.73092260004881,Sedentary,9.0
3832,80.6263135760077,99.18680171442524,13796.051098178348,6.70228102562248,Active,9.0
2994,81.89005387178472,100.0,604.9517132565155,5.007784330902589,Sedentary,9.0
2943,84.4715013781079,98.49818172784056,4005.821654846066,5.977965267668733,Sedentary,8.0
3038,80.41393084485217,98.15376281362116,20112.707966336187,6.60816396938957,Sedentary,5.0
4490,90.72974841710308,95.56632189438643,1069.2205334306764,4.699076616413016,Active,4.0
4677,40.0,100.0,8225.99167968266,9.291474084948618,Sedentary,6.0
2118,75.40146596628358,98.61422254411578,486.2557252239497,4.96914758187683,Active,3.0
4888,79.61780165440054,96.94585957002748,3615.6764674058145,4.666943265160683,Sedentary,3.0
2604,52.781464325385535,99.04241397261292,12903.287334278866,6.374137012206616,Sedentary,1.0
3365,78.31156827632547,97.0074390706949,4325.752294709418,7.198684459566474,Active,10.0
1235,88.72425987808874,97.61116782155736,239.3394656389588,5.150924440639788,Active,3.0
1333,84.84809073204039,100.0,632.3106196723895,5.759760204973399,Active,4.0
2908,90.3412999300597,95.74631202546146,3672.523228745726,10.167755751623089,Active,4.0
1375,95.13695658243972,99.55330310441065,8351.20810170102,7.000206277038886,Highly Active,10.0
4530,92.4323082128329,96.59268327604468,7559.029860381436,4.8725535626050505,Highly Active,10.0
2160,95.48410149376028,100.0,8884.30963514808,5.444670580605306,Active,7.0
3635,67.50678696676188,96.16657179413798,3389.4677046653405,7.239724943802955,Highly Active,7.0
2570,69.14801471832479,96.21291962702924,2157.8568116699885,5.281785259790797,Active,10.0
3560,40.0,99.5354669124735,410.3205763748276,6.3855951059637865,Active,5.0
2319,59.022479014024576,98.00285870355702,19880.122961072793,9.45461572649163,Highly Active,6.0
4391,93.27673590178708,99.63351788940764,881.1673005123172,7.459708612076911,Highly Active,1.0
3965,65.9271523900779,100.0,1374.1837275006862,7.392207550828838,Sedentary,6.0
4643,80.96382559276798,98.38197501110037,177.23040712298717,9.47595522717864,Sedentary,1.0
2855,78.6108991418517,100.0,2670.547257066187,5.361626265681275,Highly Active,10.0
2372,93.61029247715014,94.11152642011838,11958.89195159189,6.475157663456446,Sedentary,9.0
1872,80.04551089150287,100.0,23576.62203489726,6.117165676053739,Sedentary,2.0
2252,62.13303791041496,93.65376234266311,15613.843780038243,5.816481920372706,Sedentary,6.0
3317,89.4037017369812,96.53944093387447,1388.9188269615545,5.512832058162527,Highly Active,8.0
2851,54.01447055114163,95.37055551592437,3115.3453332456816,6.056809034732881,Active,4.0
3845,90.96803770845588,98.42970183173564,9736.067538481631,5.5186621252869745,Highly Active,5.0
2314,42.66471360576928,98.50606307612452,26609.216049618783,6.986290294035,Highly Active,5.0
4236,72.90168085983015,99.60547838558143,2034.4552180855287,8.025326284045887,Active,2.0
3052,78.26489691696885,100.0,997.5828257455842,7.588660864012294,Active,7.0
3898,46.978743774466224,98.72781473004166,4784.591768260314,7.1690479663523785,Active,10.0
4450,90.64364093377336,95.33533192295636,1500.5993593431665,5.8119374361711325,Highly Active,5.0
1077,86.30340037592599,96.8887753862115,1807.9032017665888,6.566106305903488,Highly Active,1.0
4481,103.54969622136367,99.36963590026004,7044.116985365718,6.3123947889258405,Sedentary,3.0
1131,63.95384984312855,96.71323184822728,900.3504579061716,4.491409778999887,Highly Active,10.0
1600,58.9305169459968,100.0,1167.9885588498412,6.656854210046792,Sedentary,6.0
2772,68.6911269833994,99.18149742381328,137.3800710909438,6.9876627929547075,Highly Active,1.0
2065,107.71222574556276,100.0,1736.177856145038,8.666083816385596,Active,8.0
3136,75.71410746669237,98.76088342397716,15281.99846668808,4.9897473249331785,Active,9.0
3449,76.35380838516984,96.57356849288772,11026.383140799218,4.721819592497099,Highly Active,6.0
3343,95.6919137445252,100.0,3750.3947812811825,7.975183175263966,Highly Active,5.0
2863,57.532067608822146,99.3652677050293,9481.782131053798,4.231726864420342,Active,6.0
2318,83.08440421556352,99.06844015388958,3657.563315159792,8.683345730350013,Active,5.0
1615,82.74514500816085,99.80784302836342,10995.022601864724,8.274560299321598,Sedentary,2.0
4597,89.36036182667667,97.4790110229011,1405.7882996876003,7.371815355688737,Active,8.0
3847,87.7844017545101,99.14455701882406,1158.3944637046216,4.224030987180658,Highly Active,2.0
4762,74.11963270606029,97.78595790061163,568.0194743027198,6.2608071742576925,Active,4.0
3469,66.5267992991287,95.31301402829196,1107.3611432935083,6.93387346617174,Highly Active,5.0
2888,87.63143951847654,93.96751238499496,11218.674227493928,7.330887705407253,Active,7.0
1574,56.65600868031159,96.52020616603664,5082.6958422072985,8.091660597444601,Active,4.0
3190,55.668419772173074,96.99687462725636,9879.767667894856,7.280653479932107,Active,10.0
1992,51.39144863702593,96.46034860596838,7912.334358565583,7.2658772509530305,Highly Active,9.0
3712,63.494251294595934,94.95438253164885,1602.2792647335664,6.164854497421536,Highly Active,9.0
3192,89.21341778457125,100.0,561.4272153643633,7.082232470089938,Sedentary,10.0
2248,94.7428675547464,100.0,16993.994541328106,3.285719713876367,Sedentary,7.0
4054,43.820146254626245,94.4064619096501,6809.911635489619,7.096421465843712,Active,10.0
1502,56.92238219274415,98.7746081491902,8582.662899981317,8.986685575512212,Sedentary,2.0
3665,61.9848556813225,99.61794257522786,1935.8735811274232,7.496149896028287,Sedentary,5.0
3151,69.03874559942318,99.55682319768516,567.5735628345124,8.313946352159073,Sedentary,7.0
4110,82.70728835664585,96.15919194648043,11265.240962902017,6.201175821050619,Sedentary,2.0
2970,46.10031494137503,96.59307642547954,7439.440390826615,7.977829742834953,Active,9.0
2669,95.49601454264156,99.38741506005402,5895.7687225748505,6.596729542568579,Sedentary,10.0
3626,96.06767712635094,97.55837198734548,6037.74281616256,8.525881338285089,Active,3.0
3438,99.97118599084058,99.38272657061395,6420.612264455376,5.468530991059543,Sedentary,9.0
2202,80.89880595996705,98.02492978327489,10732.494842541915,5.5254006819713615,Highly Active,3.0
2471,77.62293513742324,98.243742201712,8009.635412687263,5.106350354193651,Active,9.0
4571,112.91577718572796,97.92504327673092,5631.768998229052,5.839712421170852,Highly Active,5.0
4086,67.04153143295018,94.884244346133,4783.871706579949,6.424855154762039,Highly Active,2.0
2646,102.49255038043626,96.09755996310362,5449.510520904227,7.17338607862472,Highly Active,4.0
2692,40.0,100.0,2224.1042115871815,7.821849210128791,Highly Active,3.0
2312,83.57978042807241,98.95280067861356,264.49925203042557,4.506131407098872,Active,1.0
3035,84.7089773155754,100.0,9965.472384475215,6.664531886084542,Highly Active,4.0
1477,80.60379074919707,96.227413056177,17353.04460280934,5.025243976703746,Active,1.0
2254,81.58596488779101,97.99125535997858,4587.75831307787,4.504861904794525,Highly Active,1.0
1922,82.84823237899181,97.60528746263287,12736.870877618308,6.986354731896211,Sedentary,4.0
1419,83.54983357697817,95.91048493062318,5671.801925353574,6.652454734859143,Active,7.0
3204,70.03890620269352,94.63732288136237,18645.107853782825,7.240086986225816,Highly Active,5.0
3597,70.93453605947691,96.0209875677212,4970.878785599656,7.369638962405151,Highly Active,8.0
4512,54.58776260494457,100.0,1604.595425002867,5.776562231306094,Active,7.0
2120,85.98733562109169,97.04441371039698,14287.746945718654,8.1415352908765,Active,7.0
4068,94.5341378661715,97.36940053135834,11275.58462280342,5.122264037340094,Highly Active,2.0
4044,101.16576927263986,97.98139885670844,3552.6096599386974,4.91660427237842,Highly Active,4.0
4482,62.68379985428577,98.32554484648,12912.20393736891,7.097288869393606,Active,7.0
1950,49.13880452062571,97.3974238661808,63.641739352670854,6.822035252258921,Active,3.0
3336,80.64466244600031,97.22226666746155,11257.223039105533,5.285313553473472,Highly Active,3.0
2277,57.66560816226756,98.79546425086087,8154.165782635383,5.250872404019848,Highly Active,2.0
3243,83.57652394458012,100.0,3342.6171922149147,7.069820303177764,Active,7.0
3645,41.91982744979009,96.7686380383538,10977.595770396198,6.875273025438016,Active,3.0
2857,91.30814192657095,94.9385639862546,948.0274242077124,4.942692866003029,Active,2.0
4593,77.29920520815911,96.74567590389478,1591.1102096978557,5.535506655689188,Highly Active,6.0
1516,46.1799227755467,97.80055593366356,5338.68180980917,5.133780382668249,Active,6.0
2658,79.56123969049054,94.31734031114624,14901.969006601785,3.3202367299368,Highly Active,3.0
3853,40.0,97.40910397844816,9520.388677374,6.041576549124379,Active,2.0
2932,67.93188662657711,99.35418105758612,6921.298627267856,5.04192507827844,Active,3.0
4230,73.66454962450494,97.9363961571105,19802.166228302875,5.188269352607173,Active,2.0
1814,70.56941286693258,98.31365984460818,4606.313620354083,5.1870671512603845,Sedentary,8.0
3275,69.73457243728066,97.79153875507772,14856.131144821044,5.721904211583663,Active,6.0
2900,90.81675340728738,98.18164630399114,6765.428107503988,4.178417579174154,Highly Active,5.0
3263,49.03102398049035,100.0,9361.640871010184,5.919959907012098,Sedentary,10.0
3995,70.62774430857418,99.1496027040274,4376.224360101501,5.638086204227395,Active,2.0
3062,73.35863904304101,98.33123322456096,808.6256665891448,7.305882930000799,Highly Active,6.0
4228,60.34029017285593,100.0,8027.204345027043,5.926230472644339,Highly Active,5.0
4332,89.67882920087712,94.38599871759769,5866.932533762232,4.856988255493614,Sedentary,1.0
4228,108.17303114915384,95.95709494289626,9594.306757480752,4.605746424810407,Sedentary,3.0
3094,84.60406850197515,97.80215004576196,10808.229406862236,6.358733640379807,Highly Active,9.0
3371,86.4342138642612,96.41406474958214,4988.5984479652825,6.653260692522582,Sedentary,8.0
3891,74.9342708497018,100.0,2643.2719375697206,6.289744311978907,Active,10.0
1129,83.48291987721812,97.90767933056588,3757.136715712088,7.530982822252614,Highly Active,4.0
3802,64.01824491662285,100.0,1932.5264258128873,4.934762327384739,Sedentary,5.0
2955,117.15926886369355,97.49269337375232,3154.2845325832072,5.4029850103859305,Sedentary,9.0
4363,85.06055188257908,97.75548920966226,13232.43491333043,6.996687438162066,Highly Active,4.0
1793,40.0,97.25532618746932,163.88185785342722,5.165558078066532,Highly Active,3.0
2834,90.283980266754,94.51838798493112,10645.78365368069,5.313095065967943,Sedentary,10.0
4354,59.65344590377325,100.0,3624.3825651045695,7.1459978501220425,Active,9.0
3116,66.38528619131107,99.43942038228688,11243.32006332556,5.35414451573895,Highly Active,9.0
2683,113.26410052790898,97.96520764383924,5626.860406511831,7.943293955086206,Sedentary,7.0
1010,99.83274337000005,97.06500462917984,5237.759154473064,6.178596716043883,Highly Active,2.0
4325,104.9716730375304,95.53834958786494,8465.039925518426,6.240763827020651,Highly Active,9.0
2865,65.8905168783719,96.91265669472337,11491.335880981876,6.8768986461460795,Active,5.0
3597,78.27998433887835,98.6318131771133,4193.956079012379,6.919972141481907,Active,9.0
4205,88.025958445313,98.9347235344923,2708.2493312298766,5.123745308390788,Highly Active,7.0
3070,103.17559805203663,96.26024701590364,5149.133700336601,4.3806481002651125,Sedentary,3.0
1814,82.36778590177283,97.8549114912404,10709.884230196343,5.816984345170073,Active,9.0
3349,63.30015514481759,99.35347894047096,7227.561685530221,9.738008439198078,Sedentary,6.0
1362,68.71682141559256,95.19383724309216,2283.468244439636,5.610356360066764,Sedentary,7.0
3443,78.6851126528246,99.15421802529896,14046.284265177836,5.518879915272017,Active,4.0
3188,90.71586598530313,96.76326910032786,2111.5296213950337,6.832440850293202,Active,8.0
4687,91.01471567574976,98.6430586938842,537.6912486570297,6.883537143037069,Sedentary,8.0
4005,71.41405380618843,99.18355507186985,572.743797077534,6.116440447342046,Sedentary,4.0
4281,84.86956771199863,94.194225808751,13879.8314383377,3.528970158683709,Highly Active,8.0
1984,105.62781130294648,100.0,1836.1884479765415,6.795995390522271,Sedentary,2.0
4040,90.66896171067704,97.9136664545161,805.4266368044683,6.428656151219235,Highly Active,1.0
4694,84.78002183779122,98.92187351987248,3043.406747599465,4.116550026783546,Highly Active,9.0
2639,94.42975142407404,98.86769750748728,8751.19491523623,7.372153978481003,Highly Active,8.0
1827,100.21230250941258,98.33477140254564,2904.696154716267,7.594605548055837,Highly Active,8.0
3730,97.76871429334516,96.95622079912128,2590.145910845629,7.337004883819647,Sedentary,7.0
4531,73.92032094423917,98.18440300976523,4686.9132807783435,5.889649209393689,Highly Active,4.0
4249,88.5342749980789,98.00736185544964,149.99665901523213,6.83139245203043,Active,7.0
4055,74.18333863577963,100.0,32249.519398851626,4.421775154391,Sedentary,4.0
2347,82.18862429781886,97.39050659449096,11243.303448858624,6.351563947793734,Active,4.0
4204,53.27330726517895,96.16412290281926,511.69754307359545,4.246795024956253,Sedentary,5.0
3935,80.52964710674621,98.08921549239328,7445.875304872338,6.299796227920212,Sedentary,5.0
4876,64.62837936912817,96.52869825142604,4327.735421727469,6.4220406604798255,Highly Active,10.0
2863,57.20834583407794,95.7767083559942,12250.906837678567,5.273964554481822,Highly Active,9.0
1126,86.92371092563869,96.5165164813968,726.0702183580986,9.411311479190031,Highly Active,10.0
4056,78.29980452422264,95.42845592952948,10962.673962045445,6.818327702534305,Sedentary,4.0
1603,71.45437764185738,100.0,13242.575037268252,6.213596274710704,Active,8.0
4870,65.7503384432099,100.0,5274.974790817112,7.909228110857711,Highly Active,10.0
4449,76.76355657721423,97.93409055104682,139.25519261163015,5.9981960253071644,Highly Active,9.0
2928,54.566276292064,95.83386630401246,15691.419323866305,4.599412628567759,Highly Active,5.0
2013,73.55641443916883,94.24563729436576,3377.540730036552,7.122368763628501,Highly Active,6.0
4100,57.00785162115166,99.2987228933954,11957.550287261323,5.227804592046441,Highly Active,1.0
4533,96.39237451074293,97.7589119713857,3789.8252366611327,5.734461794836913,Sedentary,6.0
4367,106.30196706652872,99.88347034911764,1474.9633098408272,5.791226464092223,Active,8.0
4368,63.21737719812579,97.14179833990296,11321.52375056374,5.980345973750934,Sedentary,2.0
4797,79.91413437512853,97.4235216882255,4283.7538355654715,5.860973673921069,Highly Active,1.0
3826,55.504059448268094,99.07669455037026,6552.054247620664,6.688462561854642,Sedentary,4.0
2430,53.259443507161365,95.32397879677616,12126.04254075707,5.480253477574606,Active,3.0
2792,77.50755019402459,98.40288369694892,5173.195776421377,7.152470835017195,Active,2.0
2636,66.49627395716757,97.53594112765948,23223.4951792328,4.595932886918021,Active,6.0
4417,63.241089136757,99.37804935056911,36109.19598316065,5.882842638424576,Highly Active,10.0
2645,88.36639933997066,94.83268290663382,42.299311555886895,7.956543960355781,Sedentary,9.0
2205,84.63763591833836,96.60618415047604,8543.917179452654,5.808656084163593,Active,10.0
4030,69.21593706312628,97.76572748507864,16573.74411341679,6.439564416187585,Sedentary,6.0
3872,58.866574541081974,96.02419475142646,10609.623336215212,4.685100939933193,Active,8.0
4072,94.69140988509062,95.88762169310098,2066.4988787375987,3.9404514051376975,Sedentary,9.0
2854,99.61751864208658,97.66449892146908,1951.5596135004705,5.018511213803058,Sedentary,7.0
1566,67.12638453890467,98.16106266741222,3086.7755799827555,4.926820095012085,Sedentary,7.0
2934,83.00906097088591,94.83282322941426,19842.24295774718,9.367073302961591,Active,10.0
3708,106.13679331862993,98.63715036098289,7192.59731640231,4.675662543986048,Active,5.0
4502,89.15446226725346,97.21416911808237,5335.584827973125,9.132146534483615,Active,7.0
4016,108.17997299301204,96.8065056832383,4899.077034756541,5.431160593191913,Active,9.0
2332,69.14423850884563,99.66667518959991,6285.943982875934,8.967352649705518,Sedentary,10.0
4208,55.38577739717965,92.88962220679734,8679.930886734537,7.157970102511053,Highly Active,7.0
1201,97.56462004053566,99.05045211155388,11093.19503437872,5.01125820962578,Highly Active,9.0
4507,77.57706736074006,100.0,8388.746167487778,8.982503003708056,Highly Active,1.0
3360,61.604140429756384,93.81627433185682,8546.215802485352,8.922168240069865,Highly Active,10.0
1116,103.0848126107958,94.08919015797888,21217.167642789584,4.908827287393719,Highly Active,10.0
1216,58.20315186996829,95.58959899353349,12157.849817702714,3.59455267056009,Highly Active,8.0
4874,84.02415723881339,100.0,310.2987001194609,5.907405132381223,Active,2.0
1574,55.47377817132886,97.46156401749936,7736.653538626405,5.9180928921852125,Highly Active,9.0
3291,90.3352603349465,100.0,4248.539485716535,5.8865090458171725,Active,2.0
4740,78.77235051994175,97.41384145972224,8114.829362903879,4.496176001042483,Highly Active,6.0
3122,79.75019489684975,100.0,8778.317501288439,6.164192868837851,Active,5.0
4877,78.97377505838791,92.8878460996044,14250.72167679924,7.632229635050274,Highly Active,4.0
1385,55.68459279201884,98.21873525329062,16854.932379229416,4.527136539234055,Highly Active,2.0
4974,72.08202878707178,99.0880855773694,6534.564084144954,5.174790045276355,Sedentary,6.0
4281,95.60382164006135,100.0,15721.06743795931,8.172835781167658,Sedentary,2.0
1474,71.96974922037451,99.78899962518898,10125.929508247582,8.517450231728512,Sedentary,5.0
3394,68.3239335129681,100.0,251.65308634664424,7.786258387671923,Highly Active,1.0
4600,56.12555207484195,100.0,69.56272871264467,8.835150933108515,Sedentary,7.0
3687,42.27401654548287,99.29949200222406,6183.770230235831,5.889228859652209,Highly Active,2.0
1938,72.35338623970537,95.97650991783064,5161.057850135432,7.687473083553838,Active,3.0
1954,76.50015749012707,98.303607138092,8343.584597788462,5.865791864177935,Sedentary,1.0
1875,85.48327402176926,99.64246396873526,12952.914503231816,4.470161647083923,Active,8.0
1762,82.01047907227709,97.44428405037662,1257.5927636451495,6.505424403419375,Highly Active,10.0
2202,84.21971123564548,99.39725539200134,13586.614180589511,6.133330754099902,Highly Active,3.0
1024,62.377486926910336,98.29936988747518,13302.577495027945,6.159796465143172,Highly Active,5.0
2990,70.24333078873424,95.2624036475343,8357.13633563145,6.918022847934865,Active,6.0
1709,69.1513321038002,96.56802266749986,686.4815069075482,8.061085029160502,Sedentary,8.0
4572,73.34674084116592,99.15601972944198,10538.291140331894,6.370207344490622,Highly Active,6.0
2879,81.06276962877169,95.72764388236097,1720.2244375892096,5.679524073431896,Sedentary,7.0
2184,92.51191784567057,100.0,4070.452814785595,8.509807028578763,Sedentary,1.0
3224,77.1300465785474,95.95375489222027,5297.964407858086,6.350464590938057,Active,10.0
1062,68.84884742076135,97.70103338221068,4678.336184492287,6.755242336582289,Highly Active,6.0
2002,83.10009157353201,99.04151007489018,8301.400779962227,3.761306021920646,Sedentary,8.0
1661,70.57334983389818,99.46492625509714,11775.499506349995,5.795474149113692,Active,7.0
3713,67.99048534677098,97.60038373512664,8739.396667054723,5.693886267939374,Active,10.0
3203,61.02000333704878,97.66884651408084,2491.753457735634,5.315606276160969,Highly Active,6.0
4953,92.90223472894444,97.6233439449702,15729.1355651734,7.07008223628346,Sedentary,5.0
2492,73.17633723371517,94.07921704948032,5598.448570316646,8.116312295894843,Active,5.0
4120,73.27144367099052,99.66807575976956,4383.325601021372,9.03883316310025,Highly Active,5.0
1966,85.19834512059121,98.08331818650036,5990.437026472953,5.75642743497013,Active,5.0
1848,54.56459949171775,97.31999805175109,4620.966191723816,6.075824835642986,Highly Active,6.0
2107,75.62980687801627,97.7373036431237,9848.62208171815,5.480424428639404,Highly Active,5.0
4432,97.57982589029228,97.11471070766028,3821.108323549503,7.307185780426207,Active,5.0
1688,74.04249766910557,93.91965084102642,10495.399248247591,3.698723442842899,Active,1.0
4701,77.95756265976699,97.98519742963624,2269.167903235805,6.937226752250159,Highly Active,1.0
1341,90.92016557629248,96.37687264765287,706.0271457218907,5.565325765226668,Active,3.0
3523,78.01837396531442,98.1026218244437,13324.690719038706,5.85652713309959,Highly Active,1.0
2086,112.02877340494004,99.69641557270688,1295.2027995983617,7.987059787047242,Sedentary,6.0
2724,78.46914503642314,96.8091537379063,221.75344920330716,6.41482904647247,Highly Active,6.0
2383,68.46370831158757,95.12199117583118,3602.974570608597,8.292022732337797,Highly Active,6.0
3608,97.67920246304232,98.09979397030502,2052.610038572724,8.95601279164011,Sedentary,7.0
2792,66.00597826669984,100.0,1323.8465124793154,6.063846396244784,Active,1.0
3262,63.33968438038553,96.28107383740084,5540.133795884057,7.655528995693437,Active,4.0
3482,66.51280317573809,99.11253461427042,1016.3575224241824,10.21139668556451,Sedentary,9.0
4962,69.55019311041576,99.04637672684132,4845.790827704545,7.523805494129733,Sedentary,2.0
1951,87.49072082895489,99.23607585629456,2993.2214723714787,6.777145479789535,Highly Active,2.0
1722,82.25303810903502,96.82780464273104,1577.914620805704,5.8002889800101665,Active,8.0
3079,83.41258797132299,97.48928803733536,21984.687560140632,8.237143708112827,Highly Active,4.0
3717,73.40489072914738,97.97469297162276,5810.317980036687,7.623114315749358,Highly Active,7.0
4376,64.99589648694763,99.0401062226776,6127.149116713922,8.05025833049088,Active,9.0
1285,77.30385384517133,99.79781196598492,1037.3630080278604,7.956137122570105,Highly Active,3.0
4215,90.16771240181862,95.66611004278272,8282.107542789014,5.098867193769773,Sedentary,3.0
4495,82.48986921341215,96.54236267792491,7475.270055226214,6.4664119874968655,Highly Active,6.0
4090,67.62079982370298,98.0541636261357,9.72444206800503,6.6707802664917955,Highly Active,6.0
3065,55.798906389797125,98.19370514561288,13450.155932424535,4.6989043060339615,Highly Active,2.0
3637,79.97506651287894,99.26774488856732,1524.468377118841,5.561207387503464,Active,7.0
2394,89.53834198789238,98.55293493746946,22.70810488951715,8.062445178723403,Sedentary,1.0
4246,81.88144193961261,96.65787231953053,25104.295009938513,6.206466437841258,Active,3.0
4057,102.07443784622032,97.00142138371932,9836.33505628782,6.694945677536545,Active,3.0
1193,71.7543024273265,96.0778166678263,3179.4764068525105,6.962624786346553,Sedentary,7.0
3549,75.62112401209964,97.04308952734684,3969.160370164503,7.446747132475661,Active,5.0
1987,86.85706097752386,100.0,5418.382930003309,7.251705762936483,Highly Active,1.0
2136,87.94523704856805,97.77618595232316,8876.541089453378,6.60122137367491,Active,6.0
3161,79.90643933088899,98.3642300667949,1329.0697893925058,6.292380107981805,Sedentary,10.0
4293,51.133585498217705,97.1193327419066,1524.7334494631295,8.141803791266438,Active,7.0
2701,48.48051591281973,96.12745044967365,346.31492331411033,5.760674482463992,Highly Active,6.0
1946,69.21075960155082,98.29490561576864,29778.75334589565,8.540200596771104,Sedentary,1.0
1830,75.32722575834005,98.29872423628431,14588.139347040596,5.643779104641833,Highly Active,6.0
4715,46.98022467419263,100.0,5635.719316263671,6.0744979450468675,Sedentary,7.0
2920,74.55286181600357,97.02089004225382,3938.193794651366,7.56247734640293,Sedentary,7.0
4335,84.76780678354086,97.12069152702976,1897.518160652015,10.047931927232463,Sedentary,4.0
3972,74.11200417518145,96.4499030979154,6326.78016545337,3.595720379488328,Highly Active,1.0
1054,79.42689829297936,98.44082670515463,8209.814589358584,7.79871178232619,Highly Active,4.0
4942,83.81726346686563,100.0,8179.851646823039,7.208949439027773,Active,2.0
4714,50.98097810271652,100.0,45.19857422616808,5.819962796870646,Highly Active,3.0
2481,71.42840636264002,98.66416157484444,854.5144793152883,5.310669119862309,Highly Active,3.0
2901,65.08362225756221,98.8954411775422,9856.25955537018,7.141984017492971,Sedentary,10.0
3209,91.10829624222104,95.04767428896804,12130.68105441752,4.9875484192759245,Highly Active,1.0
3134,95.72017902316811,93.41724614812502,8716.1451204475,5.5042747113987875,Highly Active,6.0
1054,110.87741579463022,97.51566703414665,712.3291277542106,5.819937936972229,Active,2.0
2201,84.186715878249,97.77083074072284,13272.943497978604,6.449285954998332,Sedentary,1.0
4462,60.09825236950938,99.89970483498088,4209.9462229454575,7.217793484305915,Active,6.0
4420,70.9218775213582,98.05322555783916,3911.4868380159814,6.887058195798088,Active,2.0
1832,64.30768477733649,100.0,19055.05288260306,7.047935072964364,Highly Active,3.0
1312,76.22974708105784,97.9332512951085,254.55424043230045,4.955439729992757,Highly Active,7.0
3806,89.23104411641597,95.6345771656448,4652.803191139665,5.769598265639173,Highly Active,8.0
2858,73.82527334555748,96.73398604327744,1228.458274866031,8.88604524312319,Highly Active,7.0
3007,59.42018379707882,95.99286806851372,2238.6048098735546,7.4590657895181245,Highly Active,1.0
1786,92.47329942808564,97.82144513115963,7679.241929298852,6.504142234137249,Sedentary,8.0
3490,95.83552013322296,97.4381802482292,969.107099879324,7.174913706615639,Active,6.0
2790,80.52869548180348,97.58561301959996,79.34140698468372,5.290700204889068,Highly Active,7.0
1327,60.27311474590695,98.95285705645696,9091.15542781614,6.921956043050087,Highly Active,6.0
4125,61.83409104469801,100.0,7177.746555855962,5.822959929482026,Sedentary,10.0
3808,40.0,98.14775152016064,16307.125031385429,5.630068738682355,Sedentary,2.0
4310,66.11808787137971,96.37032129752168,5470.944111932979,6.314151167742367,Active,10.0
4300,90.98369166728352,100.0,20345.169707986504,5.59797686085837,Active,9.0
4122,60.661010686423346,99.10089855827717,3427.449671926556,7.124757540671653,Highly Active,5.0
4054,66.95803253990516,93.31542663941906,2989.0504769666713,5.197105397105084,Highly Active,3.0
2287,82.64173451116051,94.8059031908751,3262.3594441057908,4.877511408814475,Active,8.0
4489,61.983719029688565,99.74794743768028,6958.5797002769605,7.055441459563218,Sedentary,2.0
4874,69.86051785484715,100.0,4256.393628530777,5.405545026691714,Highly Active,3.0
3143,47.69834538281013,94.38606766820538,5240.222718303438,5.7487144973906235,Active,4.0
2111,80.40153219109159,96.24683512602196,28153.502817305296,7.759600772927083,Highly Active,10.0
4149,73.45629705355122,96.67096381073516,313.33377055155796,5.329190091830964,Highly Active,2.0
2311,64.9210901311267,96.12486722907256,7306.887785634155,6.8042957890023645,Active,2.0
4191,73.61954949615986,98.60862661985324,17937.24449601521,5.573295220613212,Highly Active,10.0
3861,71.77423563881034,99.48983779766913,1886.24966749876,5.793425291243358,Sedentary,1.0
3538,62.59130911811904,95.96187239508892,1668.045455316987,4.754664117774684,Active,1.0
4983,80.97826155700427,95.15950564547792,3156.878055444084,5.718073744815441,Sedentary,9.0
1451,70.53076225700306,95.64963299399535,538.7609918607927,7.261559420282963,Highly Active,3.0
1164,53.09007951660068,100.0,7258.51658355146,5.42670651692195,Highly Active,10.0
1181,73.11573630860862,98.13359947433258,11999.188527610208,9.784949476386268,Active,8.0
3516,72.31005049675996,100.0,479.2718043585263,6.88505272258035,Active,9.0
1909,62.61578879547892,99.58477841729648,4011.2034110223894,7.007600993258723,Sedentary,2.0
1822,43.3828721755131,98.27063937404108,10236.239240927487,8.063300277914301,Sedentary,9.0
1943,67.7670243429123,96.95009903536658,535.4506830430823,8.307445636084948,Sedentary,3.0
3001,79.64931641020165,95.81154278479823,80.22711833037823,5.59254593818498,Active,7.0
3054,106.47763679369784,97.38502167958904,10705.58585270806,8.103001778804744,Sedentary,7.0
1329,54.51490597502182,99.58201560500748,1039.3184451346522,8.509721578648417,Active,5.0
1774,76.32941194152602,96.84651426566028,6035.759988805014,3.3965143877869357,Highly Active,5.0
4744,83.2185418950022,97.5245308596982,692.9140438839061,7.789485999756748,Highly Active,6.0
3198,75.95021891467668,96.81802230607342,2451.979264230915,5.353709244960645,Sedentary,1.0
4156,56.51484611503843,100.0,1204.1368056782617,8.48828138694648,Sedentary,9.0
1146,67.74491100219578,97.64067587313524,9333.107793560504,5.299083387528963,Sedentary,2.0
4695,40.0,97.35934455432049,7818.668924295964,7.410470120943252,Highly Active,10.0
4452,75.0579890224815,97.40667004810771,1017.6529382632796,3.860722964322612,Active,4.0
2571,81.8349141144117,98.17458656399523,4395.912135909136,6.61020464385666,Highly Active,2.0
2308,65.19866431877648,99.92509059151962,1523.157408642515,8.43696209324632,Active,1.0
3747,63.78727764749863,97.23341385110253,57.2275501753176,5.42523144787701,Active,2.0
1081,77.49825386405112,100.0,2148.270608771539,6.81983120043988,Active,4.0
1513,78.90384845435477,96.55152467779725,1696.6741815323528,8.778615386889324,Sedentary,4.0
2920,88.06926452828338,98.2434948603191,8085.372955664188,6.4613635154057265,Active,8.0
3862,71.07957124810328,98.93949577646735,13806.077496913404,7.14448606762397,Sedentary,1.0
3756,73.41327802682781,97.96110013748915,1899.3448040014816,7.54899805862237,Highly Active,1.0
2939,54.20513878832388,98.02873775340396,1766.634798299863,4.171922221070349,Highly Active,4.0
4594,96.72599134877794,96.23945821080314,3434.488891331621,5.718353839354402,Active,3.0
1745,60.98339314469588,99.34524413035692,1325.9107572023574,8.206816523538789,Active,7.0
4070,85.87252048004319,98.31876846706264,20537.857416287447,3.4285619478455827,Highly Active,3.0
2409,85.98280938695734,98.05517876582722,1953.614798990596,8.1771162896863,Sedentary,8.0
1706,80.99853982091965,94.19863398308432,685.83027936649,5.616923977801794,Active,1.0
1470,71.4391443911027,99.13215504767788,5697.541614892654,9.582907992993317,Highly Active,3.0
4190,69.55896347716607,99.25284600587732,5399.570636788041,7.155314526055635,Sedentary,3.0
4088,74.60851445548012,97.53888100537092,2735.627214432789,8.649849336118217,Highly Active,7.0
1933,71.61222766691645,96.066158366556,2877.2890600588075,5.8311245767738455,Highly Active,7.0
2279,74.50889749845676,95.52714398744372,6933.888464876458,8.657417469063768,Active,5.0
1904,77.78530963263411,99.07348766748804,5267.413448943373,8.107298989282992,Sedentary,7.0
3987,92.11992394345336,97.48642802387064,11008.610519055772,5.6627148899209665,Active,6.0
2890,95.39394938225482,100.0,6577.752510555241,4.441428665352898,Highly Active,10.0
2303,92.8901629161224,97.44894937726336,6339.132780842642,8.080030638413014,Sedentary,9.0
1592,81.21668175498279,98.08796265830524,11712.239211004166,5.331022453061091,Highly Active,4.0
3761,95.5967376279973,97.4091761276882,14084.33741320753,3.5694289564049484,Sedentary,3.0
4229,55.98569715446186,95.2414215425492,2695.024353907345,5.820769095075995,Highly Active,2.0
3106,76.40585319490107,99.6684538468704,248.58626925221824,5.15245128507544,Highly Active,1.0
1127,81.82199183510706,94.23216419169977,931.2964884526592,7.534691372991379,Sedentary,8.0
3768,101.64513467813624,96.27350459262036,32826.72135464201,6.594877680575705,Active,6.0
4953,70.57939232829523,97.75492552217236,17484.857323756394,8.248613693747684,Highly Active,4.0
4186,61.254982406114486,96.69630592590153,2803.589171615549,7.773913493686386,Highly Active,4.0
4280,63.37353909306926,96.08485182446115,1774.142344007645,6.361452236436528,Highly Active,4.0
3573,55.01639181832767,99.24346265123188,2029.588806211703,8.220688032876732,Sedentary,3.0
1520,41.29045335563638,100.0,8081.516924796578,7.841090697903812,Active,2.0
3599,73.25109866841409,100.0,9057.213095657353,6.250852234114347,Highly Active,3.0
1236,51.680947684567194,100.0,1707.8276935362987,7.570195346837779,Sedentary,6.0
2304,79.70501546397124,95.77007882448925,1920.965446018411,6.907561265204313,Highly Active,3.0
4430,89.76423975364813,97.7401607194469,2734.6122122122824,7.322092770254415,Sedentary,4.0
4272,80.64930070269544,97.89117393250454,3973.969435380606,9.324109823761953,Sedentary,6.0
2781,75.65981537450921,99.06536538644932,17462.228779430137,5.293613567671152,Sedentary,8.0
2301,51.887163165762445,99.4696154148915,188.05858314165252,6.88204631374227,Highly Active,10.0
4306,87.69074022700774,97.07248281258757,7116.59534276986,6.545910561942432,Active,4.0
3541,104.19845880764493,100.0,13848.188803431078,7.6823534482994305,Sedentary,2.0
3713,55.0419706102325,98.71638980394675,1710.05301806364,5.650372774078626,Sedentary,8.0
1441,73.83048912049803,96.86868573775064,4533.826665946708,6.403479800108307,Sedentary,8.0
4180,69.02945091396688,100.0,860.8506066310061,5.814342989169168,Active,6.0
1804,76.61035976380855,100.0,1075.4656179161216,8.621712978358891,Sedentary,10.0
4217,55.30039382071992,100.0,270.5939232435197,9.196215165358945,Active,10.0
4924,89.79348110289499,98.05465852954988,20766.974059679385,4.197543525431487,Sedentary,8.0
3089,77.82516489548811,98.43904932981178,2293.16588610916,6.040913494407126,Highly Active,2.0
2379,106.52595131488027,96.18037001907226,86.20630719736992,7.5881063849489,Sedentary,10.0
1040,79.0152066875897,95.71232126341216,2051.6028078613354,5.652046733831435,Sedentary,7.0
3081,51.22410847598941,97.63182093710545,17376.453288401775,6.900345981018022,Active,1.0
4088,90.02468129490536,100.0,1180.227837311118,6.07036037943714,Sedentary,2.0
2700,59.37709998780085,98.52507802043378,1778.95321831027,7.66450401321427,Active,1.0
4224,58.03314769859253,100.0,4077.896987669623,8.343688687183207,Active,4.0
4045,67.27523213452442,99.07364325729873,9656.687060545675,6.772625907493814,Highly Active,10.0
2401,89.94387107671102,99.73099335838852,7524.892884620975,7.384561506965008,Sedentary,6.0
1587,69.48414089143103,99.26441801751584,2777.62172334064,4.31531366733941,Active,1.0
2622,62.37582633168053,100.0,480.589142324099,8.587279628979816,Active,1.0
4700,93.18910579937231,98.11847414081144,2041.4618929887165,5.700506854466337,Active,10.0
4945,90.62924840761794,98.18579388035786,1735.312373196619,5.207449460028062,Active,4.0
1341,100.00599222536208,95.8756988906659,148.9498799343747,7.830139079902446,Active,10.0
3074,95.2699582066148,99.78557173134772,25833.358569452528,5.92430591876002,Active,2.0
4896,90.88374053842924,97.02026419474238,2064.089193490817,5.458642791932551,Sedentary,6.0
1645,84.8854293973887,98.38481756710397,4643.237808468781,4.675940753696876,Active,2.0
1167,102.8369736386198,98.19349470254366,1133.9532931721992,8.033443505440859,Sedentary,7.0
1609,77.56686937594691,97.14382226323058,821.0332413303623,8.248640742298365,Sedentary,3.0
3315,67.62060606787736,95.141747061304,17.261737346180592,6.598145485344925,Sedentary,1.0
2772,61.73802506893733,98.67109411039118,8872.044216655626,5.480821463292994,Highly Active,7.0
3040,89.69145528524733,100.0,2560.7794896573528,7.120722616420904,Active,5.0
3868,64.99903881709709,96.05001062206468,14300.684504318886,3.655455188890538,Highly Active,7.0
1454,76.60865022594068,92.64469923620534,7032.122277751059,8.256488570736973,Active,3.0
3953,61.796015407844514,100.0,6029.8324447832,6.39553885735153,Sedentary,1.0
2708,72.6161751206597,94.78245628166738,4670.876187444533,4.9484389489669685,Highly Active,4.0
4472,81.58478654945425,100.0,2090.4806035910565,8.730691446438765,Highly Active,4.0
3969,79.0387585996095,100.0,468.1297846250017,6.563887931698888,Sedentary,9.0
4028,86.0692336162767,98.16656580621644,4103.471886225698,5.8606789816061555,Active,1.0
4547,54.388612543626195,96.71643235338097,730.6798050168774,9.574412260507309,Active,3.0
1701,73.25184891060479,100.0,16531.22997903893,5.711924848103604,Active,9.0
3681,67.94699328887614,98.32545677608078,12376.127722422038,7.622993364776889,Sedentary,8.0
4629,60.264720317258664,100.0,6768.692265251176,7.539919253134948,Highly Active,2.0
2599,63.75729342359852,99.07910767363464,4215.978714688542,5.22877884632574,Sedentary,9.0
1129,61.588772251262824,100.0,4238.4597244306915,6.290497809962371,Sedentary,1.0
4067,80.24896259976539,99.61133890869236,4372.077811540477,6.121956876933638,Sedentary,4.0
2386,88.13436329680744,98.72911198191616,944.3669033742908,3.553942460808503,Sedentary,4.0
4776,79.9209430610397,97.88762413652536,5304.483635301333,3.236321382221007,Active,10.0
3866,77.38205896955326,97.16456080760342,11724.059826200317,5.825306577779246,Sedentary,10.0
1692,76.18336706644713,96.17813253910278,4995.24768047441,5.010073302283389,Sedentary,7.0
4363,85.13486806629935,97.77422210027188,96.8556155304576,5.102445338844391,Active,2.0
2394,43.397164084516795,95.9962776130664,1964.39463029735,5.868886374340324,Highly Active,9.0
1793,74.11303424460633,97.18349963452935,7730.679832538664,6.505510856235575,Sedentary,4.0
1028,79.7580335573377,98.46676901119216,19047.902871185615,6.030945306217486,Highly Active,1.0
1148,101.8444604495958,99.05797204404143,15693.59712600937,5.442944744071992,Active,4.0
4850,58.32636876582439,100.0,12109.57869223077,9.396418016917565,Highly Active,7.0
2319,57.79710492059424,98.50805991928353,20993.14658748786,6.19836118114673,Highly Active,3.0
4583,54.138290948500995,97.57924023858445,87.32620008064468,4.645193314279552,Sedentary,10.0
3723,72.73043146164459,98.01523489576914,3062.750692187352,8.502789321510782,Active,10.0
2136,64.1395034852132,98.15364480354978,6022.863766903417,5.6772923183279005,Sedentary,3.0
1186,63.8192762375871,100.0,2663.352162104703,10.702359920096209,Active,9.0
3854,75.34393458153848,98.8465760095686,316.47367641253254,4.532233337873366,Sedentary,6.0
3791,83.73459072754297,95.61762152621976,4953.37829018629,4.899427533962252,Highly Active,6.0
2250,75.18757523015444,98.46545985280667,1559.3485219059353,6.216909169740354,Active,8.0
2333,75.40047613553786,96.30540727294908,9102.647866045863,5.967734530366572,Highly Active,4.0
1097,81.05413818943616,96.6993204572276,654.0357294194812,4.741036759876337,Active,9.0
1054,47.50936372375334,98.10362927559304,22211.5944211798,8.710909830269516,Active,3.0
3670,76.93491880852041,98.89026342242894,14650.835927465674,8.553164973310555,Active,7.0
3711,73.87601070565185,98.76572765718088,14492.215552880809,5.989398482615365,Active,8.0
1405,66.23910404348264,94.93036801310072,7028.002960800637,8.633251152118044,Active,7.0
3116,71.91790848550627,97.74120917127816,384.365376275964,6.485576853919349,Highly Active,2.0
4383,81.03969627714947,97.87065190010294,7601.791420788656,5.495454678739138,Sedentary,3.0
2312,99.13571678253795,97.82309251448024,9618.548851522211,8.422749611441873,Sedentary,2.0
2785,49.6294376576958,98.42633938691333,981.4346028134224,8.189178503204875,Active,8.0
4619,83.57675835373384,97.14764974629696,6695.343045314215,4.620051609852417,Active,5.0
1750,93.26795272503334,99.8280693606826,4562.2563100778,8.624073664193554,Active,5.0
4219,55.94160739592486,99.343825869559,4476.469196679043,4.969819436986591,Sedentary,10.0
4538,72.30881175010609,99.64561772885584,1557.30098329951,7.068589523240631,Active,3.0
2762,79.13663280898183,100.0,9414.406081920864,5.275912228753822,Sedentary,10.0
4315,105.13419766785196,98.94983713882672,18143.514859901767,6.746127417556941,Highly Active,4.0
4562,107.59991507363334,98.10732550796058,10851.691766089869,6.673458787944594,Highly Active,9.0
4920,55.93945080531632,97.7996740788704,3223.5033881152913,9.84822000757586,Highly Active,6.0
4578,77.99236497936137,98.15382673061532,3169.7716971370164,5.344146243986163,Sedentary,4.0
1364,83.34681754135714,94.33900243809823,1869.8862599626063,5.801903300682109,Active,10.0
3026,78.01196870967838,96.81109534971549,24112.674928610017,6.993311341430232,Sedentary,5.0
1481,60.7782904732471,100.0,10918.421407168098,6.032005106592595,Active,10.0
3248,60.11534757546019,94.28304819030689,10026.19633289827,3.2030491287204157,Sedentary,9.0
1153,51.881228639439826,98.6874799325399,564.158921928773,7.605496116909098,Sedentary,2.0
4521,44.691082011902125,99.09587802318576,1492.5570555803924,8.502181035240504,Sedentary,7.0
2524,51.539220099291384,97.82674832495852,130.84095851196014,7.148901721755281,Highly Active,6.0
3760,85.65417808764116,95.87976512993122,2282.4669574521145,6.807032063812014,Active,5.0
2040,71.65927379465434,97.37888644559766,1405.3196383037348,8.091764326522906,Highly Active,6.0
2664,74.3774010889486,100.0,7173.603422473096,7.246256352715333,Active,7.0
2240,70.9695386545076,98.95667515508556,3972.3976669953154,5.6998080011915695,Sedentary,1.0
1060,51.195971037822915,97.21047739974534,19858.712771100352,6.623012788532694,Active,1.0
1938,84.71530077766205,98.59509968172516,3188.747720017199,8.047012069587865,Active,6.0
2639,87.7901843449816,96.6464889531501,12565.075140394196,8.246712394058138,Active,1.0
4874,80.14423146163334,99.0899159079284,9675.684848027193,7.291864092598087,Active,4.0
4569,96.20359551637388,99.7855341386072,8223.6484884654,5.952334356276359,Highly Active,4.0
2252,59.13134079570818,100.0,4385.19532246593,6.800850711828037,Active,3.0
1107,73.77008069042516,99.43568866634868,1816.1674281756557,6.334537132946459,Sedentary,6.0
1171,59.99220899477464,100.0,4582.698544009559,9.05057043355691,Active,1.0
1876,61.07263108976199,100.0,13549.96483263035,5.094456533343755,Highly Active,1.0
4549,68.55305343002095,98.07032357648109,1176.6046124535433,7.25856168664544,Sedentary,2.0
1101,96.60533917736052,97.59399975077532,1301.1570541970102,3.497280946802083,Sedentary,2.0
3913,91.5722734943993,97.18408676020208,5344.946139438634,7.065737551469033,Sedentary,6.0
3571,73.87764830381755,96.58194816307405,6870.557990329905,7.8078620069593825,Highly Active,9.0
2636,80.89167289098047,97.26966504272612,2168.4688780717165,5.61281656572705,Sedentary,5.0
4115,80.54508231988113,95.31730486466736,486.8917993231988,5.431973690832152,Active,7.0
3864,60.99609591079653,99.59607767079446,357.5289138938481,8.034994998319506,Active,6.0
1329,87.41608483172702,100.0,985.7626405834332,3.5607613053865914,Active,5.0
4640,78.61598101852624,100.0,2448.1282920206677,4.911820463941951,Sedentary,9.0
4894,53.10277618898907,95.71357582965648,29827.2346826304,6.361274259401498,Sedentary,1.0
2520,69.57785202691933,96.9274259652917,18366.742981980347,4.3729839498188685,Highly Active,7.0
4886,77.16977087310674,96.39041282531834,306.65324775706057,7.593091874688163,Highly Active,9.0
1011,79.50236964670572,96.7147504678654,5609.2373352620525,5.34100773272843,Highly Active,6.0
2341,90.4976571205347,93.8466084143144,7026.268530018875,6.391463588570729,Sedentary,5.0
4663,92.3666089527178,97.16301112199832,389.43350781748074,8.142143745433067,Sedentary,7.0
1215,71.42062804172625,97.24432217039475,9116.919100620524,7.051456624384117,Sedentary,1.0
1338,83.38982812235517,100.0,30884.5078076912,9.416560516489552,Active,4.0
2799,99.11903900395538,98.28101395657426,3927.217323515912,8.596643493567473,Sedentary,1.0
3708,59.72003555086637,96.91913206111258,4177.449892577772,4.9416691648381095,Highly Active,1.0
2750,50.172975519319955,95.30022278923514,9337.030686900507,6.729361165009172,Sedentary,5.0
2508,65.52851654418842,98.15286956579492,10916.949485774954,8.280752773157172,Sedentary,2.0
3421,78.08672156658636,96.67452482901832,565.2811972064048,7.285047198844852,Sedentary,5.0
4023,43.257806400208096,98.25425614264466,11290.21809298129,5.750375365919368,Active,7.0
1709,81.55567492693217,98.92270558488056,13969.51015487441,7.214115098924582,Highly Active,1.0
1704,67.91483450320382,96.89593089163628,323.97343119468474,5.946470751427479,Active,1.0
4608,74.05989356236564,98.54415501757536,279.44949645635614,5.530567332464462,Highly Active,10.0
3513,57.466920291882474,96.61719850491563,5603.419589165154,6.33299472973209,Active,9.0
2112,73.46608819395865,95.88854951815031,4807.464973533504,6.8731611983907825,Active,5.0
2291,100.18799497405628,99.83134577576008,27418.087686329975,8.450359312347764,Sedentary,2.0
4726,69.00293752170505,100.0,2440.9623177991893,5.7550120104348705,Sedentary,8.0
4642,41.805945308034666,98.41353960125198,6244.60195389457,3.624989210326767,Highly Active,5.0
4993,93.20658417946238,99.56203631497888,4946.084870989052,6.204425529534351,Active,5.0
2561,83.5207823446797,100.0,5399.198898345676,6.119410169527697,Highly Active,1.0
1046,76.23774259125392,99.20760233944634,48.78144864576153,7.9244188815467425,Sedentary,8.0
4359,99.64899359864484,97.74467510761744,12992.306140854544,6.968498259458042,Highly Active,7.0
1777,86.27999292873518,95.33208160866344,1572.1132209972986,7.404517954085499,Active,3.0
2039,68.15362901232749,99.08704859885025,1840.0576775628872,3.744558852044749,Active,6.0
1710,97.37932412483572,99.11195843194012,7308.327092899595,6.239521694728252,Active,10.0
1400,102.29977296718646,100.0,4547.284338879886,6.2912717168099,Highly Active,1.0
4990,88.65545927516918,97.3526093193258,5981.102645178223,9.025879975184823,Highly Active,7.0
2817,81.10394383393269,96.86054886901208,4817.102672814839,6.34068202299383,Active,5.0
4028,62.18854675240861,96.47848175944232,3787.3417880056313,5.509773649207866,Sedentary,3.0
4157,85.28488516052353,96.14972115471345,4622.083387026202,5.421703621260718,Highly Active,10.0
1249,80.82039297013611,98.98467025036716,1064.6005424732875,7.968851034393816,Highly Active,7.0
1390,74.5979581938019,97.92975863635064,24385.76663772959,5.62930888596785,Sedentary,2.0
4853,85.48902204194086,98.93481238003214,5985.575382188527,5.220591134677189,Highly Active,5.0
1628,83.23174562381195,97.17085757897657,8734.01654425465,7.087917824148642,Sedentary,6.0
4590,90.53743175957705,96.2527075193236,14848.037673000035,6.1457968637971705,Highly Active,5.0
1136,55.03358251732374,100.0,2461.489966990353,4.5085901416057625,Highly Active,8.0
3930,59.62986905920779,98.44996464278522,2746.2348649457176,7.331389659832417,Sedentary,4.0
3735,61.31667248105812,100.0,4040.6117516610793,7.740398969836858,Active,2.0
4911,104.10014113861402,98.94956608277812,1714.949112737662,5.070082241097119,Highly Active,5.0
2521,84.50212099163377,97.2691134697619,11617.326144098352,7.047240006383803,Highly Active,7.0
1826,85.89928821079845,97.1747753736352,6142.463656335074,6.34896570656663,Sedentary,2.0
1726,91.94157075028104,96.3974330543938,411.15335612758423,5.173904846671279,Sedentary,4.0
2500,59.300183710121374,100.0,40005.48215400052,5.833756758278266,Active,9.0
3641,44.42579392470819,100.0,5989.193475894961,6.429398704722262,Sedentary,7.0
4294,74.05706755720935,97.38528754210724,15446.873774989515,4.522482268901936,Active,5.0
1989,88.4635794028462,99.32338669024443,4874.72132957228,7.356231662697604,Sedentary,7.0
3419,72.0361055905058,97.29536935095854,6113.448468021892,5.434489751893075,Sedentary,8.0
1934,54.4509254320955,95.0289147336227,4242.049721027606,5.4942721810755994,Active,2.0
4042,61.42158253587266,96.85995512663192,3846.488975460704,7.258369988425819,Sedentary,10.0
1401,57.31112999556828,99.45671048741218,1724.0294861917605,5.82088918910763,Sedentary,4.0
2466,65.81453344908172,100.0,22914.109783169235,6.17674576949486,Active,1.0
2296,66.78627890080428,95.74641507579705,637.8783489694888,5.723062725290608,Sedentary,10.0
4597,84.5014834037814,97.3681487134434,35120.34550048101,6.4734364798090755,Sedentary,3.0
2182,60.35283081800055,97.50954210583312,5678.414965261468,6.476786580339626,Active,10.0
4223,78.8302033161769,97.50066043590252,11796.044234815035,7.290548321099722,Highly Active,2.0
4042,74.4360127070707,95.65593004632596,5793.615039561589,7.356922554519474,Sedentary,4.0
3667,80.94043416361916,98.71030807362597,11442.75949281986,8.328004915186714,Highly Active,6.0
3235,83.05070379448219,98.19894064963728,5351.147916766328,4.240437942421004,Highly Active,6.0
2121,87.46135756351958,98.0053524575182,4260.430180104217,5.989190604156143,Sedentary,9.0
1130,83.13436536278806,99.06570981070423,16.42403163819664,7.4874070975246,Highly Active,1.0
3852,79.46799008721086,99.10646251249425,3241.5292334635737,7.009133723354793,Highly Active,9.0
2194,64.99914474136864,100.0,21247.72604322304,5.634164652796928,Active,7.0
3983,87.76105572838648,100.0,7879.946021688965,8.780154026078042,Highly Active,1.0
1182,70.62130017091862,97.68036462746936,1564.3027221799146,7.131070231888965,Highly Active,2.0
4030,62.07520180643594,96.70922233795008,4729.354995929053,9.785139586287617,Sedentary,2.0
1363,61.7627795242923,99.71693636132666,245.63323421729265,5.038598385144944,Highly Active,4.0
1038,70.24497796407522,95.63365439853204,7911.851008828064,6.5376214394755845,Active,4.0
4598,71.50456509707787,98.17149612089705,10727.86532293287,7.343186243103114,Active,9.0
4959,62.796665217785815,96.13152246357892,9642.768602384584,4.899475832652182,Highly Active,2.0
3544,75.32944898324888,99.9535807472586,635.3725393014811,5.504051291316706,Sedentary,10.0
4587,77.35141047652688,99.6192826045919,1990.7372521144368,7.995031583393145,Active,5.0
2372,66.82681673739401,98.059714852416,7466.283349217423,5.755410951099059,Sedentary,7.0
4029,109.3445870822265,100.0,9960.449942843392,7.807828479375389,Active,1.0
1920,79.99047415054561,96.51543569979206,2243.467192029326,5.55560963595839,Sedentary,5.0
4468,76.77397348997276,98.89460536527218,3648.972884196425,9.530128368277666,Active,6.0
1015,78.61203955598633,97.4449983584938,6014.628992984703,6.876339118517934,Highly Active,10.0
2449,96.2797650965922,100.0,2264.961126319797,6.165441167572666,Sedentary,2.0
2131,49.47792841933193,98.09417207250478,8148.431915954527,3.610228778649956,Sedentary,2.0
3941,69.29431042414802,99.3060266756502,1946.421710810734,7.028501435916162,Active,8.0
4521,85.70753089588679,94.78695157333976,8799.901999929092,5.604694365785193,Active,1.0
1310,61.5500602829532,97.71030753005437,4276.938255945038,3.5752969626591407,Highly Active,4.0
1738,51.79990998375173,100.0,14386.515665853862,6.748510180607689,Sedentary,4.0
1545,90.65904255634074,96.89032217418114,1428.989468069435,9.660374705607108,Active,1.0
3461,61.90560108748586,100.0,12082.245556729891,7.742006888852183,Highly Active,2.0
1758,81.32223100078551,96.5464609020928,615.9163614025017,5.707465387861096,Sedentary,6.0
2804,66.31045640662654,99.4076030305544,344.63092577751905,8.157082151495718,Active,7.0
4212,68.40073266642952,100.0,1025.6359431973976,4.059844767409246,Active,8.0
2297,65.21924642307117,99.8401583866184,13064.554184904744,5.34265061477373,Highly Active,4.0
4810,71.1407454198926,97.61870874720736,6466.140559082719,8.886779595593993,Sedentary,9.0
2914,90.96350721575864,96.99816662808232,9523.879587192398,6.774714929611823,Highly Active,1.0
4110,98.74213907004588,100.0,12401.858131762518,6.549969272569128,Sedentary,1.0
1813,93.74722931789702,100.0,5077.747816411793,5.124908575907765,Sedentary,7.0
1028,77.0654344181097,97.28103839071504,3762.0992794394647,4.846352187766097,Active,4.0
1957,99.88275070526046,100.0,1526.5852467258032,6.656032824200144,Active,10.0
3032,109.54289149751033,100.0,6546.894233832374,6.379709272059998,Active,2.0
1476,77.71916698415336,97.69584549207605,5587.641724390224,4.674333297748296,Sedentary,3.0
1317,60.14153476031417,98.33001876904238,2408.8816343893036,6.851049173865555,Active,3.0
1244,94.67904865052402,95.62919906344888,4136.705664737137,6.586075202032085,Highly Active,4.0
1747,56.9477200106899,97.97586522225102,9420.126366245737,6.03764540932899,Highly Active,8.0
1696,61.702368901938314,96.82394167408007,6904.740100066927,8.288756946922351,Highly Active,8.0
1271,43.76198801343205,97.59043880384904,4600.957610138767,6.481460166148834,Active,1.0
4511,85.91120028777098,95.37056183700626,2225.223052276547,6.142935902806467,Highly Active,10.0
2771,40.268335116608306,100.0,7718.43323456822,8.196755812402115,Sedentary,6.0
2262,89.89276622763403,100.0,6915.597172573559,6.273618079262067,Sedentary,8.0
3424,102.14163482196489,100.0,4290.4419986215935,5.897774439507011,Sedentary,8.0
1265,100.91664056169124,98.0785596316396,1907.476805620291,4.744816611980996,Highly Active,6.0
3973,56.01268490037129,97.37726901607832,1345.555456418394,6.5909544442833425,Highly Active,8.0
4430,65.36272186036638,98.74212930084975,16756.371165804503,5.874557015844629,Sedentary,7.0
1339,88.18788279639803,100.0,9813.739831067256,4.506034044559657,Active,4.0
3624,84.9674922682284,98.23100844209922,12942.709457689203,8.075428803712487,Highly Active,2.0
4760,82.9200793229558,99.59933518027717,4298.832676817276,7.377430787492067,Sedentary,5.0
4500,67.82933743674106,100.0,1300.816941113879,7.130156306017631,Sedentary,1.0
2165,63.33037151644345,99.5180892333031,8932.597548897458,4.174776668620901,Highly Active,10.0
1375,57.163037976618355,98.92694542352775,3836.6501621000593,5.626775359216891,Sedentary,6.0
4741,81.4944887627229,99.2776237124575,1231.0569224283674,7.513377165219908,Sedentary,10.0
3371,87.37468596675144,100.0,8338.197905801168,7.853821569917121,Active,8.0
1145,68.24175869117892,97.2908410283011,4607.203674812063,8.800777302184384,Active,10.0
2981,84.43173149445477,100.0,63.25266609352333,4.647294615616723,Sedentary,1.0
1292,69.24215685776845,98.88020744838616,12181.435992547064,7.225358253928523,Highly Active,10.0
4736,72.55942738671264,96.48123956328033,6763.188825392028,6.112445738723285,Active,10.0
1431,73.98014663542749,100.0,273.9252289646051,5.830290118515181,Highly Active,1.0
1704,49.49547626699041,98.75817771368358,2543.7304026576708,10.207778571196696,Active,1.0
3996,72.90022770845398,98.80336249831196,8971.161585129343,4.144639372937965,Highly Active,9.0
3632,60.17832634672135,98.97476865751533,9329.343076823328,6.1455954605243654,Sedentary,7.0
1398,103.65184039897936,99.776863860198,4920.901191351687,6.571504565619966,Active,2.0
3864,75.0732861139529,97.2117526840349,10690.407090909095,3.541381813605536,Active,3.0
4960,65.59796733642072,97.94364244456456,13528.598484174085,5.028333082974751,Highly Active,5.0
4415,65.14118964664982,100.0,10219.84102842108,6.5732650152071175,Active,7.0
1963,95.55767338926712,96.14173339441906,569.039181490055,4.407027040459895,Sedentary,1.0
4211,62.62789812837261,100.0,4318.146242200268,7.930182265015881,Highly Active,10.0
3234,79.47145751987081,98.09848852990726,2686.6335548471825,7.369432083455179,Highly Active,6.0
2828,83.31323607119415,99.17919701213648,23629.103926877437,6.154465477248585,Active,3.0
3108,66.55984053647964,97.22368974694405,929.8910339024742,7.0632828506593315,Highly Active,3.0
1938,87.5883261166638,97.22034479136828,14048.455864393123,4.436345112884069,Highly Active,2.0
4451,77.3366468380125,96.72813073338878,32860.40675129269,4.133811673051616,Highly Active,2.0
1709,49.20087122096382,95.79555931112031,32251.593212265416,5.063677968203989,Highly Active,4.0
1806,93.34898408770964,98.33980634162758,11151.139045587835,10.53120691953875,Active,9.0
2463,65.79621266564521,98.5009964443862,4386.0188759144485,8.141507120645352,Sedentary,9.0
4390,72.36594367894293,99.36283292121576,1372.1094738689844,5.5871078295545304,Active,3.0
2325,79.6419806483802,97.55919391323783,6559.2600325234835,4.503353301797565,Sedentary,6.0
4415,67.0216209699389,99.30650211112555,6597.952002164625,5.262019240765097,Sedentary,4.0
1010,86.3536158298979,100.0,2663.02992530129,8.783527130600616,Active,10.0
2551,58.44239360974328,100.0,6714.793477904123,9.55064990034684,Sedentary,1.0
2868,66.38429236321971,96.37212719489555,867.4217253581479,5.282187546619461,Active,6.0
4224,75.37915519722704,98.90689024010646,15892.342242283628,6.1066409659372205,Sedentary,3.0
4782,59.14778728776914,98.76399522781932,4471.478923671081,8.405476040006395,Sedentary,1.0
3611,76.18092325554302,97.45625514614852,10124.1827024688,4.85909276494859,Sedentary,4.0
1771,81.0248065101067,100.0,7067.301095792691,7.968493283719413,Sedentary,3.0
2594,51.209711162575275,98.76605045461535,21.481808891271463,4.48978898754553,Active,6.0
2607,99.8142638169785,95.70864039195833,910.7482354353206,7.921633084907549,Highly Active,5.0
4731,101.84105346459788,94.76290124324038,10436.464610893963,5.223905962461161,Active,7.0
4646,71.9987751058686,99.19730135781144,21904.470814053697,5.531864121060094,Sedentary,7.0
2333,75.34416132020188,96.88543609444336,15715.244654097289,9.441704370571015,Highly Active,1.0
1884,88.39576477706036,97.51382744909422,3150.0339638933315,7.99098910654646,Highly Active,3.0
4314,81.78914024467154,100.0,2601.3411274071127,5.882972922123642,Sedentary,4.0
4178,60.601294724406706,100.0,1697.9409508248093,7.218766780245698,Active,4.0
1225,88.31093747884333,98.86835895447764,7083.188440314925,5.061067612012179,Active,10.0
1824,92.27430910221248,98.46369320473104,11293.085339907306,9.881243293855912,Active,9.0
1936,83.98550125925573,95.34777359845889,8473.040453284342,6.546035075351439,Sedentary,7.0
3800,70.38842878364737,99.5212605320048,14307.183268002194,5.951831066776389,Sedentary,8.0
3553,56.93369651210949,95.15418360204784,877.3962465251466,6.602010209910554,Sedentary,8.0
2911,54.908070316233506,98.4203491257384,13305.812363734836,5.308349381763303,Highly Active,9.0
4845,100.21888139674762,99.01125139958609,3241.2172082226293,6.851852909006207,Highly Active,4.0
2796,93.71159443051064,98.79884534084722,9582.338073066228,6.699912362163531,Active,2.0
1053,75.34373982657196,100.0,3584.86096472588,6.935155061757766,Sedentary,4.0
4118,89.0611616931025,97.1013047807834,8576.654951012126,5.551165813162692,Active,7.0
3736,64.959350876756,97.28180301865338,5644.382063712016,5.084651093969516,Highly Active,2.0
2544,77.01179382170469,99.98394998948324,3340.165986770935,7.657925536045581,Highly Active,8.0
4170,72.85604387415118,96.70208009263132,41414.66227904709,6.619423201621065,Highly Active,8.0
2043,84.64470686002487,97.57084624523915,6264.983181222372,6.8022892729275295,Active,3.0
2913,77.12311831260344,99.9199217971289,8023.567254944427,7.012001087834606,Active,6.0
2776,79.2923532584932,96.66703969749892,983.1679562212976,6.413271720253677,Active,1.0
2596,59.61192717601573,100.0,33771.313385870875,6.662685803072728,Sedentary,5.0
2914,55.82802180081609,97.1898167443804,369.4094159378039,8.443718331429922,Sedentary,10.0
4561,76.05941743047512,98.01484316317335,514.2952079970124,7.665374054803435,Highly Active,1.0
3466,77.7232816656578,100.0,551.2972406474561,6.241463927543074,Sedentary,1.0
3737,59.226490692772394,99.95996263755744,14313.963163830364,5.7917191833321775,Sedentary,8.0
3109,84.22566902964039,96.46847465072122,25297.17037646738,6.999156216694995,Active,4.0
4216,77.34200301290439,100.0,482.1526437663736,6.038016976245282,Active,8.0
3263,75.23607869598477,97.81446190009832,8236.220614398393,4.56297687256146,Active,3.0
1002,55.98754626135741,99.11321382005882,5334.01969077295,9.041064163531066,Sedentary,6.0
1159,55.736048850717395,99.64375516195156,7134.782528879113,4.80942800481418,Highly Active,7.0
4810,80.92063421404644,96.78761001517756,5035.236170823384,6.9266402365101,Highly Active,2.0
4191,63.63355349365686,99.41953640326052,16630.539849755754,5.988167227964725,Active,1.0
1892,79.18180707336549,95.38519542621184,6198.19021044784,6.431784041051978,Highly Active,7.0
3030,105.56478746358452,96.2307424762516,15871.598419103004,7.780591653123316,Sedentary,1.0
3376,105.76018009990948,98.97261541613344,14013.425636998065,3.995298748519691,Highly Active,10.0
1579,73.85615555526105,98.88073916031234,7536.261275663918,5.964343057119229,Active,5.0
2933,83.45779807591491,97.1849231304965,5117.481267591822,6.621056877775881,Highly Active,8.0
2380,89.39574266746703,100.0,504.64147906507503,6.604090214649271,Highly Active,7.0
4681,90.48776209801171,96.34377221644378,12608.531952269044,8.625803062882014,Sedentary,5.0
2640,71.55471422698935,94.70423728575466,261.44928005308236,6.284433712228953,Active,3.0
1951,87.42100476875319,98.3589474092375,5124.252021433997,8.760902344252498,Sedentary,2.0
4156,81.36011142600472,98.01444136972798,7007.521566802326,6.083232965195946,Highly Active,6.0
3682,68.4620132097894,99.5334518894051,7589.474868116966,9.480463506493612,Sedentary,9.0
1987,96.13631750324863,99.33447640126631,7754.612259427187,6.148555326710342,Sedentary,10.0
4612,81.86097956754314,97.95254292795693,7423.601463355342,5.4589382648921045,Sedentary,8.0
1920,104.38374936123516,97.07756321110396,11730.316520100365,5.882680981096854,Sedentary,2.0
3785,67.6107744959127,100.0,4316.701903555819,7.097208812845805,Sedentary,6.0
2355,86.29417578795456,97.80868227289776,454.15002168790744,6.276235609136963,Sedentary,10.0
1169,80.65280827373718,100.0,7143.32427743306,8.404225859355593,Highly Active,8.0
1520,85.78424365514033,98.41928728759731,1651.959420904503,7.261838933318327,Active,5.0
2486,103.67720384840024,97.85475700206644,13738.908610535362,6.5161426356068315,Active,1.0
1039,89.95974121775801,97.06998331634416,8952.527085447518,6.025239761388985,Highly Active,2.0
3274,87.53656085766214,99.04365890325396,10163.14784794669,7.704262279691771,Active,1.0
4332,72.04690882255419,95.97466573937184,2362.2467590403467,6.546752896681967,Highly Active,8.0
2418,65.03140179275013,97.94162693161998,7017.786023637042,5.82128740628131,Highly Active,1.0
1954,111.29198523360816,98.22193360889553,5256.678999514927,5.415289438011043,Highly Active,1.0
4297,74.3724571542864,98.40127114861684,2188.1458001811284,7.54909497279203,Highly Active,6.0
4195,79.3318928278004,97.2337183359532,5588.907028719577,6.050116715582989,Highly Active,6.0
1974,77.87182666687244,98.6275313468736,1481.8626253853863,7.329886140296625,Highly Active,3.0
1037,98.8916432155709,98.45330314288135,2549.393509152767,8.106346680559515,Highly Active,8.0
3375,83.09410252546488,100.0,1803.3067913240689,7.39272941759465,Highly Active,1.0
2274,55.35113520050854,97.59617372585556,2621.8352289704058,7.779144254534955,Sedentary,4.0
4972,65.10542918220126,95.64819025041382,1459.2432805249491,7.564366190991733,Highly Active,9.0
2625,90.3846164496943,95.9080955900011,8288.80625129058,7.091875873164978,Sedentary,7.0
1913,52.19355221783821,100.0,22410.59214964116,9.238838212933103,Sedentary,3.0
1795,62.774813357324035,97.13198555112764,4335.861202627572,5.013713983542958,Active,2.0
1972,89.18238493067214,93.20237504464328,2167.885827299978,8.4289462787227,Active,6.0
1592,74.07531109796722,99.39102641732592,1140.2927524606391,8.048804571732372,Active,5.0
2137,75.643283988366,98.27498682464848,5795.871448464182,7.461835360872845,Active,2.0
4111,75.47658338904475,98.155010886149,3683.816283088618,7.254796181677502,Highly Active,5.0
2324,84.75182421945168,96.5661550817608,3889.12430809045,5.383049951249743,Sedentary,8.0
3271,58.427906117295635,97.80360861033984,15775.270228624597,6.693975234108693,Active,2.0
3162,70.47775130718745,95.81639246616918,2049.2356861590106,6.4179040352742645,Highly Active,9.0
3745,75.03701493858057,96.6147712010379,3917.632406874489,8.450587123012012,Highly Active,4.0
2346,62.10831421746962,99.3326903071775,13856.84152093262,8.023528804050555,Highly Active,3.0
4111,77.96122262749502,100.0,3315.0546630203517,7.898578912145378,Highly Active,1.0
2889,78.0580879124192,96.07264261907883,1641.043132658158,6.843988518542226,Active,2.0
3087,69.94405825688955,97.6164832743747,17216.281985184316,8.24899706826856,Active,9.0
4930,56.25331431385138,97.25276424167804,1091.9688730913629,4.702825442871369,Sedentary,7.0
2996,81.85586095060721,97.56851463574247,2470.6259019004337,6.604336427314484,Sedentary,1.0
2285,94.13897978791088,99.13822691261608,3677.325468429354,7.061529319600709,Sedentary,2.0
1215,60.37267876445792,100.0,2369.5503780231484,7.890631387050995,Active,6.0
4218,83.42876414212515,97.0744197845873,10224.956885467584,8.66156302978597,Sedentary,10.0
3383,52.506924765397386,98.57435467642752,7636.940671874256,4.904687823830417,Highly Active,6.0
4239,53.4567629464216,97.66878459249205,37843.61737214867,6.950538763102944,Active,8.0
3139,82.24017612143903,97.65398138393738,2617.6451142642723,5.416503218934029,Highly Active,5.0
3400,69.95794891125878,96.77722855445944,13063.016010195694,8.10505876996599,Highly Active,5.0
4642,89.24903127135772,98.50093982468064,63.54910086337715,5.044499067849235,Highly Active,9.0
3863,80.5697237573074,96.68102451435436,1145.029124251658,6.489983210062049,Active,10.0
1362,59.041731547479664,100.0,413.886378739136,5.696260105724793,Sedentary,3.0
3604,49.38159697591962,97.6993104056362,12487.14743343,4.804685507185913,Active,9.0
2716,74.37296628372556,96.26600068352556,245.90259609037457,7.375782258682335,Active,9.0
2193,76.16064491429206,97.04547745876523,786.6627539861655,6.9303498960965815,Active,6.0
1355,50.47702145167579,97.1784732401663,550.4997045352546,5.766339745317852,Highly Active,2.0
1190,53.80347537401149,99.74013612020865,7954.046365003778,6.342583480467598,Sedentary,1.0
4738,63.5864132997026,94.26093834448264,5763.262945185453,6.062349657658508,Sedentary,8.0
3054,68.80017621827108,96.55580898351498,3494.372150496273,6.490339031101299,Sedentary,7.0
3180,86.13944990871184,99.03666454035904,8023.737958399794,7.377510160764542,Active,5.0
4818,91.4373725397626,96.67334816877806,686.4681762305767,6.476087114775067,Highly Active,4.0
1556,83.33505754286267,97.7220205977842,13594.086911773142,9.5746202378953,Highly Active,4.0
3808,70.43974657101016,97.42532082056243,6558.914932419483,6.437172032816701,Sedentary,8.0
2054,72.50541325637515,100.0,1467.6855644614957,7.229145741337851,Sedentary,8.0
3582,74.18364336171261,96.40104040269156,672.7990123125707,7.161051697543903,Highly Active,7.0
1425,43.76731383407483,92.28299628754594,3069.225842749925,6.116159844828475,Active,1.0
3719,54.56633684212444,98.62350473985111,903.2143150075495,6.3750113742083006,Sedentary,1.0
3410,61.10156097027786,100.0,4519.802948755947,7.524896021669141,Sedentary,3.0
4508,71.11966571917641,98.85855747205076,3647.394136391797,5.457647880321032,Sedentary,3.0
2574,62.20481154996262,98.62406549402992,20104.295938734624,5.9853295270399505,Active,5.0
4998,72.03045837268084,100.0,3005.040986787835,9.03177100186948,Highly Active,8.0
3129,67.61688313547933,99.68140254022822,33480.796436915436,7.701921786541731,Highly Active,2.0
3403,77.9953486298018,96.82938080841458,5411.262005349657,4.147053934880963,Active,7.0
4329,68.70215713328449,97.1019647917193,12937.459262401966,7.51264901635251,Active,3.0
4789,51.485864819223835,97.51756922426377,3003.260848295964,6.812648251686306,Highly Active,10.0
1588,59.53376521783728,100.0,620.0883804871812,5.9375996162861435,Sedentary,2.0
3012,70.07923990915592,96.8714571118096,617.2577216426301,4.88281946824976,Active,6.0
1519,68.28036798345624,98.84493321148504,5975.665050282542,5.2796142986195225,Sedentary,10.0
1294,53.7977659530828,98.21073307947022,18606.40527900337,5.660097380591928,Highly Active,5.0
2985,85.14870630208111,98.46238471268488,517.1898434749457,9.252876728318665,Sedentary,10.0
2247,79.68335182295485,98.11746120475306,8178.377220658081,7.460157619944997,Highly Active,8.0
2548,65.988112031352,97.26790198684604,5798.777788185334,5.435620513153321,Active,7.0
4117,72.5446385533638,95.75205810584352,7393.9124854210895,5.686997214885484,Highly Active,7.0
2136,87.79601800648967,99.49227602165227,511.82340926221485,5.850234959075339,Sedentary,6.0
2256,106.0339553463169,98.94086994476142,543.6744500518773,6.523519063082865,Sedentary,6.0
3064,65.33119594249538,98.41971201294638,1983.272317226891,6.281400608978679,Active,5.0
1359,93.3589852329919,100.0,1682.3774941104552,6.6459067371167,Sedentary,5.0
4294,62.088116943719584,100.0,945.5890540785632,3.5025252880114244,Highly Active,2.0
3913,67.02057813908642,96.11792708833823,2152.1746927757263,7.700435649516356,Highly Active,6.0
1699,96.5053534775618,100.0,5344.592337774943,5.659802577287877,Highly Active,9.0
1447,73.20241444670934,95.60041793565196,20902.38814345565,7.860273605317536,Highly Active,2.0
3903,85.30475530104607,97.12599275200913,17881.48629150493,9.794109683655831,Active,1.0
3412,70.95808636800747,98.32933773458258,2219.4267156907995,4.3209961823967,Sedentary,3.0
2007,110.06117704615544,95.47758807962296,38036.69642458765,5.869883801975763,Sedentary,7.0
2349,71.74840280648023,98.15848213152503,4529.302384414909,7.0922191759721,Active,9.0
3461,64.01208420281803,95.07563020468872,5399.910842965825,5.962641485047976,Sedentary,10.0
4526,86.70197435870261,98.87604076783938,15223.08859741129,5.272066610853686,Highly Active,10.0
1585,85.59879463134699,97.75467944981004,4149.574561022787,8.94054307051568,Sedentary,10.0
2256,51.641179910829166,99.14303384556624,6810.4537269697375,9.28895370320568,Sedentary,3.0
2247,77.56649380957313,97.05847328272718,5371.178564586381,6.07081839099042,Sedentary,5.0
1993,88.15651503788936,97.25456561664402,1738.1286191897605,4.779115701581606,Active,3.0
4902,93.00655300009548,100.0,10101.483804168009,5.242109168097334,Highly Active,6.0
2435,84.69673465856721,96.43542061683809,394.5524131316163,6.5585806696997135,Active,6.0
1571,86.0150620239858,97.6361302875849,3150.4380160380283,4.39799776493686,Active,8.0
3382,66.89859440619911,96.97641038874164,14276.309260783886,7.278587862978329,Sedentary,7.0
2245,56.56441947087052,98.26948012145606,4889.704139945797,6.205596153551943,Sedentary,2.0
3084,70.33689277684567,98.59672376919602,565.7793018840177,7.03448908142719,Active,1.0
1988,56.223519200791145,100.0,1628.2066411598246,7.091592587604706,Highly Active,6.0
1277,63.9145337099238,96.89806623290448,812.9021309330658,8.569124297030964,Sedentary,10.0
3963,60.88943216578833,98.49022084091268,1264.879521480881,6.939437882665734,Sedentary,9.0
2887,82.984293816209,94.40914594398784,8712.367457942955,6.873867820781548,Sedentary,2.0
1483,59.809091048806614,100.0,7539.866337066193,3.532599383345834,Highly Active,6.0
2265,102.53370656784126,91.51402594087308,1015.8186640934908,6.769490710476727,Active,1.0
4395,89.8372506021386,99.43884926385316,4121.394532798192,7.418212380189232,Active,10.0
1730,92.8424060182524,100.0,2455.2634282799377,6.3181684492333785,Highly Active,8.0
2040,78.00444847195935,99.40094384355086,6005.8187497162435,4.27190340894512,Sedentary,9.0
3571,59.35657959591427,98.21268730816452,16026.925120331793,5.390209897516824,Highly Active,10.0
1917,78.26033691167956,96.32709894536224,15933.307516060257,5.5471597697895785,Highly Active,5.0
3448,48.48418703091922,99.57790630832352,3729.369564760443,6.5138989278833614,Active,7.0
4977,90.93445322866944,95.1862026486919,3496.8362786073194,5.530275508799853,Active,7.0
1885,65.32657014242677,95.63638957869944,5108.327740918011,4.639176521273331,Highly Active,9.0
3752,79.54267258900846,97.08978453180234,4498.709142942734,5.966324565568488,Sedentary,4.0
1021,82.32711226547721,99.04468115049204,446.4331938895223,8.022189623241045,Sedentary,10.0
1473,66.69053931958948,95.52570776693383,6051.69246754265,7.631279346343263,Active,9.0
4191,63.02608606701395,99.34833659382438,6151.826036637248,5.457625933717496,Sedentary,8.0
3257,73.19688397806432,98.8785005107129,4189.154616003108,5.939979287632137,Sedentary,8.0
3353,87.04448525711267,98.15981903508654,3740.6272836265584,5.3335450451587745,Highly Active,1.0
4341,72.79521857067415,94.66447714015403,19571.946662493137,4.607809276563819,Active,8.0
1703,84.04436678945083,99.84259906975493,6428.470027856055,7.140465424431012,Active,9.0
1686,86.91137308749688,97.50919205764131,11860.375607994083,4.578326903174844,Highly Active,1.0
1284,72.11320677358621,97.8590894406229,21529.652971250893,7.494284383264404,Sedentary,3.0
1715,73.30985247897802,97.02005860671728,11628.865923610978,9.227963942363653,Active,1.0
4747,77.08211068108109,94.87638562699696,20050.41984207839,7.063521621767242,Active,10.0
2250,69.85077608556047,99.90106415068624,1305.3235708454329,7.391421223290863,Sedentary,8.0
1947,92.066257887432,100.0,1801.703574832077,5.766997185374737,Highly Active,5.0
3428,78.8269117789196,99.10579861705244,1508.7910830468534,7.0549695320136845,Active,7.0
3507,63.95083599738723,99.50835589962288,2721.557864805304,6.9685491485770275,Active,7.0
2030,74.37009223157098,100.0,3069.456548496769,5.561163851985823,Sedentary,2.0
1906,54.80989092579979,99.18354836774076,3133.3343008736465,4.928122969905022,Highly Active,7.0
4104,84.10273872831088,96.80252769031132,9093.593748253665,5.086874139901618,Highly Active,8.0
4717,86.96653381957158,94.04359296295628,16390.502094010062,7.251503869396689,Highly Active,8.0
3926,74.50464380434622,98.1261436936378,851.642022828945,4.281639497675218,Highly Active,5.0
4999,66.34854499042632,100.0,15366.078544828537,8.943848807554255,Active,4.0
3994,77.54819137701637,99.3294973535354,1905.0148337191608,8.07826974679139,Highly Active,7.0
1569,90.14545080380256,96.2233703738721,2448.97560376646,3.382161004959668,Highly Active,4.0
3006,73.859140066097,98.17567642103724,1440.7889084833948,7.748275599007068,Active,1.0
4609,72.5521596785862,100.0,11047.33862459443,5.378174221308103,Active,7.0
4553,69.35413492842748,97.58779058707684,7045.576540074759,7.681315497020631,Highly Active,3.0
2453,53.83398966239355,95.42835370591372,1281.608965149605,7.401843354513981,Sedentary,3.0
1737,67.75630729157413,96.2852439770538,6132.153650552076,5.8399264487467635,Sedentary,6.0
3000,70.79914018223302,95.72270358701508,6334.807741699401,4.145453340867375,Highly Active,5.0
4170,58.227282866807144,99.09899930559136,7648.836754873809,6.921692238932163,Highly Active,2.0
3444,86.78166945082762,99.37189667189948,2974.698464065305,7.205240702911591,Sedentary,4.0
4560,55.90152557792702,100.0,10089.914585221471,5.510720851427738,Active,9.0
1038,83.89016860892754,97.89888803054568,12707.252814113372,4.245297027538364,Active,1.0
4342,90.42960915109622,97.86363977614312,17367.312018139684,8.942401838731548,Active,5.0
1886,70.14936231143292,98.69093638079974,6885.618073531201,5.697790738915697,Active,2.0
3844,64.69614876810967,96.8749290016498,1739.452889145713,6.189078080365614,Active,4.0
3204,82.12676930007608,95.74569173764388,9661.20641992762,8.137140779749583,Active,4.0
2098,99.03637718439607,96.19585598923784,798.8143633449655,5.647540111774637,Sedentary,5.0
3931,95.12516341574982,99.21642421226473,1399.5350296921613,5.357747566636164,Highly Active,6.0
4201,61.75226145777629,100.0,16920.43056573701,5.40100367967492,Active,8.0
2710,71.51861296465974,95.94612584949108,483.3281060498026,8.325219300796741,Highly Active,2.0
4155,66.66442312823973,94.192190848397,6944.222972933053,6.697848690723954,Active,3.0
4093,81.75818918540853,98.31026028672572,19537.862887572956,5.740204853255547,Active,9.0
4530,69.48439373945146,99.0803836562636,5919.609962684148,6.200642501600297,Active,9.0
2562,65.99326289960109,96.73628457793376,12042.29506687319,9.180707390052984,Active,10.0
4778,74.16767093449153,94.94924789527612,17925.42241291361,7.782803318434433,Sedentary,10.0
3896,70.9596927499006,100.0,5123.840214213707,4.455918611769053,Highly Active,1.0
3795,55.098656991833494,95.54954815322908,7601.522357463723,7.074421902258088,Sedentary,3.0
4511,82.89701346922025,97.2784839569006,7789.593932217144,7.458143786943391,Active,4.0
4675,74.30792451314339,100.0,5095.136632523636,7.650053439992199,Active,2.0
1988,81.5141724099181,99.8968240277164,6832.130167865246,6.384806740355827,Highly Active,1.0
1020,54.16347030121287,97.34270091822414,5657.93465699709,5.225915019859786,Sedentary,2.0
3350,88.24569483694486,96.08759981457064,7107.809851030662,5.285012770012925,Highly Active,2.0
1868,83.14560816258835,100.0,4925.180200983575,3.04912058808201,Sedentary,8.0
1083,100.09811265958868,95.14316016378064,1761.674568337765,8.950327379885753,Highly Active,9.0
2682,66.2253584556272,98.96442374205353,3391.9182590077608,6.137835393771139,Highly Active,3.0
2976,48.23726029201125,100.0,956.6862921793884,3.842710954075028,Sedentary,8.0
4524,62.64602482246094,99.12438714822004,13341.9100409508,5.623355564981514,Active,9.0
2410,96.5145622887098,99.24647032055248,1400.6648372982695,7.364295625204983,Sedentary,8.0
1569,76.99637041132489,100.0,7302.953410117351,7.807232843445818,Highly Active,5.0
4963,74.07674370491519,98.03053797561316,1227.6398795319749,5.874129914013564,Sedentary,2.0
4598,49.07764624982208,97.19802732689118,1128.1517372564208,3.1325131063663063,Active,7.0
4233,91.601619378904,95.94297929248486,527.19353723842,3.93061570102326,Sedentary,8.0
4234,52.73205110316634,97.50956693932008,5198.396679732163,6.075707046849618,Active,5.0
2855,73.0969982994317,95.901285704775,1329.2383953880596,6.671706767601393,Sedentary,6.0
4056,64.26442750917747,95.0204177073892,24749.329437029803,7.892424193902056,Active,4.0
1791,81.71353767133539,96.80273840110324,6129.982367807026,4.462761152792913,Active,9.0
4595,58.43092568766939,97.43675535160408,8007.141135257859,5.458258510101256,Sedentary,5.0
2809,76.80361251485952,96.85237846695458,4008.286783415718,8.046411765333183,Sedentary,10.0
2294,74.38333901753956,93.37032548353083,4442.935266507666,7.714207150027747,Sedentary,10.0
3255,67.34820922438516,96.15652082683016,8959.414779572398,5.736883820363378,Highly Active,6.0
4610,75.37238031241299,100.0,6210.298660220612,6.270814488107049,Sedentary,1.0
2607,62.2384528748823,96.0152203660601,20999.947107053085,7.04309222339659,Active,2.0
2083,57.18288139373267,98.45394305180558,7606.25947824492,6.648462975967102,Highly Active,6.0
3477,56.30178773760134,99.90437195676417,3560.5138681696103,4.387556775951503,Active,7.0
1984,59.263430311849376,95.64556009089878,340.346973034023,4.282719957716337,Highly Active,8.0
2680,81.33424694255042,97.18171731547798,3467.8371516669204,6.111979472607298,Highly Active,4.0
4676,81.74207756392654,96.7591461582088,18113.7687090922,7.5873375600932205,Highly Active,8.0
1590,85.52113792012946,100.0,11579.1269747576,3.817162194185456,Highly Active,2.0
2050,75.70593919776213,97.2859289684355,3178.4139984579747,6.606633001391763,Active,7.0
2709,79.49397349139417,98.53921149598152,1439.6931230330702,5.327569076601687,Active,5.0
4633,87.12551145086884,95.37903656204044,11837.009217269602,3.3651534694456924,Active,4.0
3035,83.73070620866123,100.0,5722.083904869789,5.6803437105232115,Active,6.0
3246,76.6265998459121,99.00117127906566,5565.692881106258,4.60501730063872,Sedentary,10.0
3434,65.7963612091358,99.67951462150832,2434.8483647041867,6.085236341359057,Sedentary,1.0
1348,79.1369761362155,97.0369995510699,7870.41258202864,7.118957553867055,Sedentary,9.0
1959,95.4645175424068,100.0,13854.695106030538,7.185194949599054,Highly Active,3.0
2963,77.62998595902701,98.27787168920996,9709.811521417494,3.5343555116088727,Sedentary,9.0
1692,69.06988630375425,99.92934203468104,6634.9407844085845,7.362569609734418,Sedentary,10.0
2559,87.32100454284164,96.15509718725816,3021.0775793072403,7.119397197448029,Active,1.0
4899,54.22314913973092,98.36179411059354,13507.675678912672,5.864490476303017,Active,1.0
1377,69.60069744897012,93.9391822067823,5844.710752435707,4.5975391135056345,Active,4.0
3946,60.28837619772529,99.24795557160272,15424.5511329184,5.887804973653335,Highly Active,9.0
3963,73.17770804200524,99.11090424739368,2052.8838542967337,8.916853677306694,Highly Active,2.0
1526,84.61319455884714,95.73489994095571,19153.948825740048,7.9587915299758,Active,7.0
4224,46.980643285136395,96.3602984274434,3279.7925054975626,5.016610939592866,Active,7.0
3253,52.51402903869782,92.36810504948566,3488.384198501812,4.554555804683645,Sedentary,1.0
3502,90.87433767148292,100.0,4029.889336477505,5.5020119618732,Highly Active,4.0
4965,76.13839231162281,100.0,2115.038836669205,5.826238199933245,Active,2.0
2259,76.86063635370853,98.02362788387624,8566.20662780876,5.466341342012861,Sedentary,4.0
2875,78.0878275477166,93.28766828905776,2480.6350179439796,6.858095643768163,Highly Active,3.0
2763,40.0,94.83852366535722,6305.854004420573,5.6382409777606,Sedentary,4.0
2701,66.77305404135812,95.26575896932351,185.4090884731586,5.646909024640594,Active,4.0
2016,87.68701783530503,95.99895497302224,648.4697307600768,6.786317772967793,Sedentary,1.0
4003,78.04141903614395,93.06320554794196,19066.521159896824,5.9299104822020015,Active,1.0
3773,64.07752649792553,100.0,14669.538309222233,8.08113188148969,Sedentary,7.0
2013,58.06622081029866,96.55667782482408,4045.512796194491,9.2269479289988,Highly Active,3.0
3548,88.35524020971343,99.06599293931006,8820.145597642677,7.246354945991791,Active,3.0
3433,78.33321612021966,100.0,3965.9870393790425,6.157643537035076,Highly Active,6.0
2367,78.3116535021147,96.98344833965062,13131.15559811278,6.8673453430948275,Sedentary,6.0
1583,81.30941409081072,98.504618905495,578.2180518643048,3.972192205623161,Active,10.0
4788,72.68916391782584,95.3375973338958,5182.998254676216,4.955430247835593,Active,1.0
3768,73.11693480163315,100.0,847.8560541348149,7.009193320436718,Sedentary,5.0
4860,40.0,96.40853410130796,557.3167618863372,4.857474002725542,Highly Active,8.0
1273,83.62795598477308,97.45966541576196,4224.33732442378,6.399384746008498,Active,5.0
3013,60.02417483062102,98.8382882709885,4081.201576125115,5.956408471906861,Active,5.0
2389,69.84711336176434,99.39917264133462,606.0274697316704,5.38869979793488,Sedentary,8.0
1165,71.61156249356665,97.21950741807396,1556.0024708077142,4.878319370902684,Active,7.0
2567,67.78634993550884,96.74556287145404,2227.5557331160235,5.72298239693703,Sedentary,9.0
3058,59.39302741684378,100.0,16251.934199830132,8.403142300297572,Highly Active,8.0
2324,92.59306115783394,98.23493415943234,12196.731136492142,7.103314328498042,Active,4.0
1728,62.97839393776417,99.48448708756403,111.18180590791384,4.90636761481862,Sedentary,4.0
3848,83.43111009367475,100.0,1115.6741882366043,6.37331524803328,Active,8.0
3043,85.02357912359192,98.18139363987672,7868.095268442308,5.972548141039346,Sedentary,1.0
4496,66.81773196219734,98.0560727377101,17605.34811078044,6.437151816416433,Active,2.0
2415,72.01890666846313,97.80803417962753,10808.883743011149,6.7946228802917314,Active,2.0
4762,71.36440007813891,99.05192643929816,1143.4425848039095,6.435791580436986,Sedentary,10.0
2111,81.87719790716525,95.87262350757146,18810.524730746853,5.560478018315905,Active,10.0
2576,71.16312034159237,95.67415345201783,3624.881636490222,8.09088896453602,Active,2.0
3448,91.75794246512694,99.77631256125584,3761.5852863505424,7.385851154946888,Active,5.0
3635,74.82385271967652,100.0,8076.743522928956,5.13545646739529,Highly Active,5.0
4117,80.09261652559191,97.18613814847669,14566.81453692821,7.310632898188025,Highly Active,1.0
2695,99.53250445835248,94.54758033485462,22372.079218608724,5.846198395394923,Highly Active,4.0
4534,65.92222083704297,94.21622969195482,2829.7103802091233,6.563687156068811,Sedentary,4.0
3139,63.07836496247192,99.27309022650012,1051.2476925710453,4.405828054324548,Active,10.0
4731,69.43031978020554,99.36871732026124,206.86922157935692,9.805113010930402,Sedentary,7.0
3720,64.82180907287551,100.0,334.46815557317797,8.287541364751846,Active,3.0
1713,85.47326326205624,95.8178475987423,4984.3656249091455,7.50743757677137,Active,2.0
1935,67.54133790676121,96.24735069861978,8612.06962305902,3.6095983777126985,Highly Active,10.0
2951,82.95310521157622,98.97493743802386,28628.89537916217,4.364327096315341,Sedentary,2.0
1241,67.09756541062191,99.53971521910856,1184.569734698365,7.553892712718255,Sedentary,6.0
3043,74.91692468679966,95.58420539183444,8386.626833586539,7.102372955886472,Sedentary,9.0
4936,96.86397717706868,99.65697799357392,5652.005971279522,6.092300789743263,Highly Active,1.0
1001,63.817630960207275,97.11298322062753,4552.296246854709,4.471895303705861,Highly Active,4.0
3848,71.3068728474677,95.41485546463888,1908.6834839249664,9.187863540316052,Active,4.0
2768,74.73627827042648,94.13819100270216,2610.562726002257,7.157928094879986,Highly Active,2.0
2949,84.31206270029367,99.1476771124811,3398.5072729714484,5.366007114476501,Highly Active,3.0
3636,75.64477339638533,100.0,1409.641884124943,8.78628923097465,Highly Active,1.0
3163,78.67795635272758,98.08274356104266,4558.952530585144,6.7528475948889115,Highly Active,3.0
4737,57.685087509565925,100.0,989.8690187692828,8.944836176691274,Sedentary,4.0
1917,79.52352792879547,95.24516194220833,2680.548890689471,5.962997710464823,Sedentary,8.0
4174,79.92451323570137,96.2328211040394,840.6529395769701,9.59312985595482,Sedentary,2.0
3241,85.07400322835151,98.98381450206654,255.79813056135583,5.827277443779093,Sedentary,6.0
4237,70.0747211714111,99.07540459778006,3071.8137759259375,5.507906948020512,Active,7.0
1089,85.59535143592932,99.17363343980192,1153.2154077161074,6.390250289680539,Sedentary,9.0
2709,59.120370438218,96.92507974373407,35205.73551594736,7.081197200233836,Sedentary,4.0
3169,48.075301474150166,98.2353675307792,2244.796266499839,4.972271384404667,Active,9.0
1142,58.36576570943508,98.69770782403178,160.69385887002093,4.999032730626294,Sedentary,9.0
4041,65.41020255311203,100.0,199.0436447631004,5.927888109204267,Highly Active,7.0
1105,91.0860912974524,96.24283379468058,7688.227492657948,7.03755816601025,Highly Active,10.0
1427,61.35835579966681,99.69546726267347,16309.899071518792,8.103781919877072,Sedentary,4.0
2328,73.73711413442429,100.0,666.649225217507,6.339047380084146,Highly Active,5.0
2895,67.09713288491116,100.0,3305.370477630449,9.06095815736952,Sedentary,9.0
1634,65.68284181515898,100.0,15448.843606288096,6.906718810446576,Highly Active,6.0
2925,72.85469172758474,95.82295290563576,7993.923952749673,6.4266161203985375,Highly Active,7.0
3056,93.4537947269881,96.26917360229191,2148.6920976593224,7.77076148013184,Sedentary,8.0
3821,65.19313976444019,100.0,321.0204452488202,4.646349048508288,Highly Active,5.0
4144,51.72961168655133,100.0,4816.326370225138,6.924311722391923,Highly Active,2.0
4430,94.54533945156362,94.95301016689274,8739.804752100737,5.0203737635048284,Sedentary,4.0
1574,57.556699348159015,97.97849564129196,1293.6550221406533,6.90264532500399,Sedentary,10.0
1715,76.40618280502862,98.60537409403076,394.0033208426258,8.976214277893556,Active,10.0
2287,95.43865290633096,95.99217043535435,6580.566348319374,8.003513212625547,Highly Active,6.0
4911,83.32992220805858,97.14960707775018,10085.053381020154,6.5652753602409835,Highly Active,4.0
2713,79.58243229109219,94.379653436266,10614.243094261174,4.898727468213876,Active,8.0
4389,77.03841546280307,100.0,7404.8985377296995,7.19345268026651,Active,1.0
2107,88.17102013468681,97.3885706710146,4498.401692966566,7.1922032660902255,Highly Active,7.0
2341,72.75626858004223,97.40700009462134,3773.45773512391,5.483362485975799,Active,7.0
1110,89.24299901834969,97.72835701974516,1034.2624563863694,6.791239316181988,Active,4.0
1250,79.67906438310943,98.225434875823,5365.352649050647,5.5608761646583575,Active,3.0
3430,76.58343595107134,98.83825195469552,515.750711068411,8.322949019156043,Sedentary,2.0
3054,70.37943138538475,96.13101991171742,4420.377219531629,8.359877152778317,Sedentary,3.0
1458,70.51968302375623,100.0,9188.725286642302,6.269685206169404,Highly Active,1.0
2107,79.78529277097765,96.68740014174917,4094.6086111212257,5.6222797486410485,Highly Active,2.0
1207,90.19655140844348,94.58189056432504,4968.963244092615,7.6870229210573875,Sedentary,5.0
1899,82.56598794863181,95.24581203229008,12925.2493092432,7.477377778896917,Highly Active,10.0
4461,64.28291990421077,97.97506742948624,7280.732931960002,4.7505800246732655,Highly Active,10.0
4385,51.016089510868355,99.8468751526119,955.5229633209906,6.062664420751653,Highly Active,6.0
1021,86.09637275966156,99.6010475138005,5480.539864535148,9.789335018966794,Sedentary,10.0
1894,70.8620819639067,95.48243461503942,1622.0464605328548,6.852640387224025,Highly Active,2.0
1514,68.04579993294595,100.0,7308.245922178174,7.3175075335200335,Sedentary,9.0
4198,87.30789312580943,98.99589934953023,3420.06301447279,5.661914971418029,Highly Active,7.0
1808,62.0867535437463,97.36036229816952,10206.244915573754,7.649474263766281,Highly Active,3.0
4771,97.44297532241244,96.5065868301029,6181.697685649448,7.067121972512528,Sedentary,7.0
1873,81.184652910503,96.15262805867933,770.7091859773426,8.187819089519936,Active,6.0
1013,74.600821470583,99.06713408871413,3019.2428935380963,3.972104699427656,Active,5.0
1970,63.38827155722166,98.13841472838436,2201.4692358960733,7.031192641584763,Sedentary,10.0
4025,88.23103495984773,94.36554117151633,1137.4065937760945,6.814970289250949,Highly Active,4.0
4083,85.63822025830217,97.14817718826014,3329.658880366232,6.100325639466478,Active,10.0
4595,94.37136178886624,98.69633498892163,14960.213583446854,6.5751457697023,Sedentary,2.0
2560,121.7452204952703,96.41731740214588,2089.6022234312377,6.478452596276178,Sedentary,8.0
2324,83.32457293650205,98.53799403796256,10947.398260311684,5.801863769965768,Sedentary,5.0
2266,77.19405015542755,96.72945530951723,4005.86478655068,9.50826607458512,Highly Active,8.0
3169,69.1643239491456,95.09225415844269,5808.167371696127,6.992469814285143,Highly Active,4.0
4218,88.15005802900465,98.70429126940044,16265.46123797566,6.964639598843352,Active,6.0
4638,69.50087857870648,97.8457043699432,4703.470514969872,4.50895130817041,Active,7.0
1749,63.386945833366894,97.6304266607079,2852.5596470980445,6.026632139309648,Highly Active,7.0
4427,67.9697293251858,98.14012961259786,9098.08345051507,5.706553145739598,Sedentary,4.0
1684,72.11769096739722,99.09502788123058,1003.055617709431,6.45365723929115,Highly Active,6.0
2927,108.74676034172164,95.37931351467664,17151.44508518718,6.0176759587540865,Highly Active,5.0
4804,79.38709563334635,96.34838416017124,17300.869722111314,5.573913597301109,Active,7.0
4702,65.0849190615659,100.0,6062.633338255297,6.157344869767376,Active,8.0
1694,77.82763926650468,100.0,4211.523467332236,7.392800231783638,Active,9.0
4313,94.42145147118391,99.58515286936743,3853.092650969239,7.707514315913398,Sedentary,7.0
1306,103.67636701964844,99.40958602994364,2479.881498740317,7.2471012595810205,Active,4.0
4883,52.62358856178261,97.82715428757376,1347.4528265513447,7.783688511940672,Active,8.0
4665,40.0,95.00636673570872,2142.781285414998,7.678432555417187,Active,1.0
2989,104.87203409823708,99.36131423456294,5676.085378249413,4.573508022149956,Sedentary,1.0
3961,64.69016362113815,97.83790248918972,8102.001942805113,8.738996874497811,Active,6.0
4794,49.52235121506027,94.60938972099498,27244.231553952413,7.803644114542546,Sedentary,2.0
1661,67.1270559280648,99.16132687060816,1701.2668799912994,3.6360891946606513,Highly Active,4.0
1548,60.48583709730104,100.0,1597.2354525506476,5.359943183255791,Sedentary,8.0
4423,63.41224019752861,96.39254674378948,871.274901835496,4.65105061482664,Highly Active,2.0
1311,87.83615165335233,97.25369399742158,19577.42275472942,7.150988761335409,Active,3.0
4714,75.4881015193087,97.70625022316314,15415.093136843618,9.101763135666314,Highly Active,8.0
2737,71.25978449259794,99.60518700249096,2297.303996358504,5.06332498418921,Sedentary,3.0
1034,87.68223426217834,99.0552225831893,2273.7833694001833,9.240669473158995,Highly Active,9.0
1444,67.4191812504446,97.5878970355062,3877.786018065477,5.1278442480464985,Sedentary,5.0
3140,85.46675085068361,98.28943811778318,4842.346908813018,7.951916240787275,Highly Active,4.0
2982,51.073264164487114,98.7140313951284,9937.493741269922,6.247663289647308,Highly Active,10.0
2230,88.48147003109496,93.06143897286704,2180.9827888440473,5.088749976447993,Sedentary,4.0
1352,94.48395488598206,96.65108381957644,2484.202366831619,8.771228186078558,Highly Active,6.0
1902,71.54647312601239,100.0,6389.676195968985,5.857274773969353,Active,8.0
2355,62.721146501264755,93.94878990643248,1382.9187538255755,6.27571723199831,Highly Active,9.0
4888,58.83598668802924,98.78919766997724,4486.445197600203,5.967655079396684,Sedentary,7.0
3909,74.61769444416583,100.0,2022.9748149733211,8.080191775123874,Sedentary,1.0
2748,93.24107878680567,100.0,1544.4403057906943,7.975132303548151,Sedentary,8.0
1158,68.6133275652828,99.66516620927842,11115.552862363706,5.387171531801764,Active,9.0
2977,91.67163369570989,100.0,8596.013024852386,6.673924799662414,Active,7.0
1956,57.72924397339674,100.0,2012.025792802668,7.053168939307623,Active,10.0
3071,69.72685625327382,97.23238050267749,3755.080699572096,7.963144133695123,Active,7.0
1403,74.34605948323778,99.43574557445416,1172.5056215183654,5.588473200312617,Highly Active,5.0
3852,78.24592311371923,95.2321053757491,382.43847050786087,8.573713372692342,Sedentary,9.0
1515,70.00859749936491,99.94888175589692,6160.052574273768,7.721726829364725,Highly Active,3.0
3779,93.69964959429524,97.8594627618289,3163.097985882845,5.075478436550687,Active,8.0
4453,72.37769334903875,98.5487862953746,852.0588995078843,7.233935956306551,Highly Active,6.0
3579,67.19254936704786,99.99465558739192,7976.648190622094,5.4363782355730255,Sedentary,10.0
1955,65.99377373224516,98.28671058835,2216.9892903619293,7.139780704354612,Highly Active,2.0
3199,90.51587433449342,97.4955394762028,16655.42469537562,6.503615661635284,Highly Active,7.0
4633,65.02476580336068,98.61723855577505,1499.3356642417157,4.203035034870108,Sedentary,5.0
2340,55.31762574294693,97.79394973648304,13361.26224383456,9.573697864782186,Highly Active,1.0
1607,85.00463620358036,97.1095234733281,5947.472710269421,6.313876230266075,Active,6.0
4688,54.51961128965455,95.24338588372046,802.9962817353536,6.661987411631788,Highly Active,1.0
3467,69.01618216283468,96.60439949736345,5581.161828993611,4.960234074572241,Highly Active,7.0
2273,76.53237946424625,95.4054076191741,2578.4807221845904,5.602389449313159,Highly Active,1.0
4188,49.76842357990792,94.91652628768264,9347.6570372149,9.752404731622748,Active,5.0
3913,77.73408913836317,96.8512521253779,566.8771537410926,10.126918584310973,Highly Active,1.0
2535,70.13147003106796,99.00959955729785,17497.48886043471,3.716974655732359,Active,6.0
4811,46.390418819263054,95.00618758249084,4553.330526871002,6.586240781068348,Active,8.0
3625,77.92838475245973,97.90666821210482,9277.321098901704,9.302122884355128,Active,3.0
2441,77.77015093850571,97.77504988498336,1374.240698255761,7.526149684140822,Highly Active,4.0
3979,82.56467237214669,99.67639874621052,14847.287966814947,6.245692906773199,Active,8.0
2797,78.8717642395563,100.0,1854.153745440739,7.2729625077045235,Highly Active,2.0
2394,54.04759786645619,96.06787638071752,29189.520364426586,4.6764722738329105,Sedentary,2.0
1185,57.5801758501879,97.07118941358972,2631.968220810076,5.553950030246575,Active,5.0
2269,62.81762449681219,99.03548697528876,23357.942918409262,7.660059635883988,Highly Active,8.0
1636,105.32934230392723,98.08352324319034,3997.636832954659,6.398239255914394,Sedentary,3.0
2291,62.95031432516227,98.09841766235462,12598.926277473098,5.682130435495373,Highly Active,8.0
4714,67.17343611613767,98.19676867137768,5284.925004778405,4.864958582006382,Sedentary,1.0
4308,71.4853450365451,98.15447833745128,1608.1926002944197,5.004771883682861,Active,5.0
1529,69.64878013143183,98.5285388443534,14841.450478492228,5.427338241827297,Active,1.0
4623,102.22815084056307,99.87615471280849,522.8102132453241,7.185124193668033,Sedentary,4.0
3068,49.11592676430803,98.69868375844572,8036.554774805076,5.724157363826205,Sedentary,8.0
3958,107.7805759992742,95.80886378560868,12434.99855023749,6.766906472251648,Sedentary,8.0
4808,77.17041319789628,99.85190085020756,12487.600299466576,6.7364795227165954,Sedentary,4.0
2884,89.42228476063752,100.0,7455.54768799376,7.653418138385668,Sedentary,1.0
1793,75.30553582419437,97.70590070872812,2023.0897275167215,5.26708341903546,Sedentary,7.0
4591,87.22903652252359,98.61777375146949,5310.026112190785,8.924634459914335,Sedentary,7.0
3147,60.83460614181903,97.06629336940117,6950.998996466774,3.8614650617160393,Sedentary,5.0
3799,54.67540843929835,96.44818083798592,15431.501107754251,6.011574480413383,Sedentary,8.0
1477,113.8968152654424,96.69260289474792,1217.7077623331152,5.86289456443677,Sedentary,10.0
4369,59.19332468055026,100.0,2836.1834054832025,3.193586472236832,Sedentary,9.0
1939,85.74820729101694,97.85203466945816,3906.7950676599376,8.320105752385068,Sedentary,2.0
1525,92.3681537171347,96.36528169300048,1415.2359502166582,7.744055353331471,Sedentary,7.0
3381,84.90282359786916,97.51700770325678,1716.2112462045288,7.248168629908612,Active,10.0
1001,71.87508651309132,99.32878898929609,10283.135776039984,5.4105551910830325,Active,2.0
1374,105.36748978923627,100.0,4555.662276502964,5.74154956260463,Sedentary,2.0
3340,85.31493935692524,99.08336262878784,5052.947211475447,5.995634732696835,Highly Active,9.0
3884,61.08144501361398,97.95132907312944,15943.752391891105,6.140482761091889,Highly Active,4.0
4052,69.19670548292689,100.0,1920.8702453047376,7.6926425488232,Active,2.0
1552,58.95034568064162,97.5607188584203,2795.736476428404,5.758201200794614,Highly Active,1.0
3365,73.3890472282677,97.43636439171114,2583.423034753548,5.214911141254197,Sedentary,1.0
2525,72.90381878298756,95.69384463532904,7535.999876614894,6.719933557237502,Highly Active,2.0
1380,86.10972238203651,95.68106862217722,4464.578365667909,7.255269208958703,Highly Active,6.0
1013,80.42098456898887,97.83738390913064,4630.436007651986,5.889517501068131,Sedentary,5.0
1503,90.64900133121743,97.01447196433924,11848.114525060151,7.898252454063871,Active,10.0
3278,71.61243384429442,100.0,3696.314348698766,6.713215282014032,Highly Active,7.0
3008,40.0,98.60981658202392,15489.697667786328,8.03657724507049,Active,7.0
4155,106.66451928673156,99.38469109175772,891.8913041621894,8.348196024032683,Sedentary,6.0
1129,61.33890192615855,98.94800070596771,690.6106876837783,5.364064067029169,Active,9.0
4814,85.43199961707923,95.8405659701249,7463.724174645788,9.469208312286776,Highly Active,9.0
1837,69.89068124031635,97.59366220897624,3456.699787083355,6.7716468877906415,Active,1.0
4216,95.9704644755229,98.84454103915527,4257.967638924922,4.779043457296291,Active,4.0
3938,60.57462577461225,94.51510401701957,8335.522361001693,4.791601023456668,Highly Active,7.0
3040,67.53349763500425,98.37431508778806,314.4542146017157,8.471531111528565,Active,5.0
1027,83.31443846184705,97.51011434866273,4044.8582945904586,8.144785124033882,Highly Active,1.0
3113,78.34555576729652,91.03446326108296,15758.27810701308,5.6881784100824815,Highly Active,1.0
2252,76.90135565608594,96.04311747924616,5939.841390327213,4.1364067456748455,Sedentary,9.0
3046,89.23199108046626,97.0061750288157,4366.3134906794585,6.755960140415406,Active,9.0
2472,97.71720446637396,100.0,4586.302243711366,8.750268648212936,Highly Active,2.0
2447,80.15694869819927,96.55150297478758,1876.44846055298,6.086790488326166,Sedentary,3.0
1459,80.08531486989487,96.8884105563555,1252.184323056066,5.999428971469554,Highly Active,1.0
4747,101.50512939952188,100.0,3018.2569264519284,6.9340757162628615,Sedentary,9.0
3966,82.78101653814726,100.0,1274.4461210184577,8.829201849808051,Sedentary,10.0
4374,54.082899655900235,96.51620069215204,9200.511947378422,5.450866860120786,Sedentary,9.0
3334,49.74477902341503,97.51954826142666,7331.453249656981,6.243552442438284,Sedentary,4.0
4466,84.19059494428953,98.057728660736,2625.7139495781516,6.705431317013641,Active,9.0
4081,84.8088723030134,97.54309089396092,5607.652315738817,6.100622784827167,Highly Active,8.0
4778,64.15820220509089,98.33318490875033,12378.418209302885,5.569263453941117,Active,3.0
1629,80.30845840004672,98.31347723897989,12790.750564906268,6.114544112422649,Active,3.0
1269,61.30281640390239,97.62322890311566,7436.84498906235,4.672706054698702,Sedentary,10.0
2801,80.03303481145407,97.08281790280896,7775.815945200887,5.912651450946944,Sedentary,4.0
3891,70.5881659481196,95.12710211697018,2088.878756449245,5.681761610452664,Sedentary,1.0
1861,71.82459615643656,96.16204334868443,4370.998214421827,6.523953506254094,Highly Active,8.0
3180,82.32133499501317,99.67434148366593,12764.717523973008,6.791924693555959,Active,7.0
4347,76.29734726108906,99.713261725335,866.5621207571472,7.962204938864502,Active,2.0
2799,84.77174754019838,100.0,16914.519772853204,7.413682975393481,Active,6.0
2706,89.38396032854182,96.01260720635146,8067.165029945244,8.405732856398803,Sedentary,2.0
4019,65.58049412812055,96.29057717821576,6750.771659324037,4.349864771212292,Sedentary,2.0
3560,83.89120926761748,95.8164389252549,1990.8995461956897,8.069735499663114,Sedentary,5.0
3360,71.60874205084389,100.0,18439.813196913427,6.94819097610213,Highly Active,10.0
1575,79.70779997150306,99.11544783514418,122.59475899165872,5.6945130503075365,Highly Active,8.0
3933,87.52854820541769,99.76578405580548,600.3237655384013,6.6621449470059115,Highly Active,8.0
2307,58.742702447831185,97.98512362112837,8292.496037187153,6.7179902231577415,Highly Active,1.0
4192,65.10910424972712,99.11623491064296,6825.921260222696,6.620497515605918,Highly Active,2.0
4178,64.04483280418322,95.15079396888396,20262.066735422544,7.788594021886325,Active,6.0
3020,92.67670328062982,93.65703832698424,7750.760670876087,8.60606538746894,Highly Active,9.0
3212,88.03325040132879,99.33497076190292,4365.904706135563,6.564765166318204,Sedentary,7.0
3352,74.35165989466901,95.71153989864476,108.8750692334572,6.402803422096734,Sedentary,3.0
4568,80.15623927459131,97.90343330118006,6276.094585706737,5.25047198346913,Active,9.0
2655,60.287110075941705,98.95211315439074,10727.026810588826,4.523223670592774,Sedentary,8.0
2579,55.18974673433382,98.26086061768254,1594.9325694179674,6.308767119685322,Active,4.0
2847,85.98522800708939,97.88327095814508,2568.8010302503285,7.049328365273621,Highly Active,10.0
3203,75.49268716920128,97.77069863990154,989.6492708066312,8.071298928667819,Active,6.0
2390,82.83895729595045,99.55063996032878,6693.858206380321,5.342865263816449,Sedentary,3.0
2742,98.90621391066044,99.63180241148112,5811.120859059653,5.323319168485703,Highly Active,5.0
2925,71.41799946794936,99.39824056664848,12256.856120516775,8.789192701422698,Sedentary,2.0
1619,71.55546905996255,99.4121209984767,24626.5662903764,5.798217690671346,Highly Active,6.0
2274,101.5299185936879,98.9636172460471,28791.945188231617,5.9992168598408755,Active,2.0
1475,62.950391268613416,100.0,5638.514873570434,4.030860113359553,Sedentary,3.0
4953,86.03523238938878,97.7747386279238,10913.034663983,4.698032287868056,Highly Active,7.0
3381,71.43485783588689,94.60378575906957,7530.762299942167,8.587953505104746,Highly Active,4.0
1968,76.34529899931613,98.9048322531584,4080.2523697850816,5.69907640700516,Active,9.0
3558,87.4002903166187,99.05729733803736,3899.272921614184,5.825301716215356,Highly Active,5.0
2316,57.612268409539226,96.26249999265964,185.2166989482813,6.019677417082274,Highly Active,4.0
2043,57.263463303460625,94.67738338174787,110.41494976621892,5.81114992273438,Highly Active,4.0
1281,73.79911410179236,98.56725941403926,8258.285061842338,6.7137247926638075,Sedentary,7.0
3844,58.49950983033917,97.47983645685434,4463.538939820278,8.379154732892614,Active,2.0
4072,55.85890977044144,97.96314568948632,7556.420784194332,5.2947111630018515,Active,10.0
3166,75.09174100512665,96.95064522308738,1904.7037706579968,5.613326484196133,Active,6.0
1197,86.82026036340957,96.65269718841554,16321.539319209538,8.857311167550929,Highly Active,2.0
3532,73.39588457937954,100.0,7599.113431152663,6.056795255381745,Active,4.0
4828,94.23857983844364,97.61109426315494,2278.1851639035576,5.15145094740786,Highly Active,2.0
2082,101.02439365153262,99.72075483583046,1704.81653298874,3.470869015986368,Active,8.0
2184,69.50712542027048,100.0,19785.232636875087,5.1986404613719355,Highly Active,4.0
2008,98.43923737006168,98.35710925106363,6041.115306941676,4.712582724491286,Active,6.0
3738,97.77822834666904,99.8409704414673,12797.723038911554,6.605506193948476,Sedentary,8.0
2035,93.34268235094464,100.0,7858.928420806155,8.639055284037667,Active,5.0
1275,43.99139579011496,96.44792580570808,5995.656504335005,8.012832192002586,Active,5.0
3740,60.43216340091829,97.63243597571535,9409.354786786182,6.243168474190474,Highly Active,5.0
3289,78.09854520216854,95.56645683507546,3532.100449430766,5.182336923575353,Active,3.0
2239,73.88730540234921,97.37846501979148,16403.68149499054,7.428321520527169,Highly Active,1.0
2274,89.42794245976634,95.2430248870449,13939.647915119564,4.806710068608719,Active,5.0
4882,52.71516750761853,99.5065846467634,9044.893170966883,8.23617583512028,Highly Active,6.0
1125,53.0083263018892,94.40471162646912,9522.37234670872,5.378279988723545,Sedentary,9.0
1216,86.43456698370458,95.86624518455504,3731.985454049718,7.610530507990402,Active,7.0
4377,53.46110014384944,98.63950041402344,12508.510027495216,7.064395790805162,Highly Active,10.0
4868,70.93869762666452,99.60605015870716,18880.76203172687,5.043393378011133,Active,9.0
2208,75.36844399644107,93.97993937916114,11098.293346583612,8.315814469692544,Sedentary,8.0
2246,83.66791821144433,99.28886376825028,10812.827699310305,5.375954748625807,Highly Active,10.0
3542,102.4789213490006,94.41575912178445,6567.956480997199,6.603060588790978,Active,8.0
3474,70.04795947068969,98.0223158068502,33099.24567823561,7.801493018473012,Active,8.0
4249,72.44592205720997,98.9376444872964,3116.956501488757,8.33669063789649,Sedentary,3.0
1918,115.40365803639864,97.06842243060754,2999.6501655312163,5.962647107615228,Sedentary,10.0
2317,59.32353069251661,98.01326426625948,951.7253504190422,5.972209334385791,Highly Active,6.0
3198,51.65304762248456,93.51954354609587,5054.7020063515,5.702569371290611,Highly Active,3.0
3431,82.42770661272928,97.0600541304559,16840.067527935615,4.454691664196526,Active,3.0
2661,65.90578126726008,97.21988375780796,11621.408233482403,7.794753264323093,Sedentary,5.0
4884,50.757891572360194,94.57522876716358,1410.4627616866933,6.652945159900301,Sedentary,5.0
1307,82.90274033560955,98.71518733669116,5773.804321601484,8.78876282854727,Highly Active,2.0
2359,83.34386086814263,96.87474607803485,13137.774578936476,7.736457896103193,Active,6.0
2969,75.02078782264502,96.21333882766726,5427.99103157427,5.899731305336211,Active,5.0
3793,106.03633417536554,95.4966377126994,16967.90221263932,4.788129674216931,Active,10.0
1891,63.42754013214507,98.19659965032336,16693.01931729169,9.301072729476552,Sedentary,6.0
1374,87.9986043573498,98.97097561661823,2996.5954587259025,3.952185592690021,Active,2.0
4079,79.91012270440575,97.64480269079296,14496.402081220804,5.987173314533264,Active,6.0
3033,89.57282647653452,99.82171534746948,6158.290900782993,6.0105856743223205,Sedentary,7.0
2364,67.43869756304738,98.74772509445084,4575.416663037811,5.529378026416366,Highly Active,8.0
1128,54.22995910446339,100.0,10418.763259952982,5.22297531544832,Active,8.0
3716,85.2134330844122,99.20829016305846,11658.12453628151,6.423204229619894,Sedentary,1.0
4423,75.25930145649322,97.45441276317796,21172.36725060553,6.958542270717265,Active,3.0
2381,78.22615531974044,95.32214413909836,14449.799291098405,5.712555625222546,Active,10.0
1516,100.88343279165144,96.0207780075619,540.0821469643628,5.704721441195682,Sedentary,8.0
2518,74.63666927690875,99.49362722867038,13281.192275901249,4.936386167062792,Highly Active,6.0
1085,67.01439574994411,99.89397146326512,10647.672063066644,6.751315616745736,Highly Active,2.0
2198,81.60486998356096,99.54174471825264,18296.3168416377,6.572161239640325,Highly Active,4.0
4873,49.26276526457739,98.198346222352,9417.920135332988,7.0693040872709325,Sedentary,3.0
4264,49.230642161564795,97.54123289911011,14717.739934520498,5.688170028843674,Highly Active,7.0
3358,72.98921480532597,97.63409519918469,71.89932239697356,5.133929610584419,Sedentary,3.0
2142,61.00649111705535,98.51177706349756,26655.319975661896,6.470676297746851,Sedentary,5.0
2993,82.89367421446251,100.0,18575.99143719256,5.558628369039401,Sedentary,9.0
4485,73.84537427068479,98.09192042634766,15.581362608136963,4.663031188521555,Highly Active,3.0
3161,76.24449102947754,93.57417520784186,17147.702873327642,4.742325429262938,Active,6.0
2021,87.74011356088573,97.16976528373552,17894.455766358897,5.238026747570302,Active,10.0
4719,86.88812679390497,98.42039076292096,1362.5925686328517,7.700625015857359,Highly Active,10.0
1302,89.86399273657419,98.01545144816096,10517.9392148336,6.544939200301914,Active,5.0
3791,89.17390494079139,96.60825509782455,4678.988775100159,8.39770887906702,Active,6.0
1587,64.52684285636626,99.50059136477822,9879.02843055722,6.522781438363575,Active,1.0
2863,76.74936810016891,94.8721115542313,16110.028428701202,7.097575968488653,Active,1.0
1344,64.889601790951,97.38855867659662,8682.799775516929,8.216265797618254,Sedentary,3.0
1813,99.44803732126611,97.24592679850326,1048.807496969449,7.448688290140819,Active,10.0
2987,99.52291749924636,94.63705672054878,2020.9038647976388,7.0231264429957605,Highly Active,7.0
3848,73.19898209600007,99.04223310700505,2150.752299003204,6.128074079355277,Highly Active,5.0
4072,90.4631999651816,98.37611004112436,2951.695950322602,4.732967017212305,Active,5.0
4218,83.40032273009544,96.06123895425245,7685.746507080526,7.43834861515,Active,8.0
2310,67.55068701497007,98.49631125036927,15732.209575017354,6.20710397393923,Highly Active,9.0
2999,81.18015723864791,99.95514995635254,6304.64876130438,6.968286913283947,Highly Active,3.0
2677,63.386158424058486,99.02153728414552,9754.6911169158,5.61936291019269,Active,4.0
4124,61.799956589874014,96.8292074744295,2666.0859547974937,9.4990552256329,Active,3.0
2327,82.15355138377328,100.0,5173.821917888197,6.858563375349407,Highly Active,8.0
3408,115.41131303006912,96.74888874976756,8452.582656117173,4.795490172887513,Active,4.0
4673,72.66795142494557,100.0,5108.081935791483,4.401963212260071,Highly Active,10.0
2009,88.84131327532236,95.66674457585398,1957.1399911244123,5.626632383923399,Highly Active,6.0
1703,74.62415400131485,97.0132084116004,2057.835072840528,5.825127104005615,Sedentary,4.0
1574,65.28569498982101,99.94862222924468,27700.763669357904,5.685742432792279,Active,5.0
4232,72.30702377669144,97.74727831644182,11501.111162331934,6.064710814950349,Sedentary,7.0
1028,90.8167661201839,96.15947944669166,518.2871594024328,6.584586214056781,Active,9.0
2112,81.47438979087701,99.40252153699636,657.507795949999,4.990091582462863,Active,9.0
1687,62.49911433086828,98.95199558005632,8111.906503639142,6.997890603928594,Highly Active,5.0
3828,102.5207733674428,95.09550097596328,4277.218046047635,4.664739941189715,Sedentary,4.0
3632,61.3893021661836,97.90620754765732,14870.67985417509,5.838511896451413,Active,3.0
1044,97.46341211320566,97.8593146691217,11823.771544728388,4.038107017758046,Sedentary,10.0
4018,55.64081643355512,99.6611245009968,10713.596254445538,7.350460639428949,Highly Active,1.0
4681,54.494046074995495,99.88643374193668,2152.7799411499004,7.156057351513751,Highly Active,2.0
4452,112.27117568543896,97.9962223508524,10837.818286403926,6.159125526167241,Sedentary,8.0
4173,79.30751916211042,97.00697593571245,2676.0857023918093,6.127957556403469,Highly Active,8.0
1493,87.02241281444303,97.87878598014107,1965.57544372912,6.340030722817682,Active,3.0
2637,102.08500761910948,97.3085907890553,6906.776954834873,6.299791729667886,Highly Active,6.0
1018,67.4628211395939,97.24089102738532,1943.9279155040265,7.060958761260327,Highly Active,5.0
4525,62.11765954790222,95.99550763192528,3288.0952046595594,8.471393446676469,Sedentary,5.0
4665,88.20096578712844,96.38017530572304,11053.35427349963,6.221955667249999,Sedentary,6.0
3444,106.93042189578952,95.56541767469314,2645.950608243059,5.21241601131444,Active,4.0
2000,99.2144678728472,98.86552954035196,12951.658820554365,5.9097590242570925,Active,7.0
4350,92.92627334450974,94.22557892195144,417.9285461501807,6.348180123383362,Active,4.0
1850,64.7219965456714,98.05294720963292,29817.57082172109,5.180548065992433,Sedentary,5.0
2388,64.40489433351003,95.7739812060439,3775.493537585723,4.063901003522194,Sedentary,5.0
2354,61.83230432970367,98.8834987176852,2750.1078710336756,4.540204250129972,Highly Active,5.0
4712,72.7401915211268,97.61556162328316,18009.35161211264,7.16532972021896,Highly Active,1.0
2367,46.30088223605115,96.22507461031054,994.0829563135726,5.497510006692093,Highly Active,6.0
1454,59.63119960281772,98.87501426055763,3112.001003062174,6.5741918443608505,Active,3.0
2624,57.77852198889754,97.10263864101576,3865.930349789056,7.860874370643046,Active,9.0
4136,84.66435889653691,98.83040662902202,6269.196646370774,4.801900779122548,Highly Active,3.0
4147,60.50966554360771,97.05259058333183,33590.23298638451,6.258728918218247,Sedentary,9.0
1710,82.52203911304889,98.16195586283447,13012.513038379098,5.033561809728751,Sedentary,1.0
1916,66.75963852485927,100.0,1557.2676593660929,6.691351906770464,Sedentary,3.0
4986,64.23820391337183,94.59068375898094,5585.366619672987,6.148748384520456,Active,3.0
3875,62.9674971755721,99.09700805213782,1684.7588952905887,5.865221015254337,Highly Active,2.0
3652,58.76670390484017,98.9638917250704,2513.306562054936,6.903712607066167,Sedentary,3.0
2496,68.69463782363948,96.53188780155568,8105.500574371444,5.89516970336314,Highly Active,4.0
2440,76.01070903631604,96.18673518106198,1426.9878804297316,5.878847481900222,Highly Active,7.0
4568,77.36664905019916,100.0,6.663384311588916,6.4365697894256035,Active,1.0
3338,75.52013887207156,95.96812964140116,6571.818692194009,5.780575522006043,Active,8.0
2963,40.0,97.8250678561789,16212.641970582525,4.941960273785826,Active,9.0
3149,84.50447742186216,96.8622180399114,1477.144844630795,10.005308616586934,Highly Active,9.0
4338,66.41037846394971,98.68497042002828,17369.17744048784,5.362530382468615,Active,4.0
3914,48.976387850229514,96.49606843134036,8518.725021566943,5.776490825362564,Active,4.0
2526,92.99783003282876,99.2119662156314,9873.971135953952,6.772930421145566,Active,7.0
3889,58.59527949959233,100.0,7650.731912301189,5.8382115923255995,Sedentary,8.0
4848,77.41470840565982,97.0482814220652,8012.552834723069,5.524487928253922,Sedentary,1.0
2026,77.93396143051648,97.895967669928,6573.741905242645,7.555592419363714,Highly Active,5.0
3132,73.4820454256758,93.91656370888148,428.234780541804,6.1288841027641565,Sedentary,3.0
4865,89.66529980434967,97.8922762652802,25769.68297755701,9.239994497613292,Sedentary,1.0
3375,81.0607671171796,98.95242696241172,2036.571584936067,8.527212274916014,Sedentary,8.0
3863,102.8031451798778,97.96685189494389,3414.590930866233,6.9415845026813425,Active,8.0
2473,104.4399614686371,97.80421729488565,1368.6773192453063,6.1448993066078454,Sedentary,2.0
3501,79.70575281037995,96.68597848022029,12343.109051525964,5.547508856282601,Sedentary,7.0
2947,74.44161149228829,97.30464694087982,22996.644260924833,7.823132139026548,Highly Active,2.0
4292,66.50354777548176,95.92034531092182,2330.407014314077,6.062424863475022,Highly Active,3.0
2177,77.00617400482011,99.85339688594053,8581.524743543914,7.173806892652209,Active,10.0
1011,64.31889350921438,96.77337548861968,777.0487811994251,7.835052988941305,Highly Active,5.0
2156,86.79730429693056,95.97113893299937,18478.093977497167,5.332207851751954,Sedentary,9.0
1303,83.07081564652276,96.48669841743782,6611.951260593021,7.165935007642174,Sedentary,5.0
4022,81.28339813726136,97.05561105120802,4710.710243522827,6.643893698249555,Active,5.0
2763,69.21578584686382,100.0,5217.242536734967,7.068186644598954,Sedentary,10.0
3830,53.47197185772892,94.8207606825805,4814.4113027356625,7.3302824346722195,Sedentary,7.0
1042,84.40808845747225,99.89134021486718,5775.451184819957,4.763830853172793,Sedentary,3.0
1943,83.04382720599122,97.99322360731516,3498.6539846119954,9.571483282189174,Active,8.0
3390,86.39544186659425,93.74430757933496,1106.1022904205397,6.649970927801972,Highly Active,5.0
2349,57.04170403908629,95.482216947318,7646.667494947336,7.316938923397455,Active,4.0
4885,52.49637912476011,99.01338766643646,11007.91207561674,6.632129654359983,Sedentary,9.0
3545,78.97409092353362,96.28502337050284,12872.75897985459,7.915017745040203,Active,2.0
1890,69.64233698927796,97.74190175013848,3629.9506215389056,4.5392470738272905,Sedentary,4.0
3474,96.7011260552678,100.0,26857.837953440383,6.323747250724167,Active,2.0
2004,74.85164656187649,95.4489727807601,452.2408018774833,7.218953323256549,Active,1.0
1020,93.46533076035838,99.28633388838776,10777.8843217431,5.980070128074218,Active,10.0
1406,88.17327909952775,100.0,943.6290228827324,5.492883794598949,Highly Active,5.0
3666,58.65145756654701,96.04521761989696,12186.366423235477,7.0226752041902305,Active,8.0
2014,61.696019871525735,99.562286871626,7807.916132357286,5.108649504180871,Active,5.0
1335,55.76682145456549,96.95019309202048,9037.731567248857,7.9690361823656115,Sedentary,10.0
4188,76.47161662411854,97.33869236971049,19633.90731430628,7.246142096673182,Active,10.0
3840,55.53057515301897,99.83083059418676,3660.07152457803,7.203301377185405,Sedentary,10.0
2827,68.0691079383254,97.12906097117664,1394.0658603772513,7.420464343758961,Highly Active,1.0
1714,43.34345270428359,93.92776806778916,3359.075537411463,4.564054146010974,Highly Active,1.0
1050,79.40059266853847,97.85634842341076,27050.92401835812,5.375611016235551,Active,9.0
4854,116.86122514348094,95.44182521067648,4707.41689306452,6.798623515755681,Sedentary,10.0
1323,76.96227409882657,97.4752578739444,21344.06261372491,4.875884574515297,Active,9.0
1788,78.01778054096161,98.73654367599175,518.9774207768933,5.559555798224284,Highly Active,5.0
1786,72.6564840922044,95.989606156993,9329.375781952296,7.060683404652275,Active,9.0
2825,84.2678312063483,100.0,1716.4628397167717,5.2594129219084635,Sedentary,5.0
2357,63.41374121500334,98.37971241533128,4899.207726935776,7.401269716136739,Sedentary,3.0
2916,64.03536834800943,99.7163556657516,14441.698596257444,4.818677966105227,Sedentary,1.0
1963,55.612803036135176,100.0,10040.292493872988,7.390830333977973,Sedentary,2.0
4055,74.51210775134896,100.0,1846.0629657727584,9.745232299783972,Highly Active,10.0
4635,96.78804583985723,97.43415257829663,2554.8781808380027,5.508074821705514,Active,2.0
3541,68.53589088309286,96.7491807539251,8898.443106145856,8.208879085907128,Highly Active,3.0
4610,45.464766557680335,98.20202687849677,24133.87428142005,6.5971833788907475,Highly Active,8.0
2692,57.96861689137013,98.92248436418924,2300.2911552930873,4.745510674065963,Active,2.0
3798,77.02565029445563,99.40854456085324,6212.231285154504,7.008977347164027,Sedentary,4.0
2179,84.78532393602882,95.9687928617056,31293.55956308512,6.824827386928834,Highly Active,7.0
4215,66.43155690097115,98.00461326501754,2824.145008722274,7.802961697033386,Highly Active,4.0
1105,64.67489566127092,100.0,33514.03097918486,5.017853528914459,Active,8.0
2443,83.49952705522637,93.28130332296271,806.0798780106134,4.443991553117445,Highly Active,1.0
3717,76.74442702671406,96.7858685505197,4200.870611402012,5.337482172529528,Highly Active,9.0
2681,68.28895266280446,99.69117657185544,2060.3471476530563,7.798296953118166,Active,2.0
1001,65.10810331720667,95.9973046768901,225.36560177974593,6.107783233147433,Sedentary,9.0
3691,75.12729511067381,99.92160985922492,5878.093388878264,6.397286998810674,Sedentary,9.0
3137,95.11232422902184,99.32484654425116,8446.200749889087,7.231222412684715,Sedentary,6.0
1349,69.95091644950345,97.5942332036712,1125.0734809856372,7.026396010524417,Active,4.0
4530,68.78199088947669,98.242036252129,1309.034941088688,9.44002821937966,Active,1.0
2286,100.52841656122934,98.33295414403206,6892.84001308187,7.597081931664627,Sedentary,8.0
4179,89.6806666676101,99.66685873171068,6610.494937166737,7.836578457302319,Active,1.0
4657,86.21085537889633,95.38610125875552,5913.879453629978,7.455456165972601,Active,3.0
3206,52.98280061251617,94.05072183936026,9208.141816327314,6.670894369447779,Sedentary,8.0
4654,98.26411949020438,98.28582585306188,3707.924047220042,5.778606163903684,Highly Active,5.0
4006,86.13208385070948,100.0,7847.0809797452,6.702300939270903,Sedentary,5.0
3359,82.28850009280565,96.47020841483776,2248.35013995063,4.276985844076018,Sedentary,5.0
4312,63.64520513717865,98.82614250090064,1035.1564627188686,6.2555821200334,Sedentary,6.0
1951,64.4338662765848,98.02787029384967,1535.5356262668531,7.7512955813380815,Sedentary,3.0
1035,64.89033503489897,100.0,3162.0039733581516,6.973279076893621,Active,5.0
2107,59.4958671458483,98.74533870884196,10252.968321427465,6.256100460519962,Highly Active,1.0
2475,83.21984233988371,99.72605967646854,4187.174927482993,6.072124252202423,Highly Active,7.0
4957,73.52764263279154,99.6195643210968,1717.2671219774566,8.301507791061391,Sedentary,6.0
2798,106.83725116030632,100.0,1516.3252548136795,7.979781700287711,Sedentary,6.0
2845,51.98864745073598,96.06541792342504,3668.976073810554,4.908038292708943,Highly Active,3.0
2408,61.940712936725696,95.51792493985327,5829.703383395611,6.88286266498964,Highly Active,1.0
2195,75.18038377187914,100.0,3487.113094008677,6.987802424749846,Highly Active,10.0
2399,84.9751704364897,98.3250625203926,16445.50476000506,6.19180405080739,Sedentary,2.0
2385,76.26744891384983,93.61437832329162,3599.2875018904556,3.4181388677021105,Sedentary,9.0
3606,80.28588543117611,97.8585112511784,9506.258213392171,6.7583699432821795,Sedentary,3.0
4989,68.35513650839201,98.01402600029826,6078.3189388432575,7.123868020038374,Active,5.0
4189,85.34149472647286,98.84199904424824,1575.4268009306877,5.605120112295717,Active,8.0
2300,98.5850981456178,94.42667847015905,7996.728187655855,7.843212911539045,Highly Active,1.0
3773,65.48627303395966,98.5735315732274,2009.712027250028,7.289063527295698,Highly Active,1.0
2243,78.61773832729133,98.59119314627443,10724.346459604723,5.767931523091343,Highly Active,10.0
4976,69.32359508130372,96.85960812672752,14064.248808716871,8.78173188202809,Highly Active,10.0
4097,83.32148683638492,98.597164536138,4556.279115500174,7.231063313716986,Sedentary,5.0
1520,50.380876902064685,98.49817587635816,389.5109534173847,5.33039906049968,Highly Active,6.0
2806,69.81414489764954,100.0,9358.598721321048,3.420541222347004,Active,2.0
1009,66.38686544367323,96.47870508972194,4407.463319039252,6.8358480311177825,Sedentary,2.0
1983,69.86469039220113,96.2262901727425,695.0246719360468,5.742644786971158,Highly Active,1.0
3425,40.0,96.29732881866596,2815.232382108294,6.531449843870462,Highly Active,10.0
2656,105.3667144134906,97.12924993813104,2403.7562142558836,6.1449442290222045,Sedentary,6.0
2660,40.0,94.81268523648194,9071.577950527828,3.202769785434966,Active,1.0
3631,55.591218339010446,98.069901160345,6190.962312397739,4.846194145754731,Highly Active,7.0
3199,56.329302954348194,100.0,4867.427752541742,5.737759376501908,Highly Active,9.0
1719,77.07034267633641,97.7504261417569,9018.00022366864,5.631513476620492,Active,9.0
2072,85.36870513299309,100.0,8862.19969850059,6.595841480496132,Active,5.0
4225,58.867864323549625,99.65769481219236,4169.4737924017345,6.9496617036861545,Active,9.0
1858,58.37918164056147,98.27629218648396,1015.4501466425731,7.192032410786123,Sedentary,2.0
2603,78.22060567130642,99.07240162071253,1221.600599949344,8.631857424327038,Sedentary,3.0
3711,94.3306829220509,96.94376484190674,20990.32876079751,6.479823424023113,Highly Active,5.0
3578,57.69324787471327,99.17256929322414,4270.470650056879,5.257143270894607,Sedentary,3.0
4683,83.12701240975501,97.81929816890434,196.1169282735348,6.943290479451792,Active,10.0
4131,98.17012020174356,99.09043608861882,3286.035864967488,3.755777505511764,Active,2.0
4238,76.03231296896296,100.0,15782.834553208704,8.823858120156943,Active,3.0
4273,48.14455039694792,97.2779052222254,2377.9493729774613,5.961037581182357,Sedentary,5.0
3904,81.00103022010356,94.02929579331214,6809.654342721984,7.25080792550091,Sedentary,9.0
1914,74.37536372698229,95.85321898201158,12207.356446276634,8.991336965731566,Active,1.0
1580,70.79076358148497,100.0,8595.261826549227,6.3951430958152375,Highly Active,4.0
3734,91.84785011161578,98.72244537508293,4556.806433725622,8.837577976773796,Active,3.0
1482,79.2818923902207,99.7471756319374,24207.018124159767,6.890438580755143,Sedentary,4.0
4179,90.01667954604271,97.06981752552682,12096.598899069306,7.722454849769001,Highly Active,8.0
2249,99.45295200264076,95.0203313803783,5098.97267115694,6.545077078059159,Active,1.0
1672,57.66260414338001,100.0,27005.56672094057,8.451664179391,Active,3.0
1630,67.62659915774135,97.97911476851549,6539.084468277585,7.558091521946092,Highly Active,5.0
3708,96.87113092561592,99.10263683696084,469.5061653526099,5.1589629347638155,Highly Active,1.0
1661,104.88743113034964,97.34938555926112,9174.870719668466,7.597642087540205,Highly Active,1.0
4503,71.07066553112067,99.06911383177966,12006.005609595864,6.448456829563619,Sedentary,8.0
3852,79.07000703217942,96.34776008093708,1013.8809201134015,6.455651973303989,Sedentary,9.0
1987,78.71382724155835,97.64097025855293,2027.096068262032,5.055983992932825,Active,2.0
4526,95.4728608137851,96.3135299996844,6156.482522619504,8.458195978474036,Sedentary,6.0
4231,47.98885415835783,99.84309440177822,2247.1113145738177,8.365867012651064,Sedentary,3.0
2546,65.17123065584265,97.27801190839148,10423.172388666271,5.551438857919337,Active,4.0
1649,84.58108919215695,97.23591780306288,6083.5132472428895,9.137948324184691,Active,4.0
1968,67.55654159267958,95.741744130491,3911.248400858461,6.2398940307700315,Sedentary,6.0
3637,79.29705129650277,100.0,205.91508758028763,7.350919713233116,Sedentary,3.0
1440,79.1616987391619,96.25848919790282,11411.397687879176,5.832568249964147,Active,6.0
4325,97.34255045425846,99.35777158180122,3481.8529805363337,6.739606044129379,Highly Active,5.0
2826,59.95065763356459,99.18246560032338,2838.8654407414992,3.662929706771574,Sedentary,1.0
1262,75.07073941375937,98.45696980329464,649.3779895169712,7.65265275564667,Sedentary,4.0
4668,75.38474323783647,98.73896218280647,4106.906659541905,5.921570048393621,Sedentary,3.0
4729,78.4416285438085,98.52263863945836,4657.694446768155,3.772971737086511,Highly Active,7.0
4906,102.54740579909628,99.45869914401536,853.5916778171897,7.40245643479772,Sedentary,7.0
2577,86.26691747129311,96.88385789479337,3899.292875133291,8.134241287023256,Sedentary,4.0
4445,87.06699136029413,98.32124367098912,1538.3851967788298,6.298304056982925,Sedentary,1.0
3684,102.41967373733355,96.55534939408788,14567.95995653328,4.235450292152812,Highly Active,10.0
4238,69.65330218763773,96.70167911348388,4983.362544550612,3.6741464899277703,Active,7.0
4824,67.36635292927502,100.0,21250.94403582278,4.663166827502382,Active,1.0
3506,93.3368414340614,95.15007624191198,2923.807103561757,5.255401150507872,Sedentary,8.0
1998,82.28749720388856,99.33613247714608,2923.42073774409,9.064595577826978,Sedentary,1.0
4351,74.33480681770371,100.0,2894.9591922956615,6.193813438547344,Highly Active,3.0
3349,72.42045492735917,99.12607936170583,10735.01038845936,5.577567776651214,Highly Active,3.0
4602,73.48505037870854,100.0,2326.2260912591496,8.10596346770804,Sedentary,10.0
2603,74.95810391006972,98.80160832162932,2377.871481010189,7.332759008974395,Sedentary,5.0
2241,70.53817605203062,97.40946566483844,336.2206652621254,6.570036371325203,Sedentary,2.0
2125,83.33117288773919,98.04161762939268,23539.502558589247,6.247079427800456,Highly Active,8.0
3601,86.19812479480913,99.800650040154,15218.964458869968,6.505529736567561,Highly Active,1.0
3335,66.52972324282945,100.0,2422.2190817428236,6.733762737142288,Active,6.0
2190,88.53931018098942,100.0,5149.008346548319,6.208658586714983,Highly Active,9.0
3668,55.92942223400203,97.82285832110443,4614.536375110945,6.65324653707035,Highly Active,5.0
2005,82.55635970124305,96.7230185355752,642.5285288329853,6.04902347253318,Sedentary,10.0
1743,73.74404175487189,97.72724384053932,841.9499788864963,6.104723768704527,Highly Active,9.0
1352,71.49793622260044,99.854079455097,643.3049993334596,5.4086659042415475,Active,5.0
4747,67.38522492386498,97.49552310402622,6222.707102555829,7.131480318199555,Highly Active,4.0
2922,75.00758852579942,99.94523701288874,351.75390556362476,7.744523646433514,Active,4.0
1072,66.80551031164977,100.0,6930.100245253922,7.011762668491731,Active,9.0
3695,92.0930064355974,97.73955243724554,8598.300038982303,5.657522519975867,Sedentary,2.0
2376,43.461866927204795,98.32552906740504,5921.85659545336,6.6440193841466595,Highly Active,10.0
2914,72.98135898164927,98.72693046625167,4437.415698004826,6.730216203634617,Sedentary,10.0
2093,46.488572619331805,97.43506312166224,439.03344878247697,6.798935620126558,Sedentary,2.0
1707,95.09381074673442,100.0,10325.953509204424,6.810244769636802,Active,3.0
2804,92.30521649039994,97.56888589289647,7294.523389658399,5.899796296503207,Highly Active,7.0
3608,76.09038632513814,95.50296623749482,936.9676591131596,4.631506796270518,Sedentary,8.0
3875,75.95794003314762,95.6748986595601,8151.89984314254,4.613105210155268,Highly Active,7.0
4713,90.56232324070848,96.3174802618981,5988.272632864141,7.816045387372567,Highly Active,1.0
1955,91.97031848286346,97.10410900265568,1276.7257394463093,4.393773741073289,Sedentary,4.0
3564,66.37804055629604,99.750395726334,9854.103115139138,6.948077165607044,Active,7.0
3475,85.09142761351,99.62422925372806,12416.247729510089,6.697210896293139,Active,9.0
4610,60.65327116147237,99.79164629549857,1852.8414230398496,5.212878138993451,Active,10.0
1159,69.15801111903447,98.03379538414814,7072.023554792934,7.754116444363326,Active,2.0
3823,65.13450424232855,97.51019263392529,421.6765458873894,5.676384373604373,Active,10.0
4301,69.6751439930973,94.32998805998204,13830.780314156887,4.863116966666691,Highly Active,3.0
2735,50.11895622237577,99.89706723207608,12032.601072539794,7.647290928527314,Sedentary,7.0
1066,61.76159683893872,97.56698441075774,5307.611440427645,6.872879256398724,Sedentary,3.0
4061,62.68302059267843,97.27396996410631,5027.383325691957,10.308891981728973,Sedentary,2.0
2582,95.32854265157734,99.04447084877144,1367.499764912932,7.16860056440381,Highly Active,5.0
3428,64.6899533411809,98.3179605797537,1102.0962245299568,7.448293578831736,Sedentary,2.0
1057,86.28729830717865,97.54171997128093,13017.325284298506,8.009782435459456,Sedentary,6.0
4330,91.48842518085524,100.0,14140.716608101346,5.491496227912541,Sedentary,3.0
4909,71.26263102650876,97.526087128718,528.8416407264359,5.049574322976273,Sedentary,4.0
2153,68.59206400882498,99.61575293177374,16789.215516570333,4.522849698556852,Highly Active,5.0
3774,61.300254082927786,100.0,27652.7040923285,8.138318029616498,Highly Active,1.0
2195,48.57738903328014,99.78185415747906,10460.710258967269,5.225036909238866,Highly Active,2.0
3817,86.58342152123383,96.80440627588928,3052.3290418231495,6.775100245564547,Sedentary,7.0
2232,82.15462527997022,98.1697520177349,14262.012213716518,3.783448660064227,Active,8.0
4874,40.0,97.61250596146344,2301.338081717572,7.476764823028645,Highly Active,7.0
3401,72.34179443879314,96.1310698571578,1070.8966719685145,6.46717430703516,Sedentary,8.0
2494,84.44304714285295,98.44071137888844,12113.503223286443,6.394449212993041,Highly Active,6.0
2821,94.29829681379744,100.0,1503.9064444004557,6.589378063453919,Active,2.0
1115,79.4837191279283,100.0,16648.694713413635,6.526252435927133,Active,6.0
4335,77.90838774152921,100.0,6338.877272563427,7.284939157276928,Highly Active,6.0
4883,80.67833387728444,96.1342544259104,10464.935575881984,7.253231823730129,Active,4.0
2465,71.44750366673775,95.01408572586462,116.21643340728156,4.808637476495887,Sedentary,7.0
4619,64.0595197404608,100.0,8751.070056749542,9.65584895402265,Sedentary,2.0
3500,57.63862055385358,99.6456581772224,6387.728817111475,6.342502492773645,Sedentary,10.0
4548,79.87380939555385,96.48412553998394,1715.2742224769397,9.156194157212498,Highly Active,3.0
3334,54.18183805668943,100.0,12380.44897556197,5.338089551174276,Active,8.0
4374,70.58838343614076,99.9472411275618,2019.846820653982,6.483130607301752,Active,3.0
1310,53.48822403670684,99.12259892579893,1204.4948442026537,5.0447996050202875,Highly Active,6.0
1207,81.7388663411831,99.29298513923432,25470.02162029943,4.364040411777896,Highly Active,3.0
3665,83.20769221430453,93.88070922826869,1514.3303134385596,7.697309558603496,Active,1.0
3493,70.63062320045817,97.25152320424326,11379.625613456816,7.354244485471701,Sedentary,4.0
3717,84.33202779797341,100.0,2136.924469607407,5.844315209725039,Highly Active,10.0
1632,72.17943727740597,96.86412733577367,2070.4065244343046,5.739953256216031,Highly Active,3.0
3102,86.92915215058505,98.43744079368864,3833.763349759806,7.9559983516664285,Active,8.0
3959,58.9787484058892,100.0,13088.694693404585,6.492428697889145,Active,7.0
4083,103.3357453916952,99.74934911215294,8143.341938351649,5.199106899348154,Highly Active,7.0
2423,41.55425077748765,95.65188990705484,338.54222355181736,6.28783372930838,Sedentary,8.0
2931,92.5863737995128,100.0,21816.245241824367,7.515926251901013,Highly Active,7.0
4719,66.34469920530901,99.4826509460116,561.9205954967987,6.607694039658749,Sedentary,5.0
3562,90.13304254150712,99.00502304031116,1625.0530459712356,6.1897357935933215,Sedentary,1.0
2679,58.69249101425521,97.26078521517536,12865.1306555228,3.487288252705592,Highly Active,1.0
4613,83.6262796565945,96.21883476546368,13881.882218153249,6.158240665963185,Highly Active,7.0
1236,64.48735521695605,98.87999570489482,5609.02136503835,6.899593633890513,Highly Active,5.0
4350,83.07057545887375,96.79706059439413,3609.351468747048,7.18962970760287,Highly Active,2.0
1347,75.69053715168998,96.81797872685374,11037.819551384497,7.713132342811875,Highly Active,8.0
3674,64.0576483385789,97.26675142545264,14502.056234439664,5.628715245180385,Sedentary,6.0
4175,54.94528079286242,99.56810615593244,9382.816098081224,8.845874228457166,Active,1.0
1629,78.4510902471818,96.5955800140518,16619.82780213762,7.947251695729975,Highly Active,7.0
2540,81.96108609643338,96.41821484227432,6894.452938908478,6.696408818410786,Highly Active,7.0
4943,63.388125465727185,97.69369341315988,5938.167310578451,9.391964438059397,Active,7.0
1363,58.55656351119754,97.70878796777323,7446.648161074647,5.761622463742144,Highly Active,6.0
3368,86.04154309946499,98.00516970007332,5765.269338619966,8.603139142027578,Sedentary,6.0
1285,89.27587267503094,97.34007826253632,19051.60713042911,8.763900432431523,Sedentary,7.0
1148,73.86093544243825,96.18077655175608,3268.1879337647097,5.2353730278186905,Active,6.0
2107,82.8246211759541,97.1355180664286,3707.30553087762,6.199340786204213,Active,3.0
3453,84.2963418609954,96.86541155627928,106.03409071407974,8.572970713241451,Sedentary,1.0
4025,76.75937801946377,97.82243291731685,5241.1307708481445,5.496732381176276,Highly Active,3.0
1455,69.14956220013227,97.0962755583455,986.11561970428,6.119813521980116,Active,6.0
2184,94.5268914996813,96.75368930411184,8979.611400581623,8.231266735963372,Highly Active,3.0
2012,58.15011918875075,100.0,5537.548509226621,5.118055695506518,Sedentary,7.0
3831,70.11588170739098,98.96057783387164,5348.252297120944,7.171356888867383,Sedentary,7.0
3507,96.46968919352054,97.5835882924876,7280.170772170627,5.6884666624535765,Sedentary,1.0
4621,108.441969643685,96.9184131281073,5663.0622938368115,4.236266184426282,Sedentary,5.0
2523,77.72956637818285,99.82802765406312,9712.210305943085,6.012003425691386,Sedentary,6.0
3785,54.680918487626215,96.26439602947924,15745.156049607916,5.6380285649251904,Highly Active,5.0
3556,87.80886633043022,100.0,5377.048926786482,6.691086946029481,Active,8.0
4725,74.41456085625741,95.13267244969784,818.4241129629984,6.041233332399948,Sedentary,5.0
4875,59.06945000586771,100.0,983.149966285528,8.505976877479075,Active,6.0
1480,78.28755320535649,97.15595890410324,3300.319575502955,5.663464527787137,Highly Active,4.0
2686,55.35390747016581,95.4033923431098,4800.320139628025,6.305909606872432,Highly Active,3.0
3796,61.1963473376378,97.37614335390155,4219.949441850832,6.423533134575516,Active,1.0
2601,45.480188418639145,96.87291116041362,1021.1221371983536,5.696729788409394,Active,10.0
3408,50.07414078549263,98.71177449830166,1928.706904718408,6.577016932254718,Active,6.0
1340,65.88603728543468,98.56910183987698,9268.732562027042,7.287013680482891,Sedentary,6.0
3817,82.52801905253838,100.0,29669.27772910503,7.848033701574547,Active,8.0
3010,93.81104003435333,98.17438715028284,1442.3111306530302,3.3231744829668832,Sedentary,5.0
3808,96.41349538732398,95.34898103799648,2899.0329320816945,7.259913882724961,Highly Active,10.0
4016,52.32004030337474,97.65485672015332,3022.878980774411,5.488264542882417,Sedentary,5.0
3496,71.63202543347914,98.27505660640782,1769.1427714413835,8.236972780523068,Sedentary,2.0
2866,65.84647039332552,96.97989446268694,1597.5935053648857,7.898529837494882,Sedentary,10.0
1834,73.40518614280772,99.28345043817706,988.480334816189,7.888392869428394,Sedentary,10.0
2203,96.15692739536976,99.53763458051182,16664.931073373755,5.624475706661745,Sedentary,8.0
2725,77.41727985280966,96.72849484486022,7336.213185316263,4.410631695179162,Highly Active,6.0
2689,108.17204929462712,94.18715223486524,2089.7334757663407,8.253381349739746,Sedentary,7.0
4267,51.52712713542647,96.25896417887826,6236.461797585193,3.494556516646804,Highly Active,6.0
4537,67.8758811568076,97.46713781115773,8363.296644894572,8.562689475584413,Highly Active,1.0
1310,83.56839235167367,98.2819342946044,2041.9109554086149,7.032314387323207,Highly Active,2.0
1261,78.99827165986738,97.72992090036225,2984.992987642168,6.697926043344802,Highly Active,5.0
2442,90.72988542320026,96.31638960755944,2403.471745599378,5.2663571148791934,Sedentary,8.0
3190,78.08991455499941,100.0,3420.3496149272555,5.81003298192765,Active,3.0
1341,63.656674688834485,100.0,5339.149219513247,5.803052759954182,Active,2.0
4172,75.63139101187174,96.0309846360686,3773.815781439317,5.3840111050043316,Highly Active,2.0
1489,96.16606593518284,99.82502671996578,6881.459191891675,3.3846565115249203,Active,1.0
1011,55.77572636841485,100.0,15236.884104093466,8.838301822622173,Active,8.0
4310,98.47436452543012,100.0,17337.549655542774,6.312840439668765,Highly Active,9.0
1041,72.65164489875671,94.82136903615944,2202.836963588458,5.054288079687562,Sedentary,1.0
3725,87.61841260097913,95.5802343361589,3950.5337982771416,5.628774542620244,Sedentary,1.0
2452,95.41568396489885,98.12420710788732,4202.7877695028055,7.700902596872936,Sedentary,3.0
2826,76.48777040789338,96.60524406984452,2434.528791842201,6.096103523740441,Highly Active,5.0
4229,88.3193136780902,94.0266502062548,830.6655817498427,6.64791176699089,Active,6.0
4287,65.53718567249949,99.77221026376544,12766.559817929312,6.102890956140818,Sedentary,2.0
2693,79.22562005999247,95.69434173803468,7834.138237193109,8.244326838202667,Sedentary,7.0
4533,88.28916485400528,100.0,49119.412186469825,8.56646542849075,Highly Active,8.0
1133,79.61625834309349,96.00123239519424,4829.504739353297,6.299301703566065,Sedentary,2.0
4138,83.42098119587622,97.11077518464484,2810.724396629043,5.080658192097575,Highly Active,3.0
1947,63.681096464498985,96.65725012823948,2596.1491507716387,6.970361953021508,Highly Active,4.0
4597,74.72457274356529,97.5773885620409,32788.39806788606,4.461572877304993,Active,9.0
2428,48.72559995556138,98.03150267345258,974.8303992729842,5.644561165221383,Sedentary,10.0
4746,75.39699134423513,98.52993009466012,15549.12164786172,5.842333922002626,Highly Active,7.0
3625,73.3870528828787,99.40935456438444,8287.344473122484,6.886978857035005,Highly Active,10.0
1129,80.11898918208959,99.43560235680948,2704.493415833094,7.886564238392605,Highly Active,1.0
3978,87.3903438444261,94.45859449076724,6823.068582651166,7.659365828592445,Highly Active,5.0
4537,79.72911106423999,97.95452342689345,8614.580818809272,7.351041488844174,Sedentary,8.0
4277,86.78526374359096,96.21111269208338,2765.9991509779065,5.554549163223622,Sedentary,3.0
2811,67.0952809751424,98.01995694836396,9024.877173022389,7.360206353218631,Highly Active,2.0
4839,76.11263251870795,98.41555663240418,2459.1755005623772,6.369105571405319,Sedentary,5.0
2560,40.0,100.0,1901.4193797032756,8.235791221133164,Highly Active,1.0
2985,61.18671554372506,100.0,6764.549358352701,9.09029791150059,Sedentary,1.0
1792,90.03516330419663,96.75459254252156,6397.092146610646,6.837207120150629,Active,5.0
3300,63.264999002256815,95.77338503595894,4959.945966824626,4.127581896953538,Active,3.0
3869,71.29621745738906,100.0,2027.555678245148,6.1734884962369705,Highly Active,3.0
2312,74.21806615191214,100.0,4115.669707078025,6.606596157676272,Sedentary,6.0
1163,54.894729730441114,99.49770786072678,1088.7521241288305,6.524038036962615,Sedentary,1.0
1094,98.7024628154683,95.55096453312488,7600.901016406387,10.31150618987282,Active,8.0
2805,74.53035360845,100.0,14236.46302606436,6.13317276295216,Highly Active,7.0
3880,62.15308634119232,96.26277695352714,4361.2469576553995,5.633982387475784,Sedentary,7.0
2133,84.72684743938156,97.62926489583914,1676.667391928673,6.7444715262114565,Sedentary,5.0
3383,70.54913980509725,100.0,12317.199458161793,6.285864712769351,Sedentary,6.0
1821,75.88163926382181,97.17643847789908,2628.7562296263427,5.3758201079986,Sedentary,8.0
1237,96.13282962251807,98.46603493609253,6309.256792866141,3.8573765075872144,Active,8.0
3428,66.88209776174067,100.0,548.9214417067896,7.598540259590635,Highly Active,7.0
4507,92.14177489478983,95.5780717270555,8859.384825700507,5.203682832575549,Active,1.0
3946,69.86704298668113,100.0,4322.015682090377,4.990327665361429,Active,10.0
2960,79.54694179603773,97.8623570338333,19115.98727392952,4.307128950616279,Sedentary,8.0
2048,59.74895597804743,96.4477803422771,118.24672749532128,7.283693441320026,Highly Active,10.0
2676,81.79759272519516,94.92667996501736,22500.85533409569,6.7849404376872124,Sedentary,2.0
4188,91.82230548871684,94.03709671710172,86.01658635646312,7.564654714044889,Highly Active,6.0
3529,84.40209600628256,99.0263256158081,5373.125773398169,7.147457241103403,Highly Active,3.0
4463,83.96890620036379,98.90595243794236,7028.15063674175,7.381677727938139,Active,9.0
4041,85.32540913796396,100.0,7958.833730826311,7.972651932627144,Sedentary,4.0
1963,80.37214016706227,96.71019418111642,11666.977611010903,6.7635895985594425,Active,5.0
1536,87.94344078352938,95.51652050021173,10285.376575525144,5.099445933450186,Sedentary,1.0
2603,83.95151369968599,100.0,8438.739837627427,3.8608277397102775,Highly Active,3.0
4244,67.75154325069919,99.68299418710242,7104.702643145949,7.919506977882075,Sedentary,2.0
2979,85.43049728064786,97.66481264488782,1957.7274460435588,5.663136435499322,Sedentary,6.0
4083,56.10540331043923,97.46048829983656,961.4183562162586,6.618891902817424,Highly Active,5.0
1127,64.53982899758614,93.13051173792444,24813.761769970504,9.808264870518448,Sedentary,6.0
4679,127.58807105317372,94.80122007164874,9387.797231461716,3.806191400933547,Highly Active,6.0
1091,84.78200266272714,97.72125729198204,9688.67399118373,6.707962890625433,Sedentary,6.0
2251,58.74285733009414,99.17975398176544,1276.568822088428,5.962096929556776,Active,1.0
1542,54.48404836070648,97.34563628598762,1986.3450266725877,6.527512787936183,Sedentary,5.0
1845,48.81449095619806,94.89797846198358,6169.212870913466,6.019076689743232,Active,10.0
4603,57.904123962587285,100.0,223.54772397220273,5.162887054032721,Highly Active,9.0
2681,62.26854188444237,95.25688571051944,7716.717663891982,4.8228630720023595,Highly Active,1.0
2851,67.99293174201766,98.31804133817604,3733.841554258116,6.053188678133406,Highly Active,3.0
3494,87.51752342377978,100.0,2701.574225466782,7.01333235152319,Active,2.0
1389,72.01303533722216,96.1121674339135,787.9139941141439,4.109040657324976,Active,3.0
3719,85.69352044627719,98.09287545730652,6052.058619635559,3.324540624304736,Highly Active,9.0
3949,60.93014292212172,98.60408283219564,4114.198386942506,6.5424774602354105,Highly Active,6.0
4201,81.64082088309999,97.12712762498155,6245.607975127182,5.690109349564968,Active,5.0
2083,72.28268563402295,97.38005772509273,978.169161145998,7.144720940526833,Active,4.0
3710,101.59617008893017,96.55442223234664,6156.234438159471,5.674499801184653,Active,4.0
3334,59.40595399909704,97.7467825792436,2104.4080324262086,8.626333620200167,Highly Active,7.0
4058,79.45109644700219,96.39659640160032,11109.7364279631,5.634114021246518,Active,2.0
2540,72.35681386349638,93.668871607527,4414.384301535794,5.334933922368441,Sedentary,5.0
2953,74.07491849479696,98.15116488647756,11737.364805069024,7.1400110603825,Active,2.0
3825,72.88963996673385,100.0,16882.445802315997,6.089301210569697,Highly Active,10.0
3392,64.9804591235033,100.0,2649.2096323898327,8.068977291824663,Highly Active,1.0
1641,70.95615541587411,98.74996259214488,361.9867733973458,6.898289469208437,Highly Active,9.0
3429,52.05496460670921,99.82576076361268,5446.629495565451,8.13241677150912,Sedentary,7.0
4850,92.9650312481617,100.0,8790.638883664342,4.816662682901267,Sedentary,4.0
1689,94.04517361515192,95.92439859427384,6203.569094066598,5.611065493835811,Sedentary,4.0
2276,89.06259054968547,99.78759991658944,8154.515556194169,7.29974332365415,Sedentary,3.0
2079,65.57604790375845,96.22012413620509,21864.149667080743,6.218521178508617,Active,10.0
2486,82.48643111886516,99.721464745393,14065.125017593547,5.721321038948624,Sedentary,8.0
1456,60.72548519527721,96.07996233646364,989.6831479426656,6.630102289363753,Highly Active,10.0
1982,92.0498681420139,99.1047278887746,4218.077968152163,8.642369338901608,Active,1.0
3130,40.0,98.5709698851159,4245.814367733736,3.486326993927629,Sedentary,4.0
2122,59.03110994336155,100.0,18685.571520797366,6.3373200899308735,Active,5.0
1148,93.70367892364764,99.73573739606582,2774.075944645985,4.868841278108171,Highly Active,8.0
2352,91.10211952828396,96.39121638584172,6668.378570142732,6.266010778325295,Sedentary,3.0
1189,103.73439457761968,97.30081487677644,363.023208457367,5.62373078299747,Sedentary,1.0
4565,75.15017975727761,97.19160812019754,14757.997347023436,6.097276687587626,Highly Active,10.0
1882,84.46886879860827,99.91501982052878,10135.967128791948,6.492208934817506,Highly Active,4.0
4151,70.19802056833154,97.50448344248348,2756.602440966783,5.275751673032127,Sedentary,3.0
1399,76.65066088360986,100.0,2603.4008090405287,4.513156959278694,Highly Active,7.0
4331,45.46891394243286,96.49604641819134,28451.44808619023,5.57142444066287,Sedentary,4.0
2795,82.50197476233524,98.73350877328,1275.789977829721,6.011493828826868,Highly Active,8.0
2638,68.480587169781,97.28720504525674,1849.480407444207,5.088193592802722,Active,1.0
2575,63.18976369829241,99.59556602514262,2401.121756705144,6.35766391921048,Sedentary,1.0
3832,86.15047845758899,93.9282572877686,19416.08328388351,5.5272267333193605,Active,1.0
3148,96.95757253093102,95.91584777869907,6881.157859811615,3.887818070424298,Highly Active,10.0
2382,88.37718647542034,99.1508988111313,1673.739230215246,7.42714770056187,Active,9.0
2403,62.828443758519434,99.76774492127328,11407.093907941093,7.485235374327946,Active,3.0
1819,85.02231944958473,96.72826123289484,17936.085476303593,5.0188325590987795,Sedentary,6.0
4292,71.1607231112,100.0,3616.0539386791793,5.6882019816213765,Sedentary,5.0
1419,78.3167468402009,99.03905809375006,2596.599282385124,7.172693379818953,Sedentary,10.0
1123,52.88134416846773,97.72006113186832,1713.3840415096304,6.500300044188251,Highly Active,1.0
1421,71.3691474193369,94.99451586127648,1574.5024145413418,8.926183129256808,Sedentary,8.0
2508,79.11319227326484,97.23630159692269,3733.2826102294193,7.760150779578079,Active,9.0
4699,88.62072690759278,97.147386751651,103.91294110454776,3.933951531830085,Sedentary,10.0
2597,93.19013719381604,97.05178408934523,8591.529888075516,7.689597867025421,Highly Active,2.0
3566,57.86080777201996,98.92728539655822,1027.1972733531563,7.932288940924922,Highly Active,10.0
3202,93.7691553744214,97.4279336429778,10821.331055425588,6.040344771912441,Sedentary,5.0
3139,74.6103059492697,98.60344773029092,26107.43084491407,7.238597647933983,Highly Active,3.0
2549,89.02892347463147,100.0,11204.61152319321,7.38330795280496,Highly Active,7.0
3502,86.92748666304837,97.17936363510007,25279.94753903787,5.136862150413736,Sedentary,4.0
2764,95.0062697315559,97.56281115317472,12862.913981053263,4.429022790242389,Sedentary,7.0
3044,71.29417005907284,99.09584959877276,418.43429523221954,9.597791322025753,Sedentary,3.0
3645,77.14486435776162,98.49064777022456,13079.0074434807,9.244991042862218,Active,10.0
4716,71.24709922989055,99.27167765675031,4628.554864489579,6.722193023516652,Sedentary,2.0
1509,58.32170105289186,100.0,4271.341018676809,8.820685048818032,Sedentary,2.0
2206,77.5594311811582,97.5124805901756,17.713611274479547,6.011370191051094,Highly Active,3.0
2597,46.92922950425002,100.0,7794.84518203989,6.235196204451105,Highly Active,5.0
4802,91.6409031538176,97.0515447568251,10948.423030485088,5.129915600545768,Highly Active,4.0
1741,79.98637936473848,99.87596198860788,4056.8586018084657,8.453611245154203,Sedentary,7.0
4662,67.13834856559541,99.69178101661596,3149.0787940431173,6.913730163250126,Active,1.0
3708,78.02241776767035,96.67706569662002,9792.34574150002,7.72179529487064,Highly Active,6.0
3697,95.8080790261921,97.71894095424788,1824.453196538313,7.089647632406594,Active,6.0
4542,80.98125584876783,97.9909767804036,1040.8886577467756,5.230159057470849,Highly Active,3.0
4897,67.69401433261359,97.41038177309063,4061.048366212977,6.872338788590079,Highly Active,4.0
2446,64.28492277792192,97.3766985946596,2309.2342502722786,4.9061833474373024,Sedentary,1.0
3112,74.15144791990241,96.01683525505148,4047.693064170791,4.542074874959048,Active,1.0
4084,83.39629313403024,100.0,22868.626076114862,5.51147808909668,Sedentary,9.0
3260,70.8052183918874,95.5002328120064,23945.76019137683,9.825466984921071,Active,8.0
3009,60.99917826552089,100.0,8633.466400568926,7.552247844369444,Active,10.0
1241,83.98497601687743,99.85372854651362,10508.901907959713,6.867588494448376,Active,1.0
3540,62.866540931837385,96.60705278567778,1592.7861362603446,3.239804733266703,Active,5.0
4284,68.881022811832,97.99050191630435,3286.1504442448436,6.323133705367625,Sedentary,8.0
4764,56.641271927419304,99.41317286599325,6497.731187078699,4.753189268537396,Active,10.0
3385,60.97199451114272,99.43357620818212,9715.735668487583,6.383043785306309,Highly Active,2.0
3020,88.43584098260433,97.76183922565116,1275.9003479604266,6.21446990106027,Active,4.0
1172,90.7179570351961,95.972093216492,4282.626971535538,5.215027235783701,Sedentary,6.0
1671,91.37213623217669,100.0,1243.4645947679148,8.258676779920993,Active,7.0
1163,91.42388732948432,98.55625131207924,7023.596517033709,7.932304615003217,Active,3.0
4042,84.9808945508374,97.78069001126588,12541.272149295775,8.861107435319354,Sedentary,3.0
1496,90.79331259118013,98.40180670347996,9226.922258379802,4.775551336227294,Sedentary,10.0
1699,61.91116477614701,100.0,1213.3536121565623,8.996355765529357,Active,7.0
3442,77.90658444423529,98.48315359899796,12338.610631605903,6.183659460607328,Sedentary,1.0
1702,73.08615741900435,95.40223498901284,2849.6110612621305,5.899266985658216,Sedentary,9.0
3355,79.88470985684923,94.55548068238762,2022.1853299748784,6.253755789234302,Highly Active,9.0
2791,64.28142811736386,96.24717414137672,4519.882150606006,8.146401435834262,Highly Active,3.0
1182,90.76836570373445,97.15526470028924,6015.598033447077,4.54831953024832,Highly Active,1.0
1628,63.56471442491976,99.7808241347308,247.37066846228512,6.542736505848653,Sedentary,8.0
4865,79.93667174509845,100.0,16381.613693268266,7.211809748724611,Highly Active,6.0
3557,76.68269669663331,93.80645600872604,5015.530956761504,8.294599919048476,Active,10.0
2731,49.1552401552684,99.23700541030864,1492.7144188276277,7.568692103988694,Highly Active,1.0
1545,70.19487542764561,97.26369618364768,1227.24305117868,6.567392731029366,Highly Active,3.0
2587,80.35917617610447,98.6986018963474,8120.768658179356,7.210447847033453,Highly Active,5.0
1623,90.35261162708056,100.0,596.8704815291818,5.408385129812994,Highly Active,7.0
1743,83.06049793299756,100.0,1858.075710349886,5.333594281207732,Sedentary,3.0
4298,83.56219072449204,98.16516624661575,968.399465683757,6.684517462131148,Highly Active,8.0
2459,60.16282902289518,97.03974520576996,1057.7271748304654,8.278269777432225,Sedentary,2.0
2948,98.54632024091708,98.46816542856983,1653.367512683276,6.83751126317307,Highly Active,3.0
4493,86.52492181280458,96.62962761793324,4456.569808004274,6.926927735226857,Sedentary,3.0
3601,73.97284685231264,99.1833214322178,999.4210301840176,6.282052767238061,Highly Active,3.0
3601,80.96083139672193,94.56353655915566,10455.779600478096,7.664459418643898,Highly Active,9.0
3444,62.187985548263825,100.0,2757.0854856819665,7.627327509025077,Sedentary,6.0
3672,69.93264179467066,100.0,2092.199301818815,6.37218607432246,Sedentary,4.0
1888,94.8966084782535,97.03986265488427,14516.74993115409,4.850982275796939,Sedentary,5.0
1016,80.62846894966415,100.0,13900.017530872768,5.24631880731039,Sedentary,1.0
4191,93.8942698375334,99.43415025114513,9495.963139957705,4.676626359602944,Highly Active,7.0
1392,74.87525755469416,99.1238963660156,676.4861165832191,7.412688282196075,Highly Active,7.0
1424,61.029795197479885,94.61421308903432,11759.170484025331,7.018215578211628,Active,5.0
3176,76.6996586745484,97.4316951782041,5433.891549319565,5.121697299903633,Sedentary,3.0
4201,66.6248098756418,97.69741741386576,7923.738928856782,6.01317052836234,Highly Active,6.0
1571,54.126356523041025,100.0,1730.3009352383883,6.960151007618476,Sedentary,3.0
4631,87.04570625511852,95.43805371239472,1.894284357827826,6.886368326260279,Highly Active,2.0
3076,71.15517899250914,100.0,2841.981726932811,7.158945877504843,Active,3.0
1241,78.98745786947745,95.50120275060296,667.0844042517509,6.428516116844377,Active,8.0
4897,104.26178555319048,100.0,15779.651899068504,7.657818516279142,Active,6.0
3279,74.93751876261565,97.4202368213978,884.6899323942439,8.112260058109591,Active,3.0
1788,91.01416080153118,97.51091127604428,10112.951696407645,11.04384450112615,Sedentary,6.0
4355,84.69841649442036,99.9605583105735,19615.510660818265,8.464455745830543,Highly Active,5.0
1714,66.15866665833364,95.6517216618998,1123.0585881288462,6.689035554238757,Sedentary,9.0
1758,80.22439759019306,99.9369426373652,2977.6406491474295,6.443314939871139,Active,1.0
1775,64.68382404587464,95.40777550039812,8773.663025695829,5.133260786780131,Highly Active,6.0
3773,67.25148625966895,99.8332025694528,266.78526062103595,6.907329362462504,Sedentary,4.0
3247,65.21557807012346,99.38242384890243,513.2208689179716,6.953833011067754,Highly Active,3.0
3992,74.85467612709932,93.63139210108189,895.9444003889726,10.51452875618417,Sedentary,2.0
1078,74.92910137526758,99.7695109309452,5875.662147915184,5.4084409818971135,Active,9.0
4984,66.75306884674157,100.0,396.3117897877463,5.25252278223005,Highly Active,7.0
4003,71.87721239539299,98.2202340323706,6214.0921095903595,6.875134654000787,Active,10.0
4926,46.860517559012294,100.0,2934.7688800397,5.744319681985854,Active,1.0
1855,59.87322414856134,97.55849740079422,7748.143571321164,7.083876344673327,Highly Active,7.0
4244,70.61334107974501,100.0,10664.18098066413,5.789425563893642,Active,7.0
3514,100.07514909959076,92.72399459757828,10971.33446749883,6.071914916193266,Highly Active,1.0
3628,84.49854883187928,96.7639163332415,268.5290982134798,7.1443352960230735,Active,9.0
2439,60.34035327524994,100.0,20588.089131175788,5.649598112685163,Highly Active,4.0
3496,74.97589748071196,97.38366102595567,15823.3267123664,7.292944791840666,Highly Active,10.0
2031,89.77631862124201,98.03396949636677,9158.30088792418,5.777080134689604,Highly Active,2.0
1844,57.99421253664109,94.55966265250184,1734.0376468794889,8.063614972254435,Active,1.0
1086,79.44641033987298,99.40100361663856,13239.638748052344,7.798812811298376,Active,6.0
3090,67.92511297705305,96.86409566929449,17048.400147976005,7.154274928723982,Highly Active,10.0
4456,73.40680224632813,96.73538841123296,11789.658207688615,8.532295650251356,Highly Active,8.0
4692,79.28284737479464,99.82888704097746,16435.54015715861,7.828706932332302,Sedentary,3.0
1407,95.24745029868916,97.25779874980924,5226.705289259455,5.989698159821632,Active,2.0
4554,76.48395346915665,100.0,1169.663311602959,5.166663753800175,Active,10.0
3711,84.95562740301416,100.0,6554.142035514146,7.657758620911732,Active,10.0
2668,74.4397842151371,98.05884020341036,2977.338631059763,6.342964211366635,Sedentary,1.0
3324,88.70881701456443,100.0,665.181839691058,6.960431940768832,Highly Active,7.0
1231,50.49643113556777,96.71404445669364,267.7776537740163,7.082666545294732,Highly Active,3.0
4897,74.71082161156995,99.48973625670872,8318.406614833146,4.463389880888531,Active,8.0
2950,105.7456387740553,96.062770681096,2114.6424319577955,7.061410295452518,Sedentary,3.0
1365,68.30757355878171,98.9089574651216,3408.638064512152,8.225963568772547,Sedentary,7.0
4299,81.81102309110592,97.65451989615316,2573.473667681293,4.529218207259365,Active,3.0
1435,58.37785616290071,98.94767563298788,1174.9184259929757,8.465520578716358,Highly Active,10.0
1398,69.40084012144241,96.30011294454444,8925.476551980493,8.559280858470812,Active,4.0
2234,51.42171860041303,97.5172745631961,18125.056093424835,3.688398796770051,Active,4.0
2414,76.5668877821161,98.9521939954956,12659.86262179891,8.131455645823625,Sedentary,10.0
3546,80.7724950430253,98.2061836895764,16628.873698419113,6.0296745396195375,Sedentary,6.0
3587,84.65179967850095,97.65611181514868,19360.22128465733,5.855560470545449,Highly Active,1.0
1562,98.6066337350708,97.40179589313628,3260.231741690624,10.26853236636416,Highly Active,6.0
4562,75.95264063950373,97.4769402377591,11118.537306372247,6.829850571103147,Sedentary,7.0
3489,57.71068256978427,100.0,4779.961145783036,5.925769383074322,Active,7.0
2284,61.78592977087993,100.0,2200.8004680374884,7.69883217189869,Active,9.0
3037,110.24961729280086,95.56900600000586,812.7528221320998,5.699492297129582,Highly Active,3.0
4423,73.91936996465381,97.12271580024824,8536.437855146065,6.636856143662672,Active,3.0
2343,73.28921428277977,96.38659430260408,2556.1639955454434,6.033651045811149,Highly Active,3.0
3185,57.576617725524976,98.92653445490988,14907.65172601833,8.137721196152258,Highly Active,9.0
2573,62.75424670441269,100.0,1019.5454386133572,6.289388660912231,Sedentary,4.0
1991,73.16628432677466,96.92308243176548,3416.745974176388,8.779869978472739,Sedentary,2.0
3415,81.0832406973042,94.8034887188824,15645.16230872173,7.0029436686793405,Sedentary,10.0
4291,65.12185726600337,96.73680805610614,4063.033300537057,8.080971423230082,Active,5.0
4408,86.85922316263895,98.96960667490328,3681.84596334715,6.953458272905184,Active,3.0
2246,90.70821570318034,94.55579538709692,3933.188373857732,6.555786817585843,Active,1.0
4719,71.04971599205393,98.01086108097552,12727.750008989286,7.605338099027756,Sedentary,7.0
1359,45.866477504869025,95.45992236196253,8542.209835606545,9.22006320837674,Active,5.0
4026,87.49183308184297,99.394593133351,14966.944476202896,9.228101333627324,Highly Active,8.0
4009,68.67126389541677,95.4537214416643,3300.411632481688,7.406971532235824,Highly Active,9.0
3993,73.60718524336342,97.53389938679678,8728.756022726659,5.015150903815632,Active,6.0
1962,59.995786761920755,98.54753760790176,8972.254439202263,7.774493005754673,Sedentary,9.0
4632,100.30036099563586,99.7614237101127,7030.328144853208,5.122260729264463,Highly Active,7.0
2827,84.8367849173005,100.0,2801.3396610037425,4.465440371394889,Active,9.0
3883,66.20205836385645,100.0,390.5569580252901,4.117670480975609,Sedentary,2.0
2613,80.46678444682739,96.2506884606517,21735.67589790341,7.666947193534044,Sedentary,3.0
2640,61.866157761524704,97.7574257697728,4219.458342880173,5.9550613421099055,Sedentary,5.0
3216,48.811808830626006,97.02691978053328,2541.6459555391916,7.55345930743089,Sedentary,8.0
1216,86.13655333952,97.13198724582423,13801.847970299565,6.899885109950215,Sedentary,6.0
1377,68.14738624151695,98.47514036101552,2742.716569481506,3.390210395435425,Sedentary,5.0
1118,60.06300717900622,99.53800790533045,41080.82080456691,6.0275869617949525,Highly Active,9.0
3814,77.74096197616417,99.5528885375925,7340.320673264539,7.1136094624972275,Highly Active,4.0
4501,75.96210907605791,99.39038480159248,1152.938546362734,6.977778026924327,Active,4.0
2801,67.74801354123488,98.6604571254752,6588.7958898684565,6.132254985182924,Active,7.0
3196,64.88708671492853,97.77497344584094,1179.9655950248984,4.798813363856375,Sedentary,1.0
4747,86.49121099088069,96.7763739207314,10714.52158063739,7.221667498384774,Sedentary,4.0
1769,56.54425181831665,99.17878756180522,11450.241930496775,5.944341239387744,Highly Active,6.0
3421,45.985221952417874,100.0,7012.181652599892,5.123401264417942,Highly Active,2.0
1780,83.82838588618739,99.05959719935252,9647.376750145057,6.872605804426692,Highly Active,1.0
2716,57.39272941035309,98.5109515909592,1957.7576057430456,6.787558898721522,Active,2.0
3207,98.60085944994609,100.0,1895.8981093215568,7.754314004663389,Active,8.0
3398,106.77101043838412,98.33755931423346,3353.2533835364616,5.56562354433225,Active,1.0
4983,81.40135485547644,97.24062266150686,132.0029235802548,6.678806720601352,Highly Active,9.0
2311,73.47879189537815,100.0,12432.75185100486,4.525850731275087,Active,4.0
4359,71.71461948227495,97.25977359021466,3233.89993294742,5.990811498160365,Active,5.0
3939,49.41089625422101,98.159430918291,489.6055453809591,5.657364225467673,Active,10.0
2249,70.71414531187092,97.01127072500788,14401.868287292597,8.086453969433675,Highly Active,10.0
1522,68.11982617942641,93.7911810136513,24056.26385504321,9.059540644085294,Sedentary,2.0
1521,65.45739010148175,94.82292215755882,7280.776772876487,4.7354720914190995,Highly Active,1.0
1782,80.876886164606,95.87421963034676,3086.793092933032,7.861511737012496,Active,3.0
3320,76.96964123091688,98.09925933633586,3738.1461367207985,7.520838028877012,Sedentary,9.0
1935,86.79282661923038,98.33344486098602,2071.4644380781083,5.676487945307793,Highly Active,7.0
4473,68.34652829075134,98.7093191146918,8695.972711604521,5.372361779859714,Sedentary,7.0
3230,84.03931849321418,96.66091575543338,3081.179345532603,5.353353684402077,Highly Active,2.0
2688,75.1192808006108,96.51140365476928,231.16172195059963,5.933919959968922,Sedentary,2.0
1487,83.94600213790537,100.0,330.83136181869975,5.961816958312036,Sedentary,7.0
1845,101.67056658967928,98.9040485014106,2401.2191741262536,5.735075678169651,Active,10.0
3171,40.0,100.0,1292.43936383364,7.708941754224111,Sedentary,2.0
4032,84.38426147603707,98.92512046580232,5626.440557554566,7.263181096162223,Active,6.0
4697,87.84691031747151,97.49928307337512,2284.3441994497575,6.240151044359807,Active,1.0
3837,55.99861504952094,95.72775228153002,533.1443415013824,5.690840766583264,Active,1.0
3461,102.37448058728228,95.67755447719588,1506.0748130109737,5.650795045856944,Active,8.0
3003,75.33518270463226,97.14540239244616,10532.604632496912,7.1581271741149095,Sedentary,10.0
4243,80.56947006852215,97.92031114534208,14398.153221318127,6.798121749135778,Active,2.0
4359,88.31255993096497,96.55702274363104,5357.509718344782,7.78759354060017,Highly Active,3.0
4506,76.98325038960974,97.03860749828104,21104.567211503792,6.41852091329876,Sedentary,5.0
1685,76.51019611141479,100.0,1151.3892547702144,8.555262651086343,Highly Active,1.0
3160,87.5675742522674,95.9462161533649,7940.172979382432,3.496396544391617,Sedentary,1.0
3935,89.53268496250311,96.63096852183055,8527.959451661436,4.527307364880962,Sedentary,4.0
4988,80.04863693239591,95.39058035900035,382.56389132128334,9.215129762873945,Highly Active,6.0
3169,51.78584104680534,100.0,2323.365521803325,5.90338275662815,Active,7.0
2567,59.72182058367101,94.09315011354074,20838.117479918714,6.944388904065143,Highly Active,4.0
2245,91.2700162426352,97.29626977038718,9961.548045207235,8.379682721879806,Active,3.0
4702,70.82909693800562,100.0,393.7256402176283,7.014874030448499,Sedentary,1.0
1038,66.02074263411214,100.0,5447.791994231804,7.869518131448276,Highly Active,5.0
3544,81.59947037607833,98.68337694514314,7321.252604598441,7.423430250419442,Active,10.0
1779,79.73938571766857,98.98085751346504,25305.083297463683,7.974380250947848,Sedentary,6.0
4601,55.97978054802476,96.68817685980106,16742.015575617097,5.630099678875585,Sedentary,2.0
3196,49.01352173562017,96.96177318987937,7570.990965146928,7.284621618848195,Active,8.0
4468,97.53874126276251,99.0377537224692,18830.30938368568,6.439307676122813,Active,1.0
4069,58.15790991176665,97.81393583263976,4751.6201106816925,6.369418324289778,Highly Active,5.0
3708,52.86679835181467,100.0,8874.977114779533,3.9812318444520582,Active,4.0
4709,70.10751887876133,98.52371379459132,6993.041114897909,5.867577811920236,Highly Active,7.0
2927,74.55597778335857,94.75215625197434,5628.958271685884,6.298429327054883,Sedentary,3.0
1301,67.82437317375219,95.126320029523,2741.914949345,8.83349409426775,Active,1.0
3285,53.6793778404722,96.5764522162948,2203.4033996065696,6.924309807426831,Active,9.0
1646,85.70656375492148,97.96416946010346,1215.387482787603,8.563007956718655,Sedentary,2.0
1662,52.055637271385194,99.5675444798346,8714.781679548856,4.643495906907271,Sedentary,9.0
3283,75.3376102402651,99.2128353116638,5536.135709489199,5.925509613597637,Sedentary,7.0
3250,84.73348198448153,100.0,14298.131536495905,10.203952765791156,Active,5.0
1255,78.41018705288018,97.3125303387545,2360.136636048781,3.5224126507363227,Active,1.0
1597,58.67547551731167,98.09660879816416,461.3490189358289,6.324051996282554,Active,10.0
1661,68.83153785210288,96.19620071362348,108.40206142130842,7.442311588521035,Active,5.0
1234,64.44033011234687,98.8248203393785,17934.48079775666,7.76159503050511,Sedentary,9.0
2368,51.40463358785304,98.7022549029702,3601.2367692523544,9.869168246217177,Highly Active,1.0
3581,81.53360974313142,100.0,1681.039162629008,5.5322716029849826,Sedentary,2.0
3907,63.65009562847416,96.73111018310033,5860.762543144499,6.147496682002957,Active,2.0
4868,77.2309156044661,98.19721971031277,4684.4515749930715,4.0578673231692335,Active,7.0
4537,57.962018814847895,98.6150411564831,15356.427182510037,7.266724519606794,Highly Active,10.0
1769,56.95962925464848,100.0,2213.5531933491548,9.638060579991594,Active,6.0
3588,69.97397592108466,96.43504362508708,8374.567098463378,9.055948824166157,Sedentary,10.0
1212,55.29744910095364,98.95762768864807,3427.7276367466297,8.774317203655304,Active,10.0
1462,89.83163892782264,99.13326947784422,3172.715711950739,5.457042210884702,Sedentary,2.0
3483,95.17420314673576,97.27028651913837,3202.180989109851,7.139484605234636,Active,3.0
1282,86.74543938808084,98.47877873612131,7137.090904645508,7.083746130974081,Highly Active,10.0
4633,80.23605676154806,98.3832805770108,5405.088320854848,7.200663908635068,Highly Active,7.0
2486,59.28199189118625,97.36379439702056,1162.26511804133,8.196386161962883,Sedentary,8.0
2067,69.9085666699942,99.37616472151824,22.185847161690724,8.679819915293894,Sedentary,2.0
1460,74.45503590555289,96.0675830587302,6837.71651142122,9.730364795991283,Sedentary,10.0
3325,62.88235347015354,99.72949304321236,10783.858023902898,5.2569354332631235,Active,4.0
4754,70.03144283613214,98.35648170165418,3389.9046752041363,7.325928043390475,Highly Active,2.0
3468,56.13677096361462,97.7276669118543,15056.020770243418,7.181536333102484,Sedentary,3.0
2724,70.66114359159556,97.8852820860952,9314.473455357242,8.329824266318756,Active,7.0
2376,81.49036494243715,95.71217391755268,6520.686828577083,8.950386560685192,Highly Active,5.0
3743,79.8773913854071,98.40977686171256,1547.3419118799843,5.999799014422264,Highly Active,9.0
1514,78.76032866808825,97.5821269497954,7762.8435484880065,6.3866575668592365,Active,1.0
1702,40.0,98.52865583342655,12560.548443188449,6.609839194119056,Active,2.0
3460,92.03116628186632,94.5417871869398,26371.99679910774,9.28550275142936,Sedentary,9.0
2053,73.50466356557459,97.2606913570906,76.04192231943632,3.756162668908695,Active,7.0
2830,80.95740660970051,93.01043343280844,7633.021878106613,4.708671194729481,Active,7.0
3155,59.95935218624401,95.13795402333484,11025.004510685065,7.411500174275004,Active,4.0
4438,83.79334012283643,99.70822410545804,7130.038179950641,6.253623851454602,Sedentary,6.0
2304,86.80158181250336,96.2219559563406,2232.688425307145,5.650959419224571,Active,4.0
4300,53.55810449512397,99.11325624613984,17117.03826950585,7.718872738860966,Sedentary,1.0
2134,68.23764883384302,96.44437269341572,8053.128914738905,8.37378495867158,Highly Active,3.0
3183,60.02759548890211,99.90569628628285,5008.096029000014,4.946576169992359,Active,6.0
1361,83.98340015357564,100.0,3193.487984140577,7.718917958436559,Sedentary,3.0
4257,67.66673647960822,95.06188803813237,2803.93598487548,7.703192964258086,Sedentary,8.0
4727,85.77612714640478,99.77858009682896,8991.919548467959,4.988789535744269,Active,7.0
4655,51.54297217444589,96.7126608406906,6539.817840729753,6.558986554448668,Active,5.0
3176,62.57575698265201,94.88379659469676,1194.2775658972446,7.953236482337297,Active,7.0
2899,63.542601477945965,98.48436371943365,1064.6921089598395,8.513267284323433,Active,9.0
2284,79.13449451825599,99.10015138019344,516.2733191339033,6.279773270626639,Sedentary,3.0
1514,43.854494545244705,97.87807808046874,8053.287878467882,4.851836074310646,Active,9.0
1448,70.87963788874005,100.0,2641.8626181072254,8.798340087895717,Active,7.0
4175,80.4234430283428,97.8727636156257,2884.1797969105155,3.666508167333513,Sedentary,2.0
2506,75.7561136881812,98.3363333471716,12491.40128460888,6.140594225460867,Sedentary,10.0
2247,60.68241227223301,100.0,1991.992048564278,8.19922579819665,Highly Active,3.0
2855,41.11875813260245,98.94804350069424,7027.24078497078,4.6710284989531505,Active,8.0
1873,63.44006317073281,100.0,4054.620459768748,6.6758285125277395,Sedentary,2.0
4937,55.99818930339184,99.91877674461378,5572.399816170416,6.009089035264465,Sedentary,5.0
4562,56.873236595031464,95.70303559260444,6340.44568100505,6.443788267585217,Highly Active,7.0
3520,63.977750708303695,95.88831422607622,4246.359041548342,5.845633471105694,Highly Active,10.0
4081,87.26468589117586,97.94268519913167,417.1788743183953,7.254740453111853,Active,10.0
4967,47.17512727782662,98.59948834854484,3546.9615778425227,7.485295224726759,Active,5.0
3278,70.8238951756834,99.65351991095872,15877.840580932278,8.177869872726925,Active,7.0
2754,69.82141761401766,95.05153860017944,9324.424972071063,6.5194270215369485,Highly Active,7.0
1922,65.10635263116885,96.70256949927376,2339.193038866186,4.688994491665909,Highly Active,1.0
4137,71.32979127797043,100.0,5419.850425077711,5.215910904606444,Highly Active,1.0
3984,78.23261024471469,99.24493220314088,23099.305053254186,4.763131368455628,Active,10.0
3159,61.919716949908846,94.86819075953916,1971.5434915975936,4.8484845946179504,Sedentary,6.0
2036,90.03241429187999,97.63436198588886,20613.208965453723,4.5301801222942855,Highly Active,5.0
2416,72.25413408151272,94.20424289865328,8049.958317424959,4.870972070651272,Active,9.0
3979,78.9530389988478,99.06888828376346,28607.840697974367,7.6076969866995405,Active,1.0
3645,56.09612931429473,97.61345877299529,2842.1999127055597,4.471070673904977,Active,3.0
3281,45.675615081568495,97.85676258783228,2282.352769000283,5.29311318269776,Sedentary,9.0
3649,90.97482888047789,99.10437193705263,2904.295686980731,7.704584720947451,Sedentary,9.0
1313,61.313420938765994,100.0,9728.137139605697,6.263089512032767,Highly Active,5.0
3613,73.5426869305116,98.87369244688966,2876.93115001812,3.9334496311766594,Sedentary,9.0
4083,65.95905976829437,99.44967361811852,759.0416442779214,6.5566614158710586,Sedentary,1.0
3256,95.13611121968889,98.79412405375292,7235.911256361693,7.043048286254956,Sedentary,4.0
2997,73.87987934843932,100.0,1766.0567562099309,6.971440405564637,Highly Active,1.0
2037,54.295774104314205,100.0,29.20232020645073,9.86894137889392,Active,9.0
2656,71.04277075506525,96.6818037667924,1554.6363102331975,5.370231308070695,Highly Active,8.0
4489,91.86998183690108,97.61627226152774,11970.434318515325,8.150171668948419,Sedentary,9.0
4508,61.94921820736533,98.10960555362088,19722.88068051865,6.463396478275835,Sedentary,8.0
4448,51.57458239800758,96.62080444441328,7591.988182946118,7.202491850362252,Active,9.0
4091,85.95281782781701,97.28061103788902,2602.41635751828,5.52281380954274,Active,10.0
3634,60.315899100947135,97.85357405815957,4015.082660869203,5.4906686295811955,Active,7.0
4983,49.50026812989776,98.04016826195154,1514.4681185522231,4.623710159557213,Active,1.0
2778,60.821410420765496,97.16557831693044,14887.371344952218,4.297993131398469,Highly Active,4.0
2014,80.80262729300202,98.1132055041519,617.326147213127,5.695425582725004,Sedentary,2.0
2093,80.1589816310447,96.387061477642,3200.260679965158,10.317628614574248,Active,2.0
4282,87.70280540098776,95.5279166954938,11173.236466824776,7.50908790843458,Active,6.0
1697,81.48923474339334,100.0,996.3778910527568,3.76205780929529,Highly Active,2.0
4694,65.23379591306511,99.77897146468716,476.3315568002907,4.234233357369245,Highly Active,5.0
2404,79.22362074198898,95.74637584212442,1925.5768727841428,8.70338390348359,Sedentary,9.0
2155,83.19190112058861,97.16487991784416,148.653346008544,8.447772425783576,Active,5.0
2043,59.31543199192024,99.31565389241116,461.6952842925429,9.391559010302274,Sedentary,6.0
2929,100.76294629707792,92.96587187304095,230.70152849887495,3.16936326913825,Active,4.0
3583,72.45644227378406,99.23545399402076,1104.8330224643958,4.445977744488378,Active,6.0
1226,55.90222881338232,97.31367505384556,2336.8306143180653,5.348669545560019,Active,5.0
4225,77.6309311075766,100.0,4573.654419397555,7.541377458315219,Highly Active,8.0
4813,76.81673790045987,98.78092924558162,37466.36062205242,5.678388595736146,Sedentary,2.0
2492,81.48640921253381,99.66497534017252,3175.3071804139554,3.7760984621926905,Active,6.0
1821,82.31862134786813,96.55063546017392,2156.1395058046073,5.634875921196593,Active,10.0
3023,63.48408429280205,93.90055743178328,23124.30989029183,7.056004280226752,Sedentary,10.0
3452,79.38748910576678,99.66308884452438,2392.3214548880997,6.603041339619709,Active,4.0
3249,68.5713361620591,100.0,2372.6894027276894,4.9298469402773915,Active,10.0
3085,68.56351960647126,94.74266721736714,632.2513576022391,5.33833969263924,Highly Active,2.0
2795,73.74416347213767,100.0,9003.569406560518,7.1969548579283735,Highly Active,1.0
1187,74.48036716123168,98.51282786141113,4506.684126813124,7.787373256163384,Highly Active,2.0
2080,90.37525250557542,98.59918082567016,15105.569059266169,9.257194115617056,Highly Active,2.0
4091,54.70823940281471,98.06222113185612,2976.3719645424644,7.045691086874016,Active,9.0
3320,81.44885770049696,97.43341306293956,2021.0849208117863,9.16234609704214,Active,8.0
4190,41.526019074038736,97.6007389580834,1951.457101375926,6.911793010941867,Active,2.0
3630,63.70742926518747,100.0,2663.8434046526063,7.421540782543444,Sedentary,3.0
3563,110.16880230081551,99.51375684890498,33776.26793851007,7.934649688544673,Sedentary,7.0
4292,70.38408701105382,98.74038101681369,3133.0556839883807,6.760548063375099,Active,5.0
1525,85.04116346166113,94.20750016620045,5205.1895278952215,6.397841624818212,Highly Active,6.0
4586,49.32390806496209,96.9512223623692,2247.9494152439324,6.250227863596304,Highly Active,2.0
4799,85.0513963403369,100.0,1084.59984665587,5.640799049257977,Active,9.0
4812,68.89092290706863,96.41619086826894,7265.91577934197,5.75584773323458,Active,6.0
3745,82.90208311892992,97.80374150406928,491.65341494628706,4.8548112477893675,Sedentary,9.0
4505,66.83295190110115,95.10525770289637,15006.331970042242,6.706716344802106,Highly Active,4.0
3547,81.85107490202797,96.10888778298748,4960.809879698028,6.46440771184116,Highly Active,2.0
4959,75.35780553995006,94.61199066460286,10578.529850484094,7.757275258679048,Sedentary,1.0
3813,82.35042379976403,98.96131833728586,832.1959362704507,4.495520863858813,Sedentary,1.0
3583,66.45840616819503,96.46578941395522,4494.253725204972,5.3821281630247695,Sedentary,3.0
4741,67.70692316343698,99.62724696791172,10445.473742255235,8.734949909664284,Highly Active,4.0
3206,85.96207244907256,93.58720464369442,8373.720376496227,8.527492306614665,Sedentary,7.0
4259,97.6174701570564,97.78456672700774,10320.536916251607,6.103615677505244,Sedentary,10.0
3962,77.63840627937971,95.3530798146422,13039.191622978704,7.255367140634567,Active,6.0
4888,45.10551831175158,99.3931310199373,2980.9787752032557,6.700316016697391,Active,7.0
4390,61.34972011423328,98.5118102586536,7265.473463160846,3.8049371436071233,Highly Active,4.0
2901,82.67208949062552,94.8573199294475,14207.181763384731,7.963959076185514,Sedentary,8.0
1405,55.60865370234527,100.0,8037.55621702149,6.166203739259294,Sedentary,2.0
1663,73.60366081896917,99.2487717960425,1323.4032466413464,5.7425175334618395,Active,1.0
2132,107.39121556963968,95.28368901414906,11846.47619659766,9.520171729285424,Highly Active,8.0
2099,73.68425240312393,96.28625630557129,9916.138656438618,5.304667406884133,Sedentary,8.0
1541,96.67253268640069,97.76272640997144,15380.885994859947,7.02327286779297,Sedentary,5.0
2337,80.2093255015711,100.0,8668.711975948994,6.551987354876976,Active,8.0
1997,83.4205295115649,97.5407011329426,14663.341497037254,7.532612821989056,Active,4.0
2140,61.35780579051044,98.36804802350528,1238.9655863467067,3.616445116957508,Sedentary,2.0
1867,85.83612010107404,100.0,21398.378953795716,8.899756954238846,Active,4.0
4775,79.60656864637578,95.95291613175274,11831.034897794932,3.646678563086635,Sedentary,6.0
3066,75.9085246057006,98.33853097707572,6685.729053726139,5.077436439556183,Highly Active,6.0
4756,69.64855590977248,96.88314955807348,694.7703096874036,6.299233813366455,Highly Active,4.0
1739,65.74993632896945,97.46577019683916,119.05896846230944,7.519510894806645,Sedentary,10.0
2373,67.21874159557197,96.20856270140344,23531.188335360483,7.616530451162751,Active,2.0
1182,78.42715537637802,95.2032800416035,8042.089210441723,6.83774969851327,Active,10.0
3160,85.5934384576325,95.49357834385012,848.5835507423551,9.144221266877384,Active,5.0
2206,79.29113753443664,100.0,2908.738388850714,7.628738647138565,Highly Active,3.0
2169,76.70277980403772,96.5194735988827,9714.920783821615,7.551149935388553,Active,4.0
1830,72.37840304822113,95.30070215549406,1304.235715885327,6.451062049175666,Highly Active,1.0
2651,62.540010109101694,96.41810492726798,4446.098489957713,7.321334212313472,Sedentary,6.0
2136,75.70269108592568,97.42401875412452,11526.748042813802,8.252167810237331,Active,6.0
3810,86.20914125808311,98.31698176796912,23835.861104741456,8.923158031393493,Sedentary,8.0
1475,73.27054666604201,100.0,6820.50927707519,6.626396850114609,Highly Active,10.0
3810,61.19454910325025,99.8628487248911,7115.356491423627,7.757582474765505,Highly Active,10.0
2326,57.06533353522764,99.42014921354408,4435.559004716548,4.879691163360709,Highly Active,7.0
4896,57.84399690755318,94.5531091304687,729.2341467356197,5.655988005839163,Highly Active,6.0
2019,118.36817774758477,98.12170238123907,3011.0458364755705,8.051156544681252,Sedentary,6.0
1160,73.69845285999732,100.0,3122.139998912802,7.791926265749741,Highly Active,8.0
3448,96.19972250105226,96.99033283223514,24830.84395454421,8.186292578914571,Sedentary,10.0
1197,81.44061113109383,99.4389147888228,36.51220135836872,3.9043307810765375,Active,2.0
1659,77.61578498298653,100.0,6138.716404922228,5.196792689711301,Sedentary,9.0
2070,79.8338273425709,95.949920088928,7899.111076962032,7.2676026459091405,Highly Active,5.0
3010,65.58888542514964,100.0,2489.4791628706453,9.103959292917374,Active,9.0
1398,61.239607273697395,98.02647957338571,7116.794981319484,6.517930859360921,Sedentary,5.0
3125,77.76549995713661,95.66303748080897,358.20237378920734,5.421285913630198,Active,5.0
3171,58.811017843412394,98.1463386664042,11100.506684891878,5.6853491307161885,Highly Active,6.0
1074,52.89362988271536,96.4365908487296,1674.9227390295089,6.207502590213023,Highly Active,9.0
4942,55.810146451770805,94.07038481732737,7051.011141983078,7.0820090732654055,Active,10.0
3184,73.89182623025093,97.80067749180051,7283.731453701161,3.9999408532240786,Highly Active,7.0
1601,50.76646975113687,96.63051423072233,11398.1014954681,3.4555730966441778,Highly Active,4.0
4471,104.24489628527104,99.19962772096407,4934.0323901789225,5.2107076624367465,Active,9.0
1836,104.28348329692992,100.0,3300.8235232553543,7.283507064275228,Highly Active,6.0
2528,88.28239901088101,96.53305416762232,5109.0880262846795,4.602266171273172,Active,2.0
1499,69.45886316488397,95.75663898499052,5523.859827353973,9.251429435661692,Active,5.0
2596,67.74597792089718,97.85987604895948,12063.662750697824,7.778089874276903,Highly Active,1.0
1137,79.44803747938151,98.60706955545984,1606.5174336689183,7.503939461893713,Sedentary,2.0
3097,83.94930774572667,99.03699085771484,13133.544701294592,7.782815505571059,Sedentary,10.0
2794,79.44386756036208,100.0,3186.716747483829,7.139782821817764,Active,4.0
1972,55.34289908831285,100.0,9534.280948119453,7.260433194349827,Highly Active,9.0
4696,82.99898632468873,100.0,8638.266699467924,8.00005713802949,Sedentary,8.0
2885,40.0,99.72810191686712,11237.400372631637,6.950640059121136,Sedentary,7.0
3301,58.42033328232945,99.96418421696686,5716.15470427932,9.385275067937178,Highly Active,10.0
4701,82.88804270334695,100.0,6764.704681847912,6.616191100984665,Active,8.0
3028,70.31790422839863,98.90949822357588,8611.272949766106,5.817494998592685,Active,7.0
3757,70.33314834030145,98.37844148072216,8162.859452043628,4.275207861055861,Sedentary,5.0
4920,91.62662430123804,98.66198371124987,9098.647640512469,5.416378556604176,Active,8.0
2900,74.19283696492006,97.93317847089492,13264.705456174785,8.3034942836614,Highly Active,10.0
3804,70.37139664920363,95.620396835652,1692.107144338253,7.219021593709699,Highly Active,5.0
4986,70.86531619610933,100.0,24706.974666315673,6.6212176905050955,Highly Active,1.0
2449,62.48189806944106,100.0,13341.743424037548,4.695742490770865,Active,10.0
1546,71.6620402067732,96.9753973065042,6270.359607033931,6.067973806914801,Highly Active,2.0
4373,57.90146679436971,98.10753727318424,57.48698510141812,5.248903352819697,Active,5.0
2714,70.0001535406162,96.77198938327192,13505.488873168766,5.847426576106874,Active,8.0
1580,67.25866048907453,99.1215109245844,9748.907854197909,5.168527205569736,Highly Active,4.0
2372,78.47030454824781,99.14820527402073,21925.064097447375,7.222976341193281,Highly Active,9.0
4903,97.71786367177477,97.31780999485149,92.74446126649693,7.71866807313771,Active,4.0
2956,78.89350725877442,97.49699399555062,202.58355982019896,6.552529629110306,Highly Active,2.0
3003,76.5472226733214,97.57087419384256,5100.70255356621,3.515621178744724,Active,3.0
3096,78.50753704283541,96.8324664105229,13567.986382863306,4.470972051812858,Sedentary,4.0
3964,62.05777131191078,98.73934933231068,33224.215484676446,7.468875188391638,Highly Active,6.0
4145,85.52934500639716,93.718598424079,2699.897079247517,5.366662606661825,Sedentary,10.0
1703,81.09602463054927,98.14612981822472,259.2892615113546,5.368231988118289,Highly Active,8.0
3308,74.32518624713717,100.0,1522.8099972618031,6.603423293627936,Highly Active,6.0
3403,80.32467305540625,99.3546567234163,14669.586614456844,5.319505932742366,Active,10.0
4653,79.91469058429473,96.08673622505836,4397.422411620413,3.3178054464546864,Sedentary,9.0
2625,79.94192621734477,96.15294112907542,13435.891091825277,5.113423504522217,Active,4.0
4331,89.9139920367599,96.95484737653224,4107.754385291057,5.894437009445313,Highly Active,3.0
1637,63.628134964439454,96.71298968670742,384.07530040279784,5.667774971935704,Sedentary,1.0
3790,94.66819093137124,99.3747600806074,6728.563278059161,7.551681124123014,Highly Active,2.0
4366,50.96012593974355,96.4384646223982,4004.942841680112,6.633059659726893,Highly Active,1.0
2009,84.92834405275562,99.32519598345556,4732.009871457108,6.526853633212818,Sedentary,8.0
3978,77.51640477706766,97.7033800263975,20827.493139194732,8.235317658364776,Highly Active,5.0
1640,60.55634397852048,98.63611662599614,4275.488483905844,4.159949840989217,Active,2.0
3839,90.43654578649569,99.3201686399983,11145.569979825756,8.847000989062156,Sedentary,6.0
4384,47.79728572245516,98.96555480061676,425.0345640274684,8.97715874319244,Sedentary,5.0
3659,99.37834117931972,100.0,4564.56002303907,6.32655435733255,Sedentary,5.0
2861,108.85221603787808,100.0,6184.983411279469,5.910791635471268,Sedentary,1.0
2205,59.58422465924852,100.0,2519.093504412889,6.104229840873658,Active,4.0
1685,66.33394298648695,98.364197305103,9418.583891395405,7.030035908433363,Highly Active,2.0
2851,89.6267178168106,98.82414521865948,1422.5857578762923,6.917286435002742,Sedentary,4.0
4435,70.16437726562437,99.9066066738862,962.385326056453,7.233725885300013,Sedentary,1.0
1187,40.0,96.0807877253821,2489.483457102918,4.850127464390291,Sedentary,1.0
4640,80.7514105296322,100.0,13711.06560711879,7.159639235158014,Sedentary,3.0
4614,88.40758216445104,98.68009808642049,10076.197378129253,5.176798579559348,Highly Active,9.0
2619,82.71467877377367,100.0,10497.858822819437,5.601648136377075,Sedentary,3.0
1984,99.06784419332703,96.36734820642327,729.2767440941766,5.7449346373821895,Sedentary,2.0
1547,71.82809174966246,99.40711683725668,227.32065082696343,5.543086932057518,Active,5.0
3772,100.77488385219856,96.26038965534488,6176.580937934685,6.805696947001689,Sedentary,9.0
3973,72.68441939691986,97.324805890022,8481.344259035477,8.519832120585681,Active,2.0
1875,72.86384459760954,100.0,5268.226189099881,8.213583838803395,Sedentary,5.0
1617,105.5745873863952,97.22035818397684,2289.850572163101,8.193743265927417,Sedentary,1.0
3461,84.7187638250036,97.62846749241812,3171.2240984678565,6.4641561064349045,Highly Active,10.0
2243,57.006259268602776,99.33811293393018,8866.406061363516,6.7979356320095565,Highly Active,3.0
1902,78.09319840233175,95.69902826512256,199.45678742992143,6.446546646643456,Highly Active,1.0
1162,62.71084162630028,95.35562028460303,20205.830833778567,7.074015703261019,Active,1.0
4291,84.8845180952306,97.17577581306064,16670.375470528925,4.5293056508660605,Highly Active,7.0
1631,83.06559975768626,97.2647135852776,4840.587846173509,7.07086241838627,Highly Active,1.0
1905,76.20086943766609,99.52677664535987,4192.6672595393475,5.3159437606147995,Sedentary,7.0
4919,94.86854727289558,97.22393111319847,17895.78615802594,7.471467398721671,Sedentary,8.0
4471,96.60701609101916,98.62462698621694,1633.3116829369333,6.554093591123573,Highly Active,1.0
4253,59.20939240945741,99.25737578396294,6620.8509671883685,7.905111263543178,Highly Active,9.0
3014,101.43116711450956,98.565853352934,2676.8381407739057,6.314389046840767,Active,6.0
2641,93.43569238461048,98.90391030253726,17275.406820259555,7.222554668263058,Highly Active,9.0
4800,62.20328994784232,97.95206146641456,1298.7475739394636,3.7823739337204216,Sedentary,3.0
2579,78.09368456441156,95.6138359553545,7576.889661419619,6.966371030693656,Highly Active,2.0
2836,79.70889669944009,99.90501389197466,3502.1902056485173,7.591997957662038,Highly Active,6.0
2251,92.7941740684784,93.92583318138512,794.2389892863041,7.080103602954374,Sedentary,9.0
2719,44.52634013533323,98.93952742566488,24266.197963905455,5.8118468707504185,Highly Active,8.0
2642,76.89274735880396,96.72174431837875,1685.5217588849443,6.835787746823738,Highly Active,2.0
3643,75.86105965528967,98.97348695904188,34962.77511809491,5.833952698084612,Active,10.0
3297,87.42799165685274,98.38802952934012,519.6646666883457,5.734377355291946,Sedentary,1.0
2464,68.34214590754576,96.65746907120366,6395.7954172989475,8.540927148928573,Active,7.0
4604,85.04367645757627,96.8183678557006,6676.66999802353,4.646219521760743,Sedentary,2.0
3243,67.72283601857787,100.0,5208.035881508453,5.458518744751471,Active,1.0
3010,83.6083129435374,99.62607392796484,2819.077922509975,6.966710227517564,Highly Active,1.0
4590,76.28073465652486,94.3823628482084,3113.854033305224,7.756486673404826,Active,3.0
4141,79.74355876531803,95.8503814896543,8541.112093764805,3.890676649747868,Sedentary,6.0
3686,94.6956658048579,97.2669668568748,3799.281574901511,6.224801210792068,Highly Active,6.0
2422,69.52550877302777,98.86598478585172,5956.259703718215,6.542358777535086,Highly Active,2.0
3001,59.43600456663154,96.80059667669688,2361.3456114557216,7.822873279861934,Sedentary,4.0
1671,61.398569056243126,99.19397783944682,9061.923611918422,5.156255806144471,Sedentary,1.0
2495,91.05800360336828,99.38636510149512,1128.2602343358644,9.79089054520299,Highly Active,8.0
4988,64.6364745696839,98.02997774325408,2209.9994398138247,7.372238938535142,Active,7.0
3539,101.8303449937467,97.9077934876456,3344.43814689663,7.301202784750633,Sedentary,3.0
2560,59.2634409406758,99.28950339515526,770.4087240684138,8.07447300256253,Highly Active,8.0
1895,68.52841531524665,100.0,3401.331004963622,9.797005022290598,Highly Active,10.0
3480,50.956623521040626,96.98746447865427,412.4933539346842,3.7859793356819775,Highly Active,5.0
2336,90.633717495726,100.0,7249.062737182477,8.449605314282351,Highly Active,10.0
1164,78.79828635829733,100.0,451.4796250090347,6.712372464070232,Active,1.0
3068,67.74024912205094,98.56211497320794,1866.7817970255808,4.473805118561765,Sedentary,2.0
2105,95.05624766335193,99.65681356984616,1381.886115307689,6.9582671412403245,Active,2.0
4652,76.19872656761821,97.54809133642485,2983.2563090155086,6.554029755614602,Sedentary,5.0
4202,73.59316217417476,97.84286811144042,7170.270391963255,4.881928612157775,Highly Active,8.0
4670,70.65925297849388,99.07290414102025,6042.57618055519,6.453972875131062,Highly Active,10.0
2938,51.40975846090724,96.85892239350866,3733.373095459393,6.686654167086203,Active,9.0
1370,40.0,96.70394468899394,2163.0132188464227,7.434341079834617,Sedentary,6.0
2880,70.30505126779568,97.25745126819726,6179.111576771497,8.247617648242683,Highly Active,3.0
1383,78.33106675001913,96.8164262186166,5715.382297736027,7.025399667148164,Active,7.0
2931,55.45925539861041,96.22267823645144,12127.71986586716,5.901138424544159,Highly Active,2.0
3492,48.39231099390637,96.26901998478932,5604.27646074547,6.263435811039055,Active,10.0
3208,50.20436677494112,94.9399821848821,6615.536244646198,4.948033610722298,Highly Active,4.0
4779,99.51991536369356,100.0,4962.274019013762,5.103569506282366,Sedentary,2.0
1894,65.56276117458057,97.32652085571948,10946.10084554137,6.948106975908358,Highly Active,8.0
4064,95.99807818078652,96.82570305577856,8550.059095959217,5.869111787498641,Highly Active,1.0
3374,54.94310731348136,96.03048411526612,267.60569847672366,5.241359530750708,Highly Active,9.0
3336,59.04331212824343,96.9436546703687,15663.30984022657,5.6101066186388335,Sedentary,2.0
1592,78.96464703195285,96.83809724167703,2311.7043557813854,4.140493363492798,Highly Active,3.0
4644,80.7324402204121,96.84664355574664,3606.1874614746216,9.22871309749138,Sedentary,7.0
1572,107.60639111576864,98.29066855948795,14852.910158461154,6.219997753276442,Sedentary,5.0
4425,71.93649770902708,99.2304475460334,13695.075404327305,5.979571609558966,Active,5.0
3075,73.57663042963365,98.63139718587784,2392.109960712945,6.915032294162355,Active,3.0
4001,96.24762446326048,96.03412266302696,5462.782500621761,6.961280934951154,Highly Active,5.0
3470,85.32323351250676,99.88611996357837,1684.6980730122689,9.3126175876501,Highly Active,2.0
4669,40.0,100.0,622.2058563445505,6.583858997739742,Highly Active,5.0
1176,59.938225192313475,98.88808981594028,193.4340311695645,6.336999737654216,Active,10.0
1528,91.04821957008332,100.0,3362.2708640090377,7.691997487845886,Active,3.0
2633,67.3466262615077,94.42437997499722,20511.162242896466,7.513893259949052,Active,5.0
1965,71.99502185095479,95.32938537193972,8082.153259531735,6.759576977077743,Sedentary,7.0
2517,61.135193444839366,96.73828955927338,9679.747580723411,7.659548543223162,Highly Active,8.0
1197,58.72910644062675,98.26041366256936,20323.810894110044,7.730748401939843,Highly Active,3.0
3657,40.0,96.6349601677023,3837.8940336677338,4.74024047002875,Sedentary,3.0
4648,69.55274289096648,100.0,4502.076539442103,4.7770407125830445,Highly Active,3.0
3889,81.98415516042603,99.86610527950074,3118.9922904026016,4.562877525307559,Active,7.0
1852,78.702754539827,99.92923394737969,1400.8842390273164,4.229639481267366,Highly Active,7.0
4588,62.51975888039431,99.35910632208028,10178.833729318045,7.715754979362634,Sedentary,5.0
2537,53.56512393730847,98.61695300700922,16602.480368192155,7.719328687252271,Sedentary,4.0
3069,69.39185000935113,100.0,11769.37885471075,7.1716405455024494,Highly Active,7.0
4183,55.065474653246966,100.0,342.27437318146013,8.992892666722454,Active,2.0
2080,63.486440281707885,97.51580293016389,2488.177263788039,6.03748833650743,Active,4.0
4137,76.9365861063343,96.25406085433475,6276.885236141738,5.465020218346773,Active,7.0
1097,94.2947230364725,100.0,1138.6115984457515,8.213154934109262,Sedentary,2.0
2903,65.92828820952343,99.26786306828342,5159.578970402369,9.413044882167478,Sedentary,4.0
1434,87.74596493433178,97.6476954494491,8662.56955871141,6.392435127250607,Active,7.0
4157,65.42927745985229,96.1759219973934,2667.6500768193946,5.90451862078029,Highly Active,8.0
1587,83.76192482188796,95.83545956197926,21925.862338918218,7.86543483980797,Highly Active,10.0
2317,81.62536623579044,97.05020124483512,7263.992398903173,5.992082154113431,Highly Active,1.0
2979,74.51455335137446,97.9533809792374,3097.3836098754628,7.692833621359735,Sedentary,9.0
4721,73.86337658862058,93.82458292166552,3796.5866092776864,5.448697272989089,Sedentary,3.0
2727,76.11920959547511,99.6090410161461,11610.034393745287,6.0049111525258745,Active,1.0
3290,52.339668737207376,97.01872789333828,665.5927340597019,5.596468586350602,Highly Active,2.0
2854,66.24411512499127,96.95353288810846,2636.780115453325,4.972071373662779,Active,7.0
3608,106.20691157157702,98.65360999883806,401.0946172867483,6.393532842726514,Active,6.0
1959,45.938929864579514,97.67550127659364,5090.68360544033,7.708355595462097,Sedentary,9.0
3324,75.51334979535399,94.98412645632268,10349.146953162266,6.199130526920908,Sedentary,4.0
1531,49.79380932552543,99.72997328594208,668.8587848513832,8.388774609129003,Highly Active,6.0
2177,74.98275668490183,95.22669538871044,2217.987121112971,4.586433729186275,Sedentary,7.0
3430,63.80515288544305,95.22051062311424,10337.738683290712,8.466854353825102,Highly Active,5.0
2091,92.83467782501606,95.48026395331394,5015.941010395981,8.138291502651334,Sedentary,5.0
2901,64.9995151928477,99.68401754746432,11892.317307322684,4.133557010540979,Active,10.0
1883,70.86258453144106,96.7242321239427,3746.799611343545,7.20220107986427,Sedentary,2.0
3261,78.69270350757468,100.0,11806.58461835689,6.310621353462788,Sedentary,4.0
2678,65.33207534046477,99.75745862781726,5407.813420340645,6.340682337925148,Sedentary,8.0
3423,89.3788547804134,100.0,644.4528673875084,6.5990379023228165,Active,2.0
3260,46.78741798529346,95.54134438042269,5644.895028170867,7.908192900292665,Sedentary,9.0
3126,77.26149996286772,97.364437325552,6629.084200733901,6.506132981762553,Highly Active,8.0
2749,87.11061215724467,92.19205814977364,18406.28600260705,4.8130266889199635,Sedentary,7.0
1781,92.29702318018776,96.66525164116936,9760.918837296442,7.423843981829956,Highly Active,6.0
4994,82.3605807024018,96.97409415305592,15448.060631492248,4.527127962939407,Sedentary,6.0
4452,60.60874831669203,100.0,5215.595621687505,9.504135110018323,Highly Active,7.0
4048,63.281485568171966,98.97813812668817,1685.148862844046,6.680791624261465,Highly Active,4.0
3727,40.51853552357175,100.0,11914.02518507374,4.6456280734892,Active,2.0
3105,71.74717962613404,96.25054766402424,16480.67757996527,6.197137438389059,Active,5.0
1880,94.4096081175894,99.58840091470748,14360.783590380135,7.137578891353019,Active,1.0
1446,73.45811250393957,98.6010300798534,4637.17939084257,9.845685995275003,Highly Active,5.0
3113,61.55429323496643,97.13273151141918,1296.724398018153,9.304076991357675,Highly Active,1.0
4992,51.255979331911504,100.0,7255.273789204126,6.801946038497206,Sedentary,4.0
2783,99.9158096405176,100.0,4291.157440871894,5.329072687479182,Active,1.0
4970,68.94888356895736,96.7962299652181,1763.6298177584797,7.60712326241563,Active,7.0
2991,88.93513542896525,96.47872174640224,3147.6951819425612,6.805438332257069,Highly Active,3.0
2067,71.85664803460564,100.0,1271.9223828376296,7.617626445990263,Sedentary,3.0
2011,71.51787220157826,97.6840049112004,11996.90098613179,4.675682375146298,Active,10.0
3274,69.02167167523103,99.7562683317361,2176.492194931057,6.304487171190465,Highly Active,1.0
1773,75.92199506882784,98.72921324918042,8342.996956650693,9.366249367589262,Sedentary,4.0
3726,99.12519158592922,97.6490840359063,5226.182055242424,7.234558662538139,Active,9.0
4507,109.17505349936351,98.76259550037204,5133.5565862026915,8.252545026723913,Active,4.0
2814,56.9615529595856,100.0,10648.17081084475,9.51698943351994,Sedentary,6.0
3648,81.89191949730613,99.594230402196,6732.090192885929,4.731141450268739,Highly Active,5.0
3426,78.1444512587743,96.04959717997338,1219.2715536302967,10.398613483369267,Active,6.0
2164,82.95701235678898,96.30110453434722,1746.0916485620703,7.95966464972628,Highly Active,1.0
2450,68.2472936590245,99.51796947565568,5493.532672663534,8.243117728829159,Sedentary,5.0
3756,54.30476611310739,98.72882590501986,1156.7584203060662,7.5863057797988365,Highly Active,9.0
1306,125.73364314352746,96.78895883331828,791.3604031097246,5.29812926670453,Highly Active,10.0
3551,85.95044296809311,95.89805338660406,1463.3983087231377,7.00525472262943,Sedentary,9.0
3315,58.22615783025597,98.61592718973937,36092.45389713901,6.141783906774196,Active,2.0
4657,64.57277744959401,97.11551962290277,30.57471364022702,8.225892668353366,Active,9.0
1007,52.97126675266668,97.89217978308774,4170.405958697132,5.720193082863694,Active,10.0
4991,96.84427933369491,98.2493569505099,1241.684602947393,3.481747814149428,Highly Active,9.0
3555,58.354529972265254,100.0,7999.679857274697,6.134349886110704,Active,2.0
1475,72.16733317494945,97.83762584880914,6962.311300578988,8.380292612682128,Active,5.0
2320,72.83338745882429,99.96820486772272,11517.91651827104,10.183848548237268,Highly Active,5.0
3211,82.09804167109142,96.22350176137742,5801.212927591697,8.473556253663759,Sedentary,6.0
1484,55.61369483456683,94.71066366521764,1469.5924666909016,8.100305849461343,Active,5.0
4668,87.89419409069751,98.9251800117776,383.5200944233145,5.932008500517961,Highly Active,8.0
1904,74.45112862299324,95.93937936902,1759.1164994189005,7.584981741454052,Sedentary,7.0
1558,84.3981790302022,96.21164508895438,2030.7986555547247,7.442328808713857,Highly Active,3.0
4982,78.83359207555802,98.62390396707914,1129.6221934656269,4.762613742291099,Highly Active,1.0
2127,97.6904138713941,96.8493253691826,6785.257848157914,7.740470361951501,Sedentary,5.0
2233,97.64327511458086,96.49505243502782,30617.47024426299,7.004299464339127,Sedentary,1.0
3601,83.62912400043408,95.86554101252231,5200.499006319115,5.551996251510098,Active,9.0
3875,86.48959362231842,99.93831782279878,5159.542015628037,8.189336307927395,Highly Active,2.0
1467,69.16217878325958,97.81478195763992,1487.0357872704683,5.9624023414748555,Highly Active,10.0
3433,108.96654221918833,99.62530169794849,1619.386215407265,6.476243343716237,Highly Active,2.0
3822,67.03504725662081,98.30279750728305,644.5466320047177,6.850105436512106,Highly Active,1.0
1847,81.51619725651224,100.0,3220.6092081768106,8.048505836587317,Sedentary,3.0
3924,69.38520121118671,98.45390653497064,4897.03884911334,5.265401009177777,Highly Active,10.0
1258,97.25438615498,92.48812716004149,5227.457797899827,6.150836361912763,Sedentary,8.0
1282,98.83215620711177,93.93964356969424,6558.237969908445,6.405591981797393,Highly Active,3.0
2898,63.023915138685645,98.4618893813462,7864.886274863498,9.41265296807608,Active,2.0
1039,81.10645844397018,95.1528947925763,1833.6899103068447,6.435800379834195,Active,1.0
3533,76.3283829311517,98.8470423706702,9187.223808907269,6.554310377130392,Highly Active,2.0
3267,65.00719073594419,97.73703193850196,4025.134720266606,5.340680061872329,Highly Active,3.0
4200,77.50238357196443,98.11435425756446,7306.789359774027,7.515938227611417,Highly Active,7.0
4071,60.30516295921629,100.0,5220.934911150138,8.370557533202126,Highly Active,1.0
4591,76.85375393413767,97.26756277371015,164.65610416092582,8.207261994815196,Active,2.0
1612,58.405873100919024,98.34779013975007,11337.719978462976,7.804171591762899,Highly Active,2.0
2915,80.42641661642577,96.78326819177192,5109.789112804218,7.524957842086285,Highly Active,7.0
1687,72.97358100625031,98.19407647125652,3459.0476091316573,5.097866176819714,Active,1.0
4690,71.13869133466089,95.9914305632968,5613.4018318806875,3.6741248050876374,Active,6.0
1612,102.13284797584213,97.8136031558738,388.9026164728584,6.831424294500576,Highly Active,9.0
4037,76.23685544846377,97.41282715188753,7732.647575818002,7.567595844062117,Active,9.0
4013,59.785242285311824,98.11992949880664,19514.894890806172,5.177376969900563,Highly Active,8.0
3413,87.16139039633505,99.27565100022,13241.6886850617,10.69471260304706,Sedentary,2.0
3325,112.89269173717295,100.0,23043.51929990452,7.725011937591425,Highly Active,5.0
2810,95.474885525253,100.0,10647.254235835024,5.237380375576118,Sedentary,5.0
3591,55.498186690649554,99.29578344659276,7009.457846861508,3.4315292427551163,Sedentary,4.0
3696,72.03538516592168,97.4078315887807,3852.697061658443,6.193149988441019,Highly Active,1.0
2547,64.00524985110941,95.73065329474592,919.8746492756876,3.5540354964940897,Highly Active,8.0
2930,61.108919584642834,96.98048069950588,2021.265125831772,4.955339179924341,Highly Active,5.0
3861,92.02566566662544,95.28198531485398,2214.2518603430403,3.951494980869683,Sedentary,5.0
4958,91.70948732446374,97.42488613625656,3908.882573719906,5.369546839221563,Sedentary,2.0
4087,101.63162864517022,98.59306743660436,6588.405997061806,5.6996725654658436,Sedentary,6.0
2152,85.17523545197126,98.73997640450833,6748.481282021508,5.189423406612185,Highly Active,9.0
4180,77.81837699611684,98.41074575710604,2247.6466454421147,6.219940014413162,Highly Active,2.0
2910,61.41627755329883,98.61581717693204,407.0709398667814,8.492192426966245,Active,4.0
2012,95.55149230032004,100.0,31465.668324024933,7.353884692470906,Sedentary,7.0
1669,68.87087679173976,96.62127628925047,1414.1789416244137,5.782804283313426,Highly Active,10.0
1268,70.44459605840524,100.0,6509.105462992068,8.526509068522184,Sedentary,4.0
4233,40.0,96.65044496983268,2453.402346943475,4.945767840715931,Active,8.0
2283,88.01343227519959,100.0,1513.422020753658,5.559722585838523,Active,8.0
1923,60.78395132448274,100.0,8073.209031260503,5.537342813184814,Active,7.0
2125,85.34235295111984,96.8432148237202,10798.762728530506,6.6121177139898935,Highly Active,1.0
3241,68.2715996738794,98.50329455238214,3653.1228137595094,5.1368810805280045,Active,2.0
2758,68.13871823225966,99.18093248937038,426.15874678805375,7.905101485051057,Active,10.0
2594,58.34143177239298,100.0,3593.252412376234,8.112075293388887,Active,1.0
1246,95.82658021732637,97.90208551486582,5317.910693511553,5.423312654295508,Sedentary,3.0
4866,89.99833068978411,99.5217284318534,7486.147439739281,5.239851452221546,Highly Active,7.0
4908,78.9766725120187,96.53687531080612,8677.113724069319,6.768203629827977,Active,4.0
2560,77.0357760703943,98.01859104715594,1585.0665445708423,8.255135732460605,Active,10.0
3178,91.2988906405927,93.66873982176811,8917.553635557937,6.654912611626422,Active,7.0
3400,73.11464069606072,100.0,4877.624997009627,6.342407683346386,Highly Active,3.0
4864,60.560555580400305,97.97406139998286,1706.723321030863,7.040433073583618,Highly Active,6.0
2939,89.72373498895882,96.15513107412062,5063.259013528016,5.235331520932067,Sedentary,8.0
1929,94.276392356212,96.0552396943699,1645.4245768921223,5.118693604926608,Active,8.0
4737,58.52830316683763,99.1662173654006,2357.2871432200336,9.918969417846704,Highly Active,5.0
4453,62.41456446140812,96.18801884831844,12495.04778291098,5.389074509639668,Active,3.0
4069,74.33293380314333,95.58798267293844,8148.651499195122,5.447915672080981,Highly Active,4.0
3692,81.34683551027732,95.27103001690692,9126.243668617566,6.540181366891143,Sedentary,3.0
1226,65.73607528570251,98.22381151975524,496.99421409957944,7.597790417341633,Sedentary,4.0
3748,76.38295374881596,98.49453459804155,9133.169879837573,4.639159587194127,Active,8.0
4547,44.006780534851714,100.0,4732.751641564005,6.082231710947941,Active,8.0
4548,86.47488518405113,96.68672225411332,4302.212783451934,4.487923517446333,Highly Active,6.0
2395,97.81499473709064,96.60799016473617,13364.106090347315,7.732297866147896,Active,6.0
4557,83.6066065864203,96.2792248816736,1367.540679243113,6.123320474395268,Sedentary,8.0
4008,59.78508167036672,100.0,18449.18053116353,5.22989938361059,Highly Active,9.0
3258,62.80291527384676,97.66747261105672,1289.469486504923,6.826665298960388,Sedentary,9.0
2418,63.473673693851346,99.06854242818824,6797.4265087107415,10.463924296789786,Active,5.0
2473,74.43339645848235,99.25055641728964,2188.9404121092984,6.9856677739350905,Highly Active,9.0
3990,50.8259303328715,100.0,3930.2297144832783,5.157721260085726,Active,2.0
2899,78.27651742586526,99.51348448487374,896.4421301958084,5.242787270142054,Highly Active,8.0
3504,78.99749800916712,99.27750115741571,8522.471635382684,6.6808109597172916,Highly Active,4.0
3772,87.97324548295258,97.9726865153458,6069.938200992174,8.350262097132937,Highly Active,10.0
4799,77.32422841240252,98.16433309991604,5803.953558520504,7.544977063785491,Active,2.0
2249,75.46387231010097,98.88128075112304,1992.907151471551,6.343393112418527,Active,5.0
2154,77.85452684802544,96.42063185711665,32052.592377382847,6.987665549198724,Highly Active,2.0
1587,60.41841440925047,99.93464088857388,6936.606106536946,7.2946517283316865,Sedentary,1.0
1475,63.0066720301688,99.1204678142702,11982.448399819454,4.619014297921729,Sedentary,5.0
2821,100.14864850427468,96.80317678658054,3329.469852996919,4.971345699976096,Sedentary,2.0
1985,123.25475380185284,98.85428863506124,12990.999617799414,6.0655641102549565,Highly Active,8.0
4348,86.04150833761447,98.97784243371302,8970.5328654767,4.502712262589326,Sedentary,10.0
4831,103.48448002037418,97.9650652373906,8853.356943710221,4.954060399622774,Active,7.0
2241,68.54646996991124,96.14852599003213,18190.234036830916,7.073898418353397,Highly Active,6.0
1189,81.37361448801589,96.34447468478884,1683.198489338866,6.652864399086774,Active,6.0
2440,74.69396839310933,100.0,5552.8243613899185,5.832745804725471,Sedentary,5.0
1980,77.78971674742063,98.14857473269385,23804.963810904363,5.095706690633848,Active,10.0
2698,68.3957642492968,99.98462508130746,12058.165535843604,7.053190570176563,Highly Active,4.0
2715,94.4682668093596,98.1689447335394,6778.454112913962,6.974621483295108,Active,4.0
3593,72.23325489970348,95.90232928849876,506.22954888023474,8.364319350319407,Active,1.0
3354,83.86614353130173,98.19387699130868,7364.080995252621,3.881000154066064,Active,1.0
1942,73.34355718896353,99.84609171402494,3689.41845145752,7.907196805805001,Highly Active,1.0
1337,52.42930090460408,97.63357550279277,40862.31926355392,7.210258520202888,Sedentary,8.0
4000,79.6112479377338,99.48405390522488,4718.716718467062,5.9162806681156965,Active,10.0
1895,78.14481398743058,98.88818013544908,4141.270657764087,6.709339446307541,Sedentary,6.0
4733,83.74143524257069,95.98407668800382,1901.749063085946,8.623498244876341,Active,3.0
3320,102.30399496544088,100.0,9020.903381212687,6.248634035189235,Active,4.0
3884,40.75689202320586,94.3891204093016,789.5241663120256,5.4255110394936885,Sedentary,9.0
2674,78.25780960920726,97.38031924186528,2599.068968266787,8.17077954249135,Highly Active,7.0
4854,77.4732895020541,97.8312330331522,2532.429062795593,6.681894205267104,Active,6.0
4930,96.6961948163667,97.94517949721238,2918.6013152951764,4.334106509869212,Highly Active,5.0
1930,101.18543286437502,98.30597156673556,8595.16157580786,5.1247633258915055,Highly Active,1.0
1288,59.682603665496984,97.37837027365416,962.5770440534538,7.602266648745197,Active,7.0
1723,62.2709839885421,96.40760865822551,2747.411336182433,5.7105761332012985,Highly Active,10.0
3940,55.60505229921225,98.50172397349488,8333.13202455537,5.5227135278361645,Sedentary,6.0
3319,78.49530242753389,100.0,218.6559321246568,10.264319941118076,Sedentary,6.0
2953,79.23530554902163,95.51070074690564,2607.6044468570767,6.604332015521897,Sedentary,6.0
2089,89.81241647267821,97.13869918773348,58.029531782623415,6.241516356137468,Active,3.0
1482,81.61970054556684,99.1005030343703,1139.520269859578,6.296330662599168,Active,4.0
1935,88.40245144835293,100.0,6487.877633063443,5.482942354743984,Sedentary,2.0
3295,54.19580067996848,100.0,4270.846847535514,6.391228970695576,Active,9.0
1155,101.29148829260504,100.0,1187.4344246299331,9.410159615668295,Sedentary,9.0
2070,94.45849005103445,96.50182261615888,568.6635221278916,7.119616741632193,Active,9.0
2958,67.06203511392827,99.76072746666864,405.8102215505832,4.106941209636913,Active,10.0
3501,63.19166805539389,98.7651981916446,624.5590411817775,5.844044060545337,Active,3.0
3248,86.19340743436847,96.06818828945934,707.0760986444552,6.656385002862153,Active,4.0
2683,51.57567190149182,97.12546415985076,631.8681021042714,4.240518789708846,Active,3.0
1123,63.97188666216721,94.36406446319444,396.58671603568666,5.798209444812259,Active,3.0
3048,59.58359623586401,94.5565963773375,8358.867186423146,5.058462841218912,Highly Active,9.0
1967,73.54755379552606,96.6247590190696,19843.23989651213,5.905729121353682,Highly Active,9.0
4830,68.34042524205488,98.2702523397342,13564.567501078358,6.605033644464429,Active,3.0
1639,61.74498936601697,97.34179198690155,1599.55053338449,4.769210521224131,Highly Active,4.0
3238,65.41421921534362,96.2218668745391,343.6850642104985,6.371499587831229,Active,5.0
2602,57.14852467369408,100.0,1187.498833043379,6.009055614926828,Active,4.0
1441,91.89237059466724,96.07714663633053,43953.47307221912,5.27093502546606,Sedentary,8.0
2944,81.0230599186391,97.1033363738818,13714.676071320804,6.428811252532731,Sedentary,9.0
2829,62.39158996408672,99.44462232674408,3854.9117857725023,4.412255371883569,Highly Active,9.0
3190,63.77009068278126,96.82768820565984,1119.7508808193602,9.092604997095062,Highly Active,7.0
4262,81.63402783539412,97.63376841706824,3796.108496688717,7.912441298532847,Highly Active,9.0
1532,83.5835305003842,97.8029161791187,6324.626756802604,4.1381128319965175,Highly Active,3.0
3274,75.2293799294371,94.51829617609884,6335.283666182374,8.670261410229621,Sedentary,4.0
4700,59.007938968037344,98.0012474233844,12161.64820829473,5.745790967848487,Active,5.0
1948,40.0,97.60381787302887,4994.647512256383,6.808507313038859,Highly Active,7.0
4373,83.36381108512022,98.57293283704672,4481.885360588927,6.635722066057977,Sedentary,9.0
4725,89.72735659325087,99.56831281693307,2554.7031069647487,4.433755782342537,Highly Active,6.0
3019,68.45794659507288,97.9225710656477,1391.2204451595287,8.040458826225539,Active,6.0
1459,66.71819877617118,97.69225672534463,9.83453090129685,3.678705026597687,Highly Active,1.0
4472,65.11833461396643,99.57132729836312,2721.2708583161716,6.934083023551237,Highly Active,2.0
2787,84.68204287423507,99.5021601731451,10360.444664367007,8.20976772387617,Highly Active,1.0
2138,99.59135912556926,100.0,2897.9192982075574,5.0889262197736596,Sedentary,5.0
1621,64.71937301823762,97.69198856576038,1726.171470778419,6.2004638964313,Highly Active,6.0
3266,77.96039377738386,98.89757093424213,555.9608510694246,7.166908112409462,Sedentary,6.0
3454,98.13517774301772,98.27473008971369,21400.99612759468,7.968108202989974,Sedentary,3.0
2466,63.10593879367637,97.59694605400598,4375.255967169127,6.67372594893922,Active,2.0
2377,86.37970763390742,100.0,11379.13706477448,4.4673865503233365,Sedentary,5.0
3935,64.28829350003878,100.0,1150.1184345797683,7.637500271713986,Active,10.0
3605,76.09638052445821,96.712528072039,322.00016861773554,8.008775056534699,Active,1.0
3597,89.7317681302039,96.35737305284616,962.709444920388,9.457019072668578,Highly Active,5.0
1141,67.20334097619661,95.80733929548408,2918.7218119943745,10.135311878840682,Active,5.0
3659,72.40162735105162,95.53611247303,21953.69243318085,7.958573686463064,Highly Active,9.0
1500,57.726312333038024,98.85557903505584,306.02084050749033,7.049874942883113,Sedentary,3.0
1839,89.20377710602966,99.17809032678647,17662.456482569076,5.869296690554084,Sedentary,4.0
3749,77.37829825923166,100.0,5767.4915919079385,5.189359228487227,Highly Active,6.0
4618,68.61893835676065,98.1078355955294,755.7548085153429,6.600250517851172,Highly Active,2.0
2682,70.37504670073952,97.31803197888496,1160.303813480443,6.342599886358148,Active,2.0
2565,74.86467179139937,100.0,8183.194567196659,9.357790555413525,Active,3.0
3046,80.01280398448357,97.39409188775684,6563.556265254934,7.379022932215452,Highly Active,9.0
4917,65.20912330308573,95.33973465698593,1282.8883870383263,6.155256800348957,Active,2.0
2530,66.3886401061286,96.66804434960744,16428.03317299864,5.177426075241947,Active,4.0
1595,71.05007321096032,96.16371243116431,998.238533008902,7.301244899025536,Sedentary,4.0
1280,99.0890120809314,96.40894645123107,5259.800668115057,5.822755648065542,Sedentary,10.0
1423,62.958939476897186,100.0,14308.6481701739,5.470261803422467,Active,2.0
1153,61.83130374584606,99.87639840399318,1310.0331964454267,6.014894103882122,Highly Active,1.0
3661,97.01317691518808,100.0,454.6179955756168,5.77307961980979,Highly Active,1.0
2750,93.65372580802185,97.44413040536487,6987.884444442189,10.751591484823605,Sedentary,9.0
1661,83.16450922246278,100.0,1825.9166638101392,6.736755949948769,Highly Active,2.0
2967,93.23239002730628,98.42031149360804,6017.220100073613,5.265190761915236,Sedentary,1.0
4693,54.714343878762286,94.73414854524523,3675.992375757331,4.039095550264331,Sedentary,5.0
3994,79.26169943025278,99.35473536900498,10252.827307478396,6.060641804791808,Sedentary,1.0
2449,63.22423887763095,100.0,2140.1911247881885,9.93029451416173,Sedentary,2.0
2678,87.11955398873188,100.0,111.08902086723528,6.142592780013848,Active,6.0
4784,78.8625751786423,95.3515582610648,763.0957874495939,7.046270144908435,Highly Active,5.0
3331,90.73971771938751,100.0,12141.982418106669,6.2519143887284025,Highly Active,8.0
1979,69.42149909594481,99.05730466002424,3637.9735188193417,7.18296163939834,Highly Active,7.0
3220,74.75358640903536,96.9371371758794,12788.63225713971,6.139316409781959,Sedentary,4.0
4789,55.74912034562498,91.71762924467686,1539.2515214625637,5.5149299679046875,Sedentary,5.0
4134,73.70733514824691,100.0,8719.33263402441,7.565066565868211,Highly Active,6.0
4144,61.88391655403285,100.0,5718.069528253845,8.454161519752741,Active,2.0
3810,100.43231257702982,96.85669088801986,3034.948204835368,5.826042399381276,Highly Active,2.0
2659,111.0863141049322,96.39577365011245,642.6351752626723,7.591100056766895,Active,8.0
2398,78.14803825657938,98.0489670489084,755.4225773406462,6.735005474805928,Active,3.0
1632,82.3897195428704,97.83870695538256,1462.1964285503311,5.926270158915212,Sedentary,1.0
2531,73.4443062151164,99.9462259051452,7823.091400565994,7.517295463109978,Sedentary,5.0
1786,72.86486153780078,97.99305275497191,9112.937067190349,8.521951250131893,Highly Active,5.0
3990,76.25330377866024,99.96516527470166,6977.114337567177,5.263835775420544,Sedentary,7.0
4059,54.76567793486052,96.63826412086624,2879.6962512318732,6.016053400581806,Sedentary,5.0
1397,84.90441671519035,98.41391649321686,4064.607473446833,8.70008941158765,Sedentary,2.0
2143,60.21948983867894,99.3690197153822,8654.502499498982,6.436143811887615,Highly Active,2.0
1933,69.69224709657335,97.35091094080748,7548.684413197555,5.307999341744874,Highly Active,2.0
2460,75.49771561815595,97.8319997030534,10380.054095756654,6.754814540856164,Highly Active,2.0
2852,63.56776338739806,100.0,1931.543240978435,6.512965323467078,Sedentary,7.0
3983,67.8686331031799,95.63411996098138,2168.9412429873014,6.434514334711306,Sedentary,10.0
1285,61.931859550340725,94.08286521542306,22622.56873338332,6.422195966055454,Active,3.0
1264,72.49671139725477,98.92110454036153,1718.9076487206362,6.751298570143789,Highly Active,3.0
3367,58.92181513755943,96.29835134090416,12257.185772344805,8.774877273313496,Highly Active,6.0
3720,89.73717640158021,97.5942436020002,6819.506757784635,7.587260834016583,Active,9.0
4447,70.33627170950616,99.1644837740292,1283.5625571815328,4.936336309013159,Highly Active,8.0
3867,66.64314003480206,98.55038955195702,3616.788716176536,6.922357832466812,Active,8.0
3136,72.15068514064747,96.36997114222729,4995.716114336267,7.0186319343756605,Sedentary,9.0
2226,81.07971954306747,98.8384517620418,1794.6416264874829,4.280257926280013,Active,3.0
1820,83.08680258106348,96.56835456924036,2040.4339793264205,6.719418377509739,Active,10.0
2762,72.72623868353561,97.49506748797393,6159.808912576785,5.648137306462515,Active,6.0
4048,74.41343945711641,95.54527987454696,8155.64442781417,4.253996644180511,Active,5.0
3381,40.0,93.4096840877358,4430.5739265480615,8.313886304200487,Active,2.0
3269,68.21988490412934,99.2409261222451,19899.37649074694,6.076615987852443,Highly Active,8.0
1040,96.46027974778876,97.07490500642749,9128.264831988552,6.099026987009981,Sedentary,5.0
2731,81.73042800327833,96.45815429823652,15563.69851969695,7.8231648366772575,Active,4.0
1067,58.902968599903105,100.0,4519.351994324376,8.036113673000115,Active,1.0
1987,69.18723325637173,99.62043292297125,104.9635300386982,6.1267893807015,Active,2.0
3561,91.0516326448481,98.19485984392148,11936.223392569316,4.9848290781237665,Active,7.0
4944,89.52924765094754,95.33445608820844,5383.1717601221735,5.086413744237193,Active,6.0
4708,63.28488590885968,99.1027668040451,5873.704632745521,8.446711514957851,Highly Active,6.0
4693,75.14814093960031,100.0,25814.011751468348,6.568191768040574,Highly Active,10.0
2621,57.99334715211275,97.9330034973887,3191.514306903278,7.954983835598925,Active,4.0
4198,66.15366780303277,96.27470331986392,4923.432544811741,7.130194867805612,Highly Active,10.0
2278,64.46606613288537,95.00870476088288,4361.574638753025,3.884382022199006,Sedentary,6.0
4087,95.23716711371426,98.44866052976026,9659.26649611626,6.456507865948979,Highly Active,4.0
3524,74.09590092333086,98.00722339415056,12132.892336474344,5.795052966161506,Sedentary,9.0
2085,59.17581534644074,97.4288021220757,3945.6163707807696,7.442841892173471,Highly Active,2.0
3479,78.1421084676454,97.7863584803714,6091.208722229486,5.891313571142316,Sedentary,5.0
2693,72.16878251229942,95.18800543835378,2084.6389340677924,4.705864513626679,Highly Active,8.0
2058,78.66190531329123,96.69825328507268,8352.87843359405,6.176534368389801,Active,6.0
1778,83.6073277033808,98.29099349590088,14745.36539270898,3.6214580948322697,Sedentary,1.0
4647,41.36685149591033,97.24936629603803,2313.7804388676423,5.867092917836765,Highly Active,4.0
1493,60.55662960563688,95.17463685818475,17368.90075887669,7.174416388773762,Sedentary,5.0
2585,82.70863597521345,98.69401856333796,3175.2405274796124,6.377222689205377,Active,6.0
2492,79.2572315314753,96.68285545118243,67.04323578133288,6.306435980912631,Highly Active,1.0
2790,69.32259111582933,96.139636481447,545.9459998165703,5.9721667907687905,Highly Active,7.0
1660,81.80347618525691,97.11487845234086,655.0880234061192,5.868508990884811,Active,6.0
2348,88.90950288355702,98.75524220208476,1624.7900611628252,4.583098363698033,Sedentary,5.0
2327,67.90760368735063,98.04492683882252,1445.0546519479274,4.5535661213313166,Highly Active,4.0
2299,65.65498026160463,95.88881000967076,417.46234503092273,7.045972547891653,Active,7.0
4940,71.16024113136524,97.2810377407212,15802.775669346369,8.345667457062683,Active,8.0
2986,82.47205785419499,98.95105414489628,12334.456689796278,6.086197042217182,Active,2.0
4755,66.4110714538817,97.9587581168604,10072.646945248289,8.578716857480163,Sedentary,5.0
3044,67.76981102054039,99.4663650244516,3875.5005114409937,6.302181588499081,Highly Active,7.0
2928,56.48123820955315,97.81629113647791,6560.055827756262,5.7425233260531385,Active,8.0
2347,86.72577057926122,98.98375713085626,426.2775166120889,3.2633660796365165,Highly Active,8.0
2058,47.90340494646718,97.53209992166428,7526.6751700397,6.708139722547417,Active,8.0
1481,115.37692010721736,95.35290540453173,11869.555672717104,5.669726491350408,Sedentary,6.0
1727,90.85563391794088,97.9472618578572,25216.841338484293,9.510672782685504,Highly Active,7.0
4136,73.5587642031197,95.76082985864856,8908.863606256915,4.291108175184092,Active,4.0
2031,89.13402658011766,97.6648685509668,3969.098419366057,6.208095583035369,Highly Active,5.0
4372,78.72986884143123,95.4181024244707,1690.259964030787,5.2402537138655925,Sedentary,5.0
1342,105.38945403823604,97.85433995603104,7652.726627340104,5.948942465992183,Sedentary,3.0
4502,58.400470311782286,99.62815687258475,1576.0110660790392,7.481320380665639,Highly Active,3.0
2447,92.8122646869115,97.35716197102668,143.26883796899062,6.122379035529146,Active,10.0
3379,81.41554102887865,99.54217893039116,5960.6192664949895,5.6445141817118465,Active,2.0
4659,70.88310389413422,94.46651106999602,14613.369819616144,7.639670819266204,Sedentary,8.0
3221,50.9857426331863,96.53443886320868,7264.860839679264,7.624723799184736,Highly Active,2.0
3606,40.0,95.36159360856207,7293.971872842432,7.423002775700793,Active,8.0
1526,57.00668843538854,98.20653063935444,10854.652474695024,8.55530141137552,Active,1.0
2896,69.1793607322561,100.0,2862.6442048529307,6.364271384681104,Highly Active,2.0
1658,76.2178120674827,98.59673422507208,22219.317056442284,5.9581855238769155,Active,1.0
3073,55.35325101482196,98.79676774322476,1751.0991115684674,6.2668257582552425,Sedentary,8.0
1819,70.25095517518136,97.19685757943066,14372.591315783602,5.285900628152934,Active,2.0
3652,78.5461947314517,99.30887207250508,16921.33803409943,5.250910147434493,Highly Active,5.0
1405,66.35391526496181,98.39065254201236,278.76020453500126,7.608212020795797,Highly Active,3.0
3279,58.78713656165863,100.0,6994.323304972475,7.745906873022691,Active,3.0
4890,95.04873956551177,95.0592661859295,21528.03664423972,7.91035542640247,Highly Active,5.0
2573,49.09940537331808,95.54519397496335,2026.6560776742483,5.883066942086922,Highly Active,3.0
2811,92.31528781282287,95.7583041364328,5776.360534151139,5.551465145466574,Sedentary,6.0
1504,95.48029086895122,96.86646964774872,10383.260122294763,6.009561900561901,Sedentary,10.0
4740,69.65630432424662,100.0,1124.1028089234956,4.606781232738594,Sedentary,7.0
1178,81.90215828650048,100.0,13420.40792363665,6.247935413382907,Highly Active,8.0
2846,79.01570564741661,99.57821480743412,7146.715736962912,4.17846432924677,Highly Active,5.0
2478,108.39662006006527,99.40145439990694,300.63089751972865,7.427510698870935,Highly Active,6.0
3395,94.06725924730203,100.0,1765.629197372995,7.961910757416699,Highly Active,2.0
1771,55.21166858068476,100.0,2389.643254807366,8.800595580240968,Active,2.0
2429,70.59490285919682,98.19162669233462,22164.52373386224,7.972403388450237,Highly Active,8.0
3123,79.09941290520044,98.64324089350978,11090.912718570731,7.506421980942335,Highly Active,10.0
1578,85.8241788932726,100.0,14011.139901079076,8.057075127354482,Active,7.0
3901,73.36176922780098,98.56279351646246,4395.684625422214,7.987824743674122,Sedentary,1.0
2515,101.79054478648908,96.26649983808,4492.416725893105,5.976470254651035,Highly Active,2.0
1193,75.48895569954499,97.66062278860136,11450.078405252683,7.446754731105914,Active,6.0
3394,85.50082355331232,96.86073865734777,5264.185549531932,9.255063256633214,Active,10.0
2384,60.92083383791152,98.36390776118608,7348.164725028054,8.143204605560346,Highly Active,8.0
2792,50.370669780679734,96.71535064316622,7992.503569463858,7.30210238456096,Highly Active,10.0
4655,70.66581747576376,100.0,4109.025494754799,5.156143147840253,Highly Active,4.0
2110,93.2513735754163,98.42091580958764,2448.360620649532,5.336232552446338,Sedentary,6.0
4333,84.9917525645258,93.70947620918965,17693.60068032998,7.096006829621013,Active,2.0
2936,46.41394191462226,97.14749579889182,2247.2537571367175,7.704803923205843,Active,5.0
1779,95.1411233441039,98.07582201001084,4889.085866160479,7.022205542095738,Highly Active,3.0
1261,59.00142666300734,98.38978204685168,149.7558335505373,8.199249598391972,Highly Active,1.0
1729,99.38624137392458,99.52621415049929,9107.82088266627,3.726135500715244,Active,3.0
1282,71.48266153195036,98.67601646510953,2254.8206859196625,6.739962293616102,Active,2.0
2490,70.26088723731277,100.0,227.12808750198133,6.792453744084738,Active,6.0
4451,84.42634725366068,98.03348628849524,12335.520159691136,7.966832779476812,Sedentary,6.0
1361,74.19214738223225,96.06404454638124,6053.189156050243,4.480368129329846,Sedentary,5.0
1440,83.88487092307824,99.16005459356889,7885.039227000973,6.253279031199755,Sedentary,10.0
3140,85.26710563754634,96.02050591579196,2965.796545161194,3.576894413917595,Active,7.0
2644,72.39118781102225,97.5437963726915,5899.240722282265,7.360401457387917,Highly Active,9.0
2473,69.64862641223607,95.9720534024772,2006.9962652056176,8.942884241262043,Active,8.0
1866,66.81577363276267,94.1275197087008,455.1688806664822,7.505879833211196,Sedentary,5.0
2447,82.17852848739321,96.04772129832334,5768.268064423374,6.694777156216313,Highly Active,4.0
1141,50.936524575721016,93.7219887165123,1749.9326145446448,7.828892063866094,Sedentary,4.0
2314,63.560465904352334,98.94311498719698,9705.24169479826,5.607544695039374,Sedentary,1.0
2455,72.56939311406552,98.10056344776363,4208.356790736505,5.177771588062681,Sedentary,2.0
3796,63.17655394465073,96.3216499668546,2017.4946379548192,7.270461593485342,Sedentary,4.0
2712,112.20998336793414,100.0,10031.46802533859,5.211694213845493,Sedentary,1.0
3700,63.58111138301261,97.08697456538052,4212.633477739219,4.242515689280686,Sedentary,4.0
1700,74.83284108591373,98.86440637855898,11723.273937322088,4.941289676004054,Sedentary,4.0
1997,60.64595182954388,95.91194156858234,1040.2826893222184,5.220823187577594,Sedentary,8.0
3096,104.09703734802147,98.24444431577248,3375.01273943206,3.4382668935161034,Highly Active,1.0
2325,100.51830218314969,97.7851476908857,1389.4099936676755,7.21276790809258,Active,1.0
1880,51.48120278215231,97.41236140817485,442.0366685140861,4.565984782517398,Highly Active,3.0
2213,72.53293231170552,97.07378486483388,21761.93647719201,4.483082419021155,Highly Active,5.0
2159,75.54049309642804,98.80298159982055,9078.978719091734,6.107117476759792,Sedentary,1.0
1554,69.89719194411009,96.22110912653376,2757.57788447519,5.140883839255407,Highly Active,8.0
1403,67.74181198938956,94.06613791096132,1977.9365247965288,4.133279886234969,Highly Active,8.0
1891,86.56353583443817,97.86645559297956,1599.9241533107083,4.299086359064154,Sedentary,5.0
3912,101.81804856827242,100.0,307.7396714547523,7.303317978116837,Active,3.0
1601,87.10582702198579,94.63203112932749,758.3161472135084,5.9953651017238485,Highly Active,5.0
1340,69.67750277466625,97.9956030395604,7681.855669352879,8.683910875701493,Sedentary,2.0
2968,90.21071686417557,98.18767518404545,5878.442175961142,7.294770073544601,Active,2.0
3665,51.37166095190015,98.1743355988074,2934.9075461824686,6.531093407510715,Active,7.0
2386,54.71128206685495,96.6459362987076,948.3464241732856,4.431782183732873,Sedentary,5.0
4893,68.49400549032995,96.27996699453432,6202.212726615841,9.866112736205544,Active,2.0
2367,82.98863250896076,99.06792481877436,7241.7318053229665,4.841756576318375,Sedentary,9.0
2572,56.688301017364935,94.99241581270267,34073.908043732365,8.55388274346253,Highly Active,1.0
1816,94.48143723396976,99.92929469766388,5099.31315923795,8.835100718530605,Active,6.0
4600,81.06696544326488,100.0,4861.237990782662,7.710610700551777,Active,1.0
1855,89.20291159521031,97.3652808532926,343.3640521061191,4.61881735772999,Sedentary,4.0
2812,79.7815504672219,100.0,19097.210601270705,7.489147500173243,Sedentary,1.0
3866,59.79889111089461,100.0,830.5410627353504,7.473509902313916,Highly Active,8.0
1182,63.188778256517175,97.68085958066926,1902.2839923934357,8.969929099104984,Active,6.0
4112,78.16334849920726,93.17011803189592,16191.043240938216,3.0795610938682616,Highly Active,6.0
2574,63.40761370691821,97.58804933996376,1566.28347682564,6.231199746783801,Active,9.0
1396,99.93324641301662,98.54594119608186,1056.3657240602156,8.72316914832505,Active,7.0
2727,85.04482429859331,97.96755130935686,4042.659899243798,4.831426339581139,Active,4.0
3826,90.11163781859018,98.36675358386188,4805.714541385923,7.474280356769186,Sedentary,8.0
2517,63.61145558457659,98.97135369675914,11962.00384564511,5.771249431989591,Sedentary,10.0
2356,76.65482470721632,96.72789093225076,3402.3598640342866,9.894365005373022,Highly Active,10.0
3174,45.93861933195263,95.56984021520216,6017.228814815422,4.779260333800101,Active,7.0
4628,74.42303414245035,95.60735875387026,13865.87518961194,6.110884011259369,Highly Active,8.0
4239,55.27883464382161,99.49720704081076,15677.864117434445,6.604568679258672,Active,2.0
4691,96.9562770456402,97.48093766550328,1606.5232879455484,4.135012716158808,Active,10.0
1018,95.69091181867704,99.13705711063795,14154.855216364576,5.534959010764047,Sedentary,6.0
4403,87.81566012206746,100.0,2539.782823197195,3.2567092604238805,Sedentary,2.0
1583,79.09272514069252,98.1447336473344,10899.833082087313,6.609215964587413,Sedentary,6.0
1455,110.03281340634892,98.9219347032744,5833.101355746835,9.171541998329156,Sedentary,10.0
4004,89.74647734716459,99.11029281510665,14587.62627627709,6.201113427078359,Sedentary,3.0
2132,78.36730138410394,95.21784461955944,8462.873822354979,8.15328828775382,Active,5.0
4339,83.75625215494514,100.0,13231.459928842158,5.463899349945936,Sedentary,1.0
3492,76.57576173398678,98.87208103425402,10494.37563595003,8.149609572052308,Active,7.0
4311,83.59657374271217,96.26712672567278,5842.964531107915,9.368581602756654,Highly Active,7.0
2952,96.61850078118816,100.0,7876.114224594945,3.8380640249718994,Highly Active,1.0
4372,72.1701814573777,95.0261873036942,1531.5956407410995,8.205454800290283,Active,3.0
3649,69.30145631511664,96.24863658603763,1707.5648736332198,4.276085415694929,Sedentary,9.0
3150,58.717304659879005,97.06092486549952,2177.0420407798924,5.337855910884703,Active,4.0
1519,71.9005351679623,95.54031143487336,17718.199296501425,9.850518658030422,Active,3.0
4224,66.22162226487958,97.66301540514866,9852.208169068092,6.005275333023216,Sedentary,1.0
1858,58.88351807118748,97.4503905005351,9246.842430532884,8.144558239934444,Sedentary,10.0
1173,66.74269104012247,94.80652854869096,4250.603220805709,6.0417322352728045,Highly Active,8.0
2366,82.6952389617693,97.3625834864466,8483.130668393102,7.1867323731031565,Active,6.0
1194,72.1699719842955,100.0,519.0275515563326,6.62050632372142,Active,4.0
3478,106.41977179659229,98.53803708449226,6014.844425471481,4.372100838215925,Highly Active,9.0
1726,91.12756098425976,100.0,4213.519341239483,6.915593507600925,Highly Active,10.0
4760,78.41783940768039,94.17946577723822,846.9741075733251,5.630724642244953,Active,7.0
2710,78.91480395480477,95.93099960127586,2953.98990720042,5.813208474440951,Sedentary,3.0
2875,64.3453387781056,96.55478650355614,15763.06919982679,7.390076682602438,Sedentary,10.0
3897,68.7012851652714,96.37641545656776,11396.866728333496,7.286763336226139,Sedentary,10.0
2681,70.84068622869522,98.62486990143717,17165.98628177397,5.366263158699385,Highly Active,8.0
2347,76.57510822338203,97.4250936361801,8838.131541952444,6.826271132899758,Active,10.0
3686,83.94063235684185,98.38349510105871,793.8243632805356,5.299706875239057,Sedentary,5.0
1419,66.39760265590711,93.9590873165687,1983.5387295090225,5.3236297527946945,Active,4.0
1593,103.83518756499969,99.45261823641088,2640.1558569485014,6.483499180327431,Highly Active,2.0
3532,93.74445471255216,100.0,6538.25215706448,6.043720908325054,Active,2.0
2774,71.20185227690159,95.93192622127168,15497.57223677038,5.1805255295407715,Sedentary,8.0
3459,99.12424737895626,97.1059887203932,8027.783150004776,6.2403076703803935,Active,6.0
1935,84.94051906995952,99.62561002781834,5971.798002855398,6.353464721543757,Highly Active,7.0
2107,76.33610067419599,96.12010807262324,1961.5965680349232,6.989461752518685,Sedentary,2.0
1042,40.121512140783,97.69189024899822,19458.082930050467,8.704677130559972,Sedentary,1.0
4808,71.73649125298914,96.19358613500148,7784.28371620356,8.111441632957211,Highly Active,4.0
1331,78.15543427123372,99.17921399864838,5336.838519131196,6.38833278194173,Sedentary,4.0
4449,44.16041416960871,99.61790403470974,768.363290565939,4.1078198746804375,Sedentary,8.0
4826,84.20065209049326,100.0,12236.207005957624,5.730507654419038,Active,2.0
3702,64.47233208942667,100.0,3004.637774726261,7.881468800025809,Active,9.0
3088,79.51945617459845,100.0,16159.285070855489,6.417193632682136,Highly Active,6.0
2793,76.97739263221672,100.0,1290.951167501229,4.613552645906568,Active,9.0
1958,71.16858520527202,95.20505672557192,348.7083403747339,6.191667080672636,Highly Active,10.0
4868,86.87353302416764,96.44201735747772,3993.138845378942,5.793838991883965,Sedentary,2.0
1104,79.2193101636078,96.17128260102989,570.7727843262754,8.391212470187089,Active,1.0
3497,101.6687089568418,96.73353037302758,8755.794166632419,7.121359483004941,Highly Active,2.0
2842,59.81329503020327,97.2357675422127,2082.9546800540634,7.532403232092563,Highly Active,4.0
2996,63.950516967004376,99.10384255322316,5921.358317230654,5.383001045166635,Highly Active,1.0
1909,52.85816092630964,99.57805648018808,3411.803807641445,6.706614938651699,Highly Active,1.0
1209,69.62766111041384,98.57794792284956,478.43070590567686,5.607708298558071,Sedentary,10.0
1562,90.08807953112432,98.5850770602376,3833.3143883196344,4.436578041413023,Active,6.0
3760,82.6268825422258,93.09350575435364,708.8768449783942,7.910134694971149,Highly Active,10.0
4622,71.5647475884267,95.96178616250472,23.975786190162022,6.958073207640484,Sedentary,8.0
1770,51.30028614008431,99.53609888861212,1205.354310588944,7.030929977472209,Highly Active,8.0
4155,56.94212367910794,96.9669283252129,6881.441154203013,7.547608383530759,Active,4.0
3714,84.86641362817,93.66249788102124,17442.527517462804,7.516690791337265,Active,10.0
1628,61.34403474571206,98.73999110357062,5708.386541622618,7.033135160928355,Highly Active,10.0
4585,83.83629112461897,95.64357098665026,10867.560911096554,6.713754564130329,Sedentary,10.0
2628,87.24618596485672,98.60817712408269,4245.8551368446615,5.891398162373395,Active,4.0
2701,79.94427351597213,96.22672236993316,4715.893557755267,7.288313125999722,Active,7.0
2935,67.53988638596344,98.7324790230494,7763.545795733994,5.139116501540129,Active,4.0
3343,64.26469437857185,99.74642095891562,10772.136082866737,7.987387625858525,Highly Active,2.0
3305,84.69962485099622,98.5952571713756,6717.018323518333,6.7899324195414446,Sedentary,6.0
1267,80.71426333818113,95.22508963918904,8646.70507307649,7.591141652449584,Highly Active,3.0
3466,88.60408979549685,95.78173116031542,18510.863227527458,5.839809108268081,Active,4.0
2856,60.14271301128516,97.68602935494836,9394.71915161677,3.726531232675634,Highly Active,10.0
4382,50.54348810508845,97.45939638189186,13782.678274421263,8.393501047338,Active,1.0
4884,58.390877175531074,94.09842657591784,7465.933588009572,6.457582555078255,Highly Active,1.0
2998,82.310862800927,98.53046762346892,1385.532182489735,5.944437803832319,Highly Active,6.0
4033,71.91059156266252,97.4299537355967,606.2929352156208,5.510673879413989,Highly Active,1.0
2380,65.99215899029284,97.2383995639298,2656.802339639111,6.595450451167937,Active,5.0
2236,80.96602865498505,98.03372128080326,11788.899002699854,7.872018175568576,Highly Active,1.0
1573,45.21057852464843,98.48625757162571,153.62856720638922,5.28151624739096,Active,1.0
1048,71.06780190419128,97.759910003833,1137.9587399985753,6.641978531571658,Active,7.0
2150,58.39909112740365,96.05909623737745,785.2533390159148,10.487084589818616,Active,8.0
1222,54.74200505036603,95.23039696570036,265.1850306270618,9.222480868043622,Sedentary,3.0
3968,67.28129310239163,99.76358182767176,11635.583428117936,3.152216823076726,Active,6.0
4350,112.082571770438,96.03467573849636,2295.5030961622606,3.7779682042146,Active,7.0
2431,84.48217062656367,95.50721538126984,9137.5452829821,9.20889346430221,Sedentary,5.0
2528,58.041021551693746,98.04241711215307,1071.3412494522825,7.843929457282849,Sedentary,2.0
4365,93.16377070972506,98.95663892384054,3680.789962007624,6.57714200580775,Highly Active,2.0
2819,55.39996153535309,100.0,866.7753715041018,7.29269955401707,Active,5.0
2461,61.77709036871732,96.5298561234548,6648.249212360033,5.501266058633755,Highly Active,10.0
2130,76.64304472448025,98.41322186185346,4590.716040077081,7.595554205286561,Sedentary,8.0
2681,106.2844288310337,99.28108914796547,3772.6105306164222,6.354614528938225,Highly Active,7.0
3467,69.74442591553847,96.82875783070293,573.4797100410527,7.79679818238362,Highly Active,3.0
3658,102.56615422950588,99.31177531494532,6210.6043669890605,5.676971594855528,Highly Active,1.0
4500,73.9179618573563,96.7985669083803,10598.927093683373,7.569287826736621,Active,9.0
1374,73.69342191962205,98.23876355741972,487.28499198805144,6.967993512453576,Sedentary,2.0
3120,61.70884977063477,95.37614858482874,3734.5810831042527,4.498062666164646,Active,8.0
3021,96.18621796827496,98.83845317827507,2613.253954327826,8.711454028978048,Highly Active,10.0
4705,67.56589639000406,99.01991168923766,15571.377602506343,4.38828949725303,Sedentary,9.0
2053,103.5773559026412,98.399243359784,2132.9031684836173,8.49646332931863,Highly Active,10.0
4259,65.58336448299569,94.24357056948875,20211.996656250703,7.182380216818948,Active,9.0
4435,68.17049384955,97.2029752707968,12338.222768402782,7.460994383784889,Active,7.0
2889,90.05932025086422,98.7188635193829,738.7594810068654,5.760585734691947,Active,4.0
2823,73.37284022358581,96.41247010319844,4586.075478373917,5.946610633976026,Active,10.0
2474,79.32639652795973,100.0,7328.812874353985,6.505764683943824,Sedentary,2.0
3242,55.364979168943194,100.0,6293.829013037633,4.566655699704169,Highly Active,2.0
2179,76.65305474019455,96.2416318318394,7959.223454115419,7.362833677512071,Sedentary,2.0
4243,80.56600997504314,99.25501340329238,3889.6196068699214,5.962341290509886,Sedentary,2.0
3894,100.86443171150188,97.69044050433968,16458.21796268996,3.320188061269591,Sedentary,6.0
2064,67.8236040015795,98.89183518008863,2206.436252549207,9.331041355243965,Active,1.0
4134,80.06248519903544,97.77189333734304,691.7908767964383,6.897678008129977,Active,7.0
1359,75.63936606633409,97.07738214981411,7388.0415215861585,5.463475571219902,Active,7.0
4146,91.2925516096688,99.02894999359704,7535.165942196788,6.9985010498079046,Highly Active,8.0
3607,112.4741006893364,94.97500481134774,11908.05743524445,7.603615120206854,Active,7.0
3719,75.44378140093609,96.59854688763924,3830.5086520708423,4.319040986978522,Highly Active,10.0
3041,94.85445252832396,98.16344700601992,3417.0085589918494,7.405414720565853,Sedentary,8.0
2141,87.86169582264826,100.0,3423.2360939514556,4.57038551954137,Active,6.0
2635,85.57518856869957,99.08702998429382,572.099159426726,5.179258685525698,Active,6.0
2403,90.99748972064413,95.85207575106486,2575.460673915135,9.65090331441198,Active,4.0
1678,73.94596448734994,99.56989871179996,698.4333549979548,6.473506029262718,Sedentary,3.0
4361,66.66034310675414,98.61238273654884,8828.872720279618,9.053512041448592,Active,9.0
3487,81.38063371884763,97.74942335649185,2168.550265005127,5.116111215716101,Highly Active,5.0
4739,53.20358093157201,97.69984574232588,9586.621600106017,4.9599429752803434,Highly Active,6.0
3980,84.27933261147645,100.0,5058.81717009521,5.125336899398169,Highly Active,8.0
4267,72.31712844088592,100.0,1950.5590252868965,7.802941777299163,Highly Active,10.0
3468,75.66270740474044,98.41094000117836,1288.457863893231,5.276365765667711,Highly Active,7.0
2591,88.67788717285089,100.0,457.8090316607804,5.462437784120828,Active,8.0
1832,86.20720687264453,97.93451981766457,12223.894873596097,6.924730460210327,Active,2.0
3606,86.6550444377592,96.73485528720562,2430.559710041551,6.23286292849212,Active,3.0
4219,76.59455174510109,98.15435714782124,12694.316028850748,5.010205371554926,Sedentary,10.0
4627,74.77689255763546,99.63070364401284,12557.592821457014,6.396436647710047,Highly Active,10.0
4273,96.8023960563858,96.26815701335796,8754.698234557738,9.114404288596528,Highly Active,3.0
4515,78.96411347222863,95.10542673697452,2419.9659579587183,4.152057695192469,Highly Active,2.0
3011,44.50875967751756,97.5154750153069,3936.611054550081,7.516706611077446,Active,7.0
2442,79.82417952747072,97.71019185447516,6417.251478905787,6.152464795814614,Sedentary,9.0
2450,76.23966809798503,98.21163240574133,2984.6624083688735,5.61111254720741,Active,3.0
4054,50.01288906088217,99.4460346683894,532.5299869115667,5.6093899826778735,Sedentary,8.0
1125,76.60694677959377,99.94352129088595,7715.554146566973,5.3534884145237225,Sedentary,5.0
3442,86.85699874746764,100.0,5429.697861665071,3.996906539835398,Highly Active,6.0
1816,40.0,98.64809997307955,1250.7185019421752,6.984259100368792,Highly Active,5.0
3928,91.04120647097582,97.43498443505732,6869.124670925873,6.970208885186201,Highly Active,7.0
4498,54.2511077171538,100.0,6750.157021681858,9.226228499078632,Highly Active,3.0
3372,96.1199328816722,95.77345497847628,15599.689560120967,6.560352311384562,Highly Active,1.0
2415,101.85613460275512,96.76303311571964,8819.360713583706,6.050991683787638,Highly Active,2.0
1929,54.99530465096701,96.73391155148768,10707.916292569327,5.913933769936632,Sedentary,5.0
4759,76.61465500704293,95.7551592266091,2631.4008827169932,6.058539237227961,Sedentary,10.0
4699,77.97282891426599,100.0,2206.5721671391,5.393351019413066,Sedentary,7.0
2463,48.03540289144867,98.2513256958366,1621.5907418997283,5.849122015911998,Highly Active,2.0
4275,70.04940325480068,95.741757690357,10547.250177274427,5.417897628497302,Sedentary,10.0
2054,102.42993192044108,100.0,1064.7689064244596,8.5783984475698,Highly Active,1.0
4459,80.52822158626947,99.91047126080085,13126.016733016057,3.7056765427807634,Highly Active,1.0
2648,63.12936461978981,100.0,3394.7178425731863,6.976781503432698,Sedentary,8.0
2900,75.67682951075291,97.12063823149028,1472.8802688464766,6.402572283222693,Active,3.0
2457,53.048105127291606,95.42995874716448,1091.7529341153404,6.717391919214572,Active,2.0
3884,81.42352422024528,100.0,17652.144531849317,4.3235290666761745,Active,7.0
3973,72.11608781661245,96.634360310678,976.1481504734644,3.7289211458077434,Highly Active,2.0
4415,53.30845907972162,96.32072320365585,7001.349995055167,5.9453698472926675,Highly Active,7.0
3122,54.44493803999542,100.0,11358.434692794175,7.399572257711361,Sedentary,9.0
4843,79.16875193878474,95.3105808535748,4407.497743888453,5.028321423899796,Active,4.0
4737,62.27530655533973,93.74774588039172,3333.019357507686,5.168762103329218,Sedentary,4.0
2178,73.56861888612481,97.85583228063037,3655.127963108487,6.725003678978515,Active,8.0
4501,87.55392652820018,100.0,3224.350410782747,8.334416040608458,Highly Active,6.0
3037,95.54461508074304,97.07621995238718,4494.136536627427,6.179292903439812,Sedentary,3.0
1362,98.80428166319513,100.0,2835.891791921093,6.717334514803793,Highly Active,5.0
3495,102.0034280719544,95.96815737451686,4347.3034568937255,4.454702963479631,Highly Active,2.0
4634,64.34963629943638,97.44353408096052,2360.196942402829,9.969903838658563,Active,4.0
2841,53.98240491241641,99.45409233832731,7386.350054656573,6.915777283723407,Highly Active,10.0
2850,72.40683715921068,96.84255861536631,9227.73823658675,3.286168594342451,Sedentary,4.0
3172,93.94091541303833,95.23556184581436,4474.4860196237805,8.668662773404668,Sedentary,5.0
1910,53.742218733078346,100.0,1224.9945394849965,5.083740373135758,Sedentary,10.0
1244,64.66224762935605,97.01786509237024,14413.01225197742,5.082048589787004,Sedentary,9.0
1541,63.02587837045223,97.02855039939828,7884.051703489986,5.424889093610998,Highly Active,3.0
3169,85.5115098920612,99.08966068031532,12448.464494534865,7.457981738389392,Active,3.0
4106,77.71094292213485,99.76636029523613,627.7030533715313,4.248824766185836,Sedentary,7.0
4158,61.04039869537934,98.40924895604208,3063.187947703532,7.368812480440955,Sedentary,10.0
3693,91.0528569246262,100.0,11574.902901741334,8.137383959696564,Active,5.0
2731,57.0461420192074,96.78231271489574,8585.776267781672,5.209785967932747,Highly Active,7.0
1785,50.82979619921832,96.402399499918,13906.439714619868,3.739494350305902,Active,8.0
3043,78.11498355468588,95.22947959504658,1109.9059686470123,5.92732638961781,Highly Active,3.0
3248,68.35127806484627,100.0,1957.2715580378756,9.344217467708106,Highly Active,5.0
3416,85.85315641010055,100.0,1692.1406435188476,5.539073427256886,Sedentary,7.0
1796,82.26757056604848,99.39910772484517,24864.01724819984,10.299149884916725,Sedentary,9.0
1076,100.61654735723764,96.02534739627256,1295.2416858489416,5.658952243028079,Highly Active,3.0
1058,81.06823183239219,95.13943168226643,6377.904502138862,3.7629679345354665,Active,9.0
3685,62.22963449467697,98.49095739646094,6752.733430834726,3.693589427108743,Active,7.0
2523,85.6739030703677,96.16286009531844,8235.93447696563,5.421229102975461,Highly Active,1.0
2936,70.85102880603856,99.25186321272233,4630.47673010288,7.073244311872173,Active,1.0
3156,67.5902905551822,100.0,611.7906814511073,5.80264767731108,Active,6.0
4807,61.46218741479086,97.30391585377028,8456.711768028546,8.151658004262046,Active,2.0
4055,98.13556458658326,97.83163479625853,2310.278466382467,5.695967725073631,Active,5.0
2301,74.89679399846958,99.88516830701828,552.3323398713694,4.262446073858914,Sedentary,7.0
1067,63.17376550208857,100.0,1302.5023032188844,6.721692817798672,Active,5.0
3352,118.5325595220546,96.69349427291874,5382.680885653397,6.901664355812993,Active,1.0
2932,56.86841311644526,98.84021130157356,4470.178858363829,8.583317635017723,Sedentary,7.0
3721,102.97660739061232,100.0,1485.9255525881945,4.528834643842506,Active,4.0
1364,62.8442063974,99.37897206332748,22404.2811358443,3.634512152392374,Active,1.0
4925,84.39005327578158,98.21248763815082,16741.132819103612,4.183738421713558,Sedentary,5.0
2402,86.04620692584865,96.51103650697652,2732.1518771335227,4.088474448051226,Sedentary,7.0
3390,54.27028651930212,98.51778386124268,5772.805898738146,6.989707345745385,Active,4.0
1946,52.4390161218964,95.86877527021458,3446.855585576467,7.034927712544861,Active,4.0
3946,86.504144118033,99.68981779448625,3609.860564283604,7.051096288478199,Highly Active,2.0
2377,57.4705697571447,97.87514846939214,1056.1231173084504,3.7015489089353624,Active,8.0
4180,55.58771981298594,94.5080275762365,6592.764406853307,8.41786351375076,Active,5.0
4634,57.499596912150054,96.36281924029768,44.30718556242053,7.298931423975987,Highly Active,1.0
1761,68.83412092862513,96.59822840708313,11595.19147971491,8.22155972715082,Active,4.0
1340,53.98657561234839,96.22806828800424,8620.745260407542,4.460250341038855,Sedentary,1.0
3989,95.10200058209412,99.77669132427312,6788.745553792445,7.968063269215589,Active,2.0
1382,89.35367356411447,100.0,455.13987162828704,6.249327459562224,Highly Active,2.0
2556,83.92108305889663,95.29057365628772,340.180794267268,5.874629061176809,Sedentary,2.0
1299,94.5242529568873,93.50601609153216,465.8940187341888,6.181969781259505,Active,5.0
1138,68.67701078962547,98.11312205807218,367.74463019220457,9.935552004908963,Active,1.0
1358,72.19322414042,97.2041976849216,2064.744502993499,4.939121744554054,Sedentary,6.0
1835,81.19359135705642,95.9403263666278,11328.265792922744,7.611026587393651,Sedentary,2.0
2522,46.592906214967414,97.43285567585974,3150.90998521549,4.148894369727866,Active,9.0
4456,83.18658640605315,100.0,7142.585940181072,5.20077809435542,Active,6.0
2982,68.15797610083699,100.0,18907.321646289256,4.3779154235994575,Highly Active,3.0
2303,89.95890394530461,97.10354262988096,4911.654331187895,7.81470982684837,Highly Active,2.0
4708,51.71847301303707,97.41163604854836,174.31684070892442,6.1689397648802515,Active,7.0
3913,75.55990426478948,95.47613558652046,6420.592008548805,5.4327400343991075,Active,5.0
3186,76.28148519871195,98.87668749641593,1796.753009072958,5.757842192426162,Highly Active,4.0
1995,88.46153143416107,95.0055507191222,1685.4208328802636,4.410946195305444,Highly Active,6.0
3482,72.26377144027235,93.28391315508831,5450.323020339136,3.856240401193304,Sedentary,9.0
3556,56.21552798756666,97.23105744801936,1879.3615097249265,3.310017899494687,Sedentary,9.0
3320,66.33135762522238,99.90385096418534,819.7695977437345,7.255157576324221,Highly Active,10.0
4170,69.76832026066683,98.75384688783308,3672.7790186184857,7.148389843374453,Sedentary,6.0
4921,77.84128298277201,93.78143983298564,16500.99584326753,6.30571221205732,Sedentary,1.0
3151,77.12416373531583,94.76405023949364,4204.453516248263,8.577877540165922,Highly Active,8.0
2237,76.34783632863844,97.42997547858522,92.26824647673708,5.56079716304903,Sedentary,10.0
2784,61.53724185825292,97.30831450982262,1781.1039882035343,6.099290900927614,Highly Active,7.0
4735,76.94687129088885,97.88594434925538,22160.306549299417,9.40788567730975,Sedentary,5.0
3809,94.32450906894108,100.0,4801.68436822423,7.081932962174498,Active,7.0
3834,79.41829320463499,98.2840923543054,3111.875999199709,7.858158127280535,Sedentary,6.0
1164,91.08491851116172,100.0,2649.4946727024903,7.565031119628584,Sedentary,8.0
1998,76.6337734986701,96.5586064056604,3776.624276089752,7.258122881984494,Highly Active,9.0
3567,87.90508999410963,100.0,9679.660568442972,5.040035025953022,Active,2.0
2307,53.89095210842184,100.0,4969.279533263988,7.511502944265694,Highly Active,7.0
3564,66.6254862594618,100.0,9744.31889373986,7.285091227140643,Highly Active,10.0
1656,72.88069031865092,96.1128250447893,2054.790476435343,6.8480113033335845,Active,5.0
3660,84.79151492555265,96.83191032634814,10.174366401685912,6.937742778149407,Active,2.0
3211,94.1185454540286,96.88797480290924,23717.0701405726,5.3415642689617275,Sedentary,6.0
4730,86.19191144692827,96.1078050920144,581.6875360664836,5.400278543530625,Active,7.0
3046,87.96900879583026,98.65585216784176,766.7607666460199,6.123846341490174,Sedentary,7.0
3111,90.05982507513335,99.83232975755648,3992.520321946241,5.607721232372307,Active,1.0
4162,57.93558012989332,99.41657060428597,8318.171299644175,8.851863321495474,Active,7.0
2140,108.07207540076097,95.9962644621547,3536.7101031588713,8.713532818155098,Highly Active,2.0
2889,91.64579372558973,99.92571005088728,12009.52194348257,7.778772226172624,Highly Active,6.0
1266,72.2852628308491,98.13952260031954,2793.5235396180487,8.330910943370315,Highly Active,8.0
2845,80.56960377851595,96.84757622287354,326.7464539141056,4.559067492774593,Active,6.0
3069,55.29818971416698,100.0,58.28008845744827,7.576744805926014,Sedentary,8.0
4630,71.10244169998391,98.13304222875632,13735.05965679444,6.446646266515101,Highly Active,9.0
4211,69.86815245531054,100.0,29151.390795755113,5.808973081661879,Sedentary,2.0
3293,68.63392015603702,100.0,997.3902724210108,6.075898816362138,Highly Active,1.0
4732,87.21636232864053,99.37769173945811,448.3415338486066,6.094589229718502,Sedentary,2.0
3442,57.08419671948299,95.1482688431173,743.4091907801875,5.577104354659076,Highly Active,9.0
2510,57.36737530424102,95.04331442171664,1815.060974537304,4.489105020862179,Sedentary,3.0
1475,45.52755701232368,100.0,11323.952258929328,4.141731773783537,Sedentary,9.0
4588,88.19569769702898,99.06669371495282,43447.60222855253,7.10256196176197,Sedentary,3.0
2207,86.32018709710702,98.31082394963934,1656.8894448042624,9.418103980820812,Highly Active,5.0
2960,61.51722802508278,98.18795658478004,3509.7262632443885,3.800318000586256,Highly Active,8.0
1557,79.90461127428514,98.45356209510344,2228.358046667499,7.283260701437485,Highly Active,4.0
2017,96.6479548032035,98.0901350394671,4719.131659831465,6.2969831182118385,Sedentary,4.0
1855,67.66511424663555,100.0,13555.794412260771,5.078336473773863,Sedentary,7.0
2605,69.91169562981861,99.72976787792622,1856.886813255717,5.63874984230609,Highly Active,5.0
4600,82.95484322155333,98.79252733697696,3859.522935183738,6.36636375428571,Sedentary,1.0
1882,113.14344668615452,99.72106372199892,4111.9775693505035,8.126280495791612,Highly Active,3.0
4375,64.17182197713626,99.2219348719177,10614.39459509119,8.968596851602893,Sedentary,7.0
3667,67.6739035027929,99.49028586421632,8275.154646997766,5.277850171474811,Sedentary,4.0
2771,47.70626790813437,99.3987116981242,6287.022759111358,7.6221623467733535,Highly Active,7.0
3867,72.60996883269095,97.97435633837364,994.245905199444,7.507066506345716,Sedentary,4.0
1863,75.11199480890579,99.63123495122046,12526.2008132647,9.32201649671124,Highly Active,1.0
1581,75.69084064235707,95.88392707608504,6542.585771299319,6.852094688452612,Highly Active,3.0
4833,60.240717939088455,99.50595841714998,2614.711947158611,7.425880190001026,Active,7.0
4173,63.86107137615579,96.9276505698396,5455.369744331166,5.4070878508000755,Sedentary,10.0
4488,64.72202364808778,99.294460597107,2093.908451880965,7.801253894174437,Sedentary,5.0
2239,95.18408526376258,94.60144192753,10498.836143536062,7.007210618703039,Highly Active,7.0
3454,77.04463538432262,96.1752322387708,9809.346422250865,4.945630162665868,Sedentary,3.0
1714,62.21600713529491,98.0674560383484,2614.9910830982185,7.381901424744743,Active,3.0
3808,68.55101978729004,100.0,5252.382285018633,7.29025091696744,Highly Active,3.0
4536,103.60655120017329,98.84498046960368,10165.214636489129,6.478119047725726,Active,10.0
2714,82.06316142549235,97.3510907228691,2553.8832447305153,5.704259569458258,Sedentary,3.0
2972,89.34937949560172,96.34162559969624,2892.9856750865188,3.4326990260025276,Highly Active,9.0
1992,84.90793330664367,94.48864746548452,9770.620787733982,7.217840617007419,Active,4.0
4802,71.62521017208051,95.7773205414125,7944.944810145524,7.921343714309639,Highly Active,8.0
1081,85.18657744121373,100.0,1634.3760210711391,5.174020937181128,Highly Active,9.0
1603,73.13582011056137,100.0,12282.104928220988,5.159401321949224,Active,4.0
2970,68.80626410544708,100.0,10747.147832060402,6.0238164901903595,Highly Active,2.0
3046,84.79084658393738,96.0412213559414,4448.787655932048,6.074843890715944,Sedentary,2.0
4822,66.47762107494432,98.94030124058438,2789.1444826702723,5.3513012714265304,Active,7.0
3819,84.426737694423,99.10834814798322,13269.664879656802,5.900878544366729,Active,7.0
1902,75.0703087105755,99.32157125436348,6210.7427975538585,7.368405353197995,Active,3.0
1364,70.73718934729244,97.68038011354297,18713.451684819735,3.465338232966843,Sedentary,4.0
1162,62.046375974907406,97.43335755864952,2049.5849256083557,6.152262613389347,Active,7.0
4119,94.5118207894365,98.9695747352222,25999.84504484134,5.978286345213084,Sedentary,7.0
3558,69.11039007623953,96.30621347320916,3337.4276186913144,6.337817023214126,Highly Active,10.0
4400,98.79873892124164,100.0,3396.921710542468,5.456510123676306,Active,7.0
2863,62.726824545594695,95.84675625795872,1910.167114258852,4.5036951205321465,Sedentary,3.0
1115,97.6151150191916,95.63738619592132,23471.92405035213,7.898410789570645,Highly Active,3.0
3988,76.25911821050562,97.20308119113616,283.67058652252757,3.7424663443668065,Sedentary,5.0
4920,87.91094800066132,99.10850074851986,4488.635045044055,8.847117333168347,Highly Active,10.0
3384,55.49179007014479,100.0,3184.2228751941716,7.021691265219538,Highly Active,1.0
1880,55.41963873448977,98.9158218356714,1214.337268776929,7.521837150505572,Active,3.0
3784,78.87004864510764,96.77934086959432,8743.851569268667,6.59471734255396,Highly Active,9.0
4935,59.79191528307051,97.68640793054512,16001.548086926145,8.267454180270953,Active,8.0
1839,94.93482577622314,97.10733359984226,1954.0100529561355,7.304429709620046,Sedentary,4.0
3194,80.46007323808281,100.0,4819.279218531871,8.457151806330554,Active,4.0
4646,65.33734716648084,98.41903573738752,6042.799824709531,7.768990248181877,Active,3.0
4877,61.19939255661354,100.0,3465.6872703740155,8.17678102352625,Sedentary,7.0
3490,66.48256857871867,97.45772538525404,4332.985001073009,5.929011947361653,Highly Active,8.0
2036,73.84887403780903,98.16358118955756,2448.9395565519317,6.50519345256934,Sedentary,5.0
1942,92.5256435090583,97.88302650424482,532.4796628652093,7.362931974431522,Active,1.0
4565,84.48330658055403,99.526650938084,5989.123627171702,5.375459293430879,Sedentary,9.0
2724,61.995305522301805,98.84603347636106,12134.70039609519,6.490622434973965,Highly Active,6.0
3334,68.61667392287465,96.90495555350472,3441.6395880505593,7.440620330350804,Sedentary,9.0
2137,62.045766538323754,98.41730304773544,9382.290607548422,8.085099641649558,Highly Active,10.0
3527,48.07080865969655,96.0667898768465,2211.4676453023894,9.567494092493718,Sedentary,5.0
1021,89.11874451377695,99.23878781769533,10279.753087950305,5.126953352349739,Active,10.0
4420,94.38480202657884,95.88916783694584,2129.730328002945,8.719500782793144,Sedentary,9.0
1682,58.6762784469584,97.8902156004942,15304.64521178429,5.171733776474867,Sedentary,3.0
4906,83.41391648615577,98.12676689362844,1602.521267216205,7.741617879985171,Sedentary,8.0
4637,62.709373790622195,96.31638854970352,12030.648344209756,9.409472871369353,Sedentary,7.0
3953,94.11112734731554,97.75970975520056,2159.2867690912703,5.895352642108937,Sedentary,5.0
2833,64.24883385285474,97.7933714555456,7565.369762250105,4.900546638863618,Highly Active,5.0
3367,42.92373114890231,97.97834849546317,1955.3385381642736,3.148077319184343,Active,9.0
1404,73.0460703553665,100.0,851.7676863572045,6.282948949573799,Sedentary,7.0
1276,66.11528192825273,96.8854136942894,7634.993842063435,6.74486996457629,Highly Active,9.0
2999,77.20929426039005,98.43789449678904,6325.14532006656,9.221384869851118,Sedentary,7.0
2227,69.76631840055586,95.37878565576132,3593.1088851616114,9.2907520813592,Highly Active,5.0
4752,81.34689967673255,97.3574528062714,4514.223677320939,7.711447277542508,Highly Active,6.0
4618,77.861578958888,95.4819426535068,3118.2331764318265,6.609404544292916,Highly Active,5.0
1695,74.99065234650192,99.4397081109029,6176.5733630756495,6.305061713565784,Sedentary,2.0
2309,54.04030054216507,100.0,19618.723135376807,5.185799323370647,Active,10.0
1056,80.83918097282607,100.0,5012.216673806702,6.3194939567332895,Sedentary,9.0
4805,85.97934416235063,99.3362519416024,1516.504546134778,7.764674318062015,Sedentary,2.0
4374,80.23477549941009,96.40313395114644,20460.79614645289,8.144584077032414,Active,6.0
4234,71.97736653947271,95.56410357455088,183.7607295924053,6.282572592802212,Highly Active,5.0
1018,83.85515867815691,94.22906834119668,7206.610561541169,6.369408913737883,Sedentary,5.0
4441,78.54935282721144,100.0,2130.4004142555104,3.7409607616155816,Highly Active,2.0
3311,85.65161619070061,99.73621119518756,9917.567915715024,6.910794327432483,Active,2.0
1112,53.58962344332073,93.23664271069032,3919.4547367412374,6.36443136735724,Highly Active,1.0
4559,72.31848869777689,99.25817651332687,10300.425868924252,5.777895466089527,Active,3.0
4398,60.770006642349,98.40054043054552,15967.037820935924,5.07664633284342,Highly Active,3.0
1541,68.04558240036314,98.66024269575836,1410.9882495432942,5.189905634359421,Highly Active,2.0
3694,76.29798661620232,97.16317564607344,2459.746580009245,5.484973155110519,Sedentary,8.0
1578,89.8508566618164,98.32747586264628,30.339087918299423,4.509865250433284,Sedentary,7.0
2088,84.99009621158899,95.90537922837078,13593.435402302002,6.937139880042375,Active,4.0
4363,78.13226034908142,98.15409048095574,20579.202832712523,7.340694979208899,Active,6.0
1024,93.7218673465848,95.45116644521146,2294.1412964833635,6.293374814742427,Sedentary,4.0
3048,78.03575252981885,99.69304306768493,3922.029293654095,6.155748281582801,Highly Active,6.0
3958,69.31294957328129,99.45171786661942,3690.48584680522,8.213477723777658,Active,7.0
2572,58.95847236972649,94.98403500453956,3493.14805964567,6.581081618421195,Highly Active,9.0
1140,83.35384524762551,98.1784667022045,4522.170459991801,6.916492489949153,Sedentary,10.0
2767,51.47854922791746,99.44741708210324,1168.861040927171,7.705380040151182,Sedentary,1.0
1647,61.03121188439441,99.52765030801912,415.8725284397007,6.464198492082504,Sedentary,8.0
4972,77.66274930365591,100.0,8999.482306076085,8.589679994412581,Sedentary,9.0
3235,62.2651372812268,96.07354895813152,13121.393868109064,5.503010174128593,Sedentary,5.0
4199,75.26683110533871,97.3912623676271,11632.224443624636,9.08908097996274,Highly Active,6.0
1200,77.21061553919802,98.86684430830948,6896.231885966739,6.204881945693912,Sedentary,3.0
2455,66.5957495074173,98.33712656199032,24273.88191789115,5.521072209623983,Highly Active,3.0
1256,75.82746777698351,99.7118188276104,10.81012643678728,4.146817314379263,Highly Active,8.0
4747,75.62687052939003,94.29836033666852,2694.927458003242,7.807298389158422,Highly Active,4.0
3241,83.19842228106641,97.35891413222484,3011.9591918174497,6.715358655886151,Active,8.0
3750,44.537127822378146,99.56556896048995,11265.70153454385,6.8918729710754505,Highly Active,2.0
4175,103.17646047991254,100.0,3031.615951741026,5.76847027473639,Sedentary,3.0
4606,83.01120615873475,98.64905198624876,5241.856288617522,8.110098353452472,Active,8.0
4336,90.31740831804588,100.0,6662.334709924417,7.182317814591689,Highly Active,10.0
1801,84.92549605573294,97.8723726642819,13067.640235036615,5.22248325464569,Highly Active,10.0
1941,74.35794063017157,96.76990448343004,6697.26620604862,4.483792646881749,Sedentary,4.0
4331,74.63140564919202,97.65841739859896,8306.189271843008,6.138380845843199,Sedentary,7.0
1413,87.54175729784214,96.51385573680034,5072.978989001648,7.546857730897552,Highly Active,2.0
3014,62.66010740716908,100.0,5261.40193529906,6.125560623811743,Active,10.0
2098,47.847117669540495,99.10510248148118,11.261681560762804,7.708130701040803,Active,7.0
4842,100.20524930802362,100.0,740.1610389959193,7.063444428800296,Active,7.0
1909,54.93839502261298,98.83630850972185,1550.0817510438155,3.433957583073448,Highly Active,2.0
4756,98.91708922106258,99.8991748237288,2297.749069828989,7.98299931555899,Sedentary,6.0
2313,97.82175235753915,99.03406123017776,5579.18003952617,8.59364680465823,Highly Active,9.0
3092,100.04926924468045,97.35056609347671,5747.3420507062965,5.541829976973192,Highly Active,4.0
4644,75.84272275171112,98.61964692657614,339.3932688191706,6.30465025712707,Highly Active,8.0
3130,82.12658367629712,96.97511640421492,10332.375060841434,10.01667114871024,Active,9.0
2146,77.92389586903691,100.0,9174.284033837212,7.281321325105127,Highly Active,3.0
2551,81.3269556087314,98.7640929691551,1429.3189299331016,7.725273473786971,Highly Active,1.0
2089,100.7609182687758,97.75300934536958,5648.779574768392,4.421350530204888,Sedentary,8.0
3983,79.37670331549025,100.0,11401.423638599566,6.948599851915247,Sedentary,10.0
2680,60.69342251755912,96.24808105956792,929.4898659299184,6.810741688812406,Sedentary,9.0
3422,83.9375594106138,100.0,10910.241105527184,8.278729360617064,Highly Active,5.0
4817,62.67068841507603,98.52359361615602,2307.759044278308,8.434667395027976,Highly Active,10.0
4451,62.057167177477766,96.1844232627564,20379.165941114003,5.790383889615519,Active,1.0
4429,67.00445570178057,98.98803420944128,6143.486182804464,7.249585596050538,Highly Active,4.0
4259,68.79626514514871,99.64258413155328,4059.8914792688174,6.366984672117187,Active,4.0
3369,68.07793872344169,96.9505534052678,569.6801354285417,4.922363037676012,Active,7.0
2903,78.67695320295087,100.0,21038.012605227705,5.455605145393408,Highly Active,1.0
2497,91.54848579182324,96.84777499618394,1683.1428611779138,6.411524219961897,Active,2.0
2036,85.02953752781384,99.8940205347728,2180.902772695946,6.887252600513251,Sedentary,4.0
3231,68.06604325407291,97.29598449882408,3315.232159969866,5.6659793889165995,Sedentary,2.0
3158,95.0709889046854,95.67164616870394,4831.564130803245,6.47615203334726,Active,8.0
3555,89.88696292617016,95.75778984338626,6958.566348953706,6.912269895785255,Highly Active,10.0
2313,89.39891805143469,97.9327910596113,5060.952124161592,5.036170722569186,Sedentary,10.0
3342,67.28116528415337,100.0,2526.892798127544,5.452805144681507,Sedentary,1.0
4522,61.20219676662598,100.0,8258.41786235584,8.522898252445952,Highly Active,7.0
2238,89.85906944795813,97.55792217387804,12858.131279871704,7.214672666393485,Highly Active,9.0
1631,55.27340797767045,98.56762559168644,27421.605044252457,8.281613880214381,Highly Active,3.0
2590,56.15863392712625,96.88803363779078,3636.459081797352,6.9483414752931125,Sedentary,9.0
4701,76.86742643145955,96.25333244287502,1864.2744619631544,4.345588990663272,Highly Active,7.0
3780,57.72787982247621,97.3357053623826,17860.484004229285,9.911487905141136,Sedentary,4.0
4302,84.9292225899462,95.17324915143702,645.7925003176758,5.891794510995562,Sedentary,10.0
2588,75.67603822279793,98.2055125353304,3916.510221257538,4.349446092541264,Sedentary,3.0
4878,44.35693641118595,94.84080188291468,1433.608449173512,5.604991579364048,Sedentary,8.0
3368,74.72214689546544,96.81695988784126,8022.983524896097,7.098943882390415,Active,4.0
3960,77.12297568378135,94.6436848222896,8545.277487922232,4.628870028517801,Highly Active,6.0
4304,103.74754810077496,100.0,14418.241919939404,5.6144080103512035,Highly Active,10.0
2693,78.63048096909301,100.0,3681.226203795679,4.338585823107432,Sedentary,5.0
1436,48.46094876551835,96.93111324810032,10445.018961990305,8.664829408549448,Sedentary,1.0
2556,77.61613122841632,99.32063805261438,11709.287561996316,4.321502602715151,Highly Active,7.0
2076,114.55420254869009,95.59285020580582,4358.138057743857,5.532244490775951,Sedentary,4.0
4858,66.95143971158194,94.53944077410766,1142.2506718473842,6.534556395296386,Sedentary,1.0
4384,65.21064354841708,95.50993846132071,10936.393763206985,5.1326710829664695,Sedentary,1.0
3773,102.38345527737144,100.0,56.6512164216504,5.544017996612843,Highly Active,2.0
3078,85.0656906989352,96.99297450467374,18567.35553943547,4.345056800291455,Active,4.0
3384,69.86037447125885,98.91736830231169,4639.660996404244,5.127311904908082,Highly Active,5.0
1182,89.77289457706304,100.0,29487.588248917727,5.342583112305515,Active,8.0
4094,101.90786832623414,95.41283088977312,4223.109943920599,4.6710100375134935,Sedentary,6.0
3591,63.46816076936113,98.47833680155632,6254.732754479981,4.3347744184746855,Sedentary,6.0
2469,59.989700133468205,94.47259735493176,9542.83973000143,5.607237402394716,Active,2.0
4145,75.83794702340286,97.58077838717512,2307.2943971649106,7.79695160375756,Active,5.0
4081,79.51722951070428,99.5599596259536,997.8548019965996,6.27810957703291,Highly Active,7.0
2479,67.96844404060847,99.290274896603,5003.267667642509,8.015162164068593,Sedentary,1.0
2589,81.02818479938948,93.50239464121069,12273.205073572532,5.460475470141075,Highly Active,2.0
2587,98.35348214979877,95.78392841644887,322.8118261580932,8.656923765524889,Highly Active,7.0
1659,78.35968353229532,97.50531426439328,5508.669099612278,7.710112170623081,Active,4.0
1159,69.07173186399923,98.52492331291882,1438.4655194355478,6.040015748510301,Highly Active,3.0
4953,83.55295583284784,98.3700761568638,6723.846295673821,6.207441756234461,Highly Active,3.0
4085,70.04454445118085,96.59897477270296,10002.652893956933,4.7886568368099915,Active,9.0
4249,80.06432674119957,100.0,2136.2685107688203,7.477270978558144,Sedentary,3.0
4949,72.83491910220283,95.73910627297238,3815.554737427417,5.40961635625348,Active,6.0
2011,68.95727276497233,96.82536552357196,9841.789269381508,5.59554526756405,Sedentary,10.0
1052,66.39439970037853,100.0,6411.721763977995,9.460377379919006,Active,5.0
3894,77.8496466191224,99.86100476984149,26329.58245561856,4.21394996094736,Sedentary,3.0
2045,94.1070803292144,98.63875351797763,17039.828192946967,4.454215000487473,Highly Active,4.0
2053,41.2441576011321,96.01755713970964,6051.203298726859,9.056408511440855,Highly Active,6.0
3307,63.88968055907348,96.6896387239733,141.20817046281252,4.924611094007915,Sedentary,6.0
2228,71.1907912728646,97.76796775225324,1575.070506609202,7.005942816437127,Highly Active,9.0
4130,59.52003442605531,96.1581321214284,10222.993804555364,5.251768532425706,Active,3.0
2494,50.89093656590545,99.10410198351305,785.8188239434515,3.619877842752575,Highly Active,2.0
3823,85.08381973504642,96.47142692352864,305.66427088747224,5.9817503109229015,Sedentary,8.0
2489,66.10192311120909,96.66632193138392,6694.612368556142,6.486911748260146,Highly Active,6.0
2035,83.33488337785562,98.89198201704572,243.8924651936725,4.149325751597081,Sedentary,4.0
4702,57.32537084677184,100.0,1415.7887342861643,4.614666193545679,Sedentary,3.0
2950,50.45987131273108,95.90436583941036,583.5336944290752,4.997396552735035,Sedentary,2.0
4361,78.61837900222739,96.63227458617224,5349.068254527431,6.193496120325465,Sedentary,6.0
1849,84.49025065453468,98.11651641026474,7909.2957776797,6.693013775748748,Highly Active,2.0
4710,93.7390892127522,100.0,142.64101042898832,5.793960321032887,Active,5.0
2098,74.14157660960691,95.88754515325486,2151.959566365333,3.893583504929594,Highly Active,1.0
3920,60.02810977361374,98.64937646252146,1385.7799004732694,6.837208687133445,Sedentary,3.0
2739,52.54361102052402,99.50344823919652,1270.3539969645572,7.395231547520798,Sedentary,2.0
4632,64.673725855658,95.800661016263,1784.42622379606,6.967873375101167,Highly Active,3.0
4662,69.08518111374389,98.5638031087979,11455.652014102638,4.517510322506348,Sedentary,5.0
2464,86.44290726645792,99.3040575424717,20935.295877802015,7.396925942211403,Highly Active,3.0
1990,74.74960140698121,93.91794754801153,8570.473809039886,6.348116144931005,Sedentary,6.0
2264,72.96766587972756,97.63553209306336,524.9923693327814,7.973753510541396,Sedentary,8.0
4065,61.26958857234599,98.81035476877504,6925.113140131549,7.21740052693724,Sedentary,3.0
4225,89.64729769168208,94.51057233058664,824.593175023472,6.076937301796635,Sedentary,4.0
2809,88.450492338856,98.20072448585,2440.181325114631,7.934232246844386,Sedentary,9.0
3341,40.0,99.4830774421292,5113.30361312224,10.613025140084016,Sedentary,4.0
4414,103.8432254206956,96.20116577434524,4118.350189707147,4.71300619939309,Active,2.0
1817,60.21593124708296,99.50214668278076,4325.4110357089785,4.059379593060897,Highly Active,5.0
2960,62.07842524849107,97.86083585915776,11340.39752214229,8.340238696829243,Sedentary,3.0
3437,61.13802807119799,99.64949459138006,3510.6980001715747,8.519181450353745,Highly Active,6.0
3987,87.3674758402783,97.63932675958888,3098.06510248431,4.740601684341338,Highly Active,10.0
2855,57.80539398008336,100.0,6448.207226019618,8.397665060073322,Sedentary,6.0
2180,64.96183919833372,96.97856406624597,1456.1235544888134,3.7011503001237727,Active,3.0
4722,84.86105192967973,96.26064958588348,4600.400572225495,4.088058225167301,Sedentary,4.0
1632,71.87973612961953,97.6568065392803,15054.307323930265,6.357244086266303,Active,8.0
3624,61.6003015202037,99.52640217025366,19565.65506918238,5.565565977444363,Active,7.0
2642,86.61632105408233,100.0,3379.897238779821,5.835379146262629,Highly Active,10.0
4730,102.18708434580536,98.4222619337174,1210.6740040356158,8.512240357973816,Active,6.0
1136,91.85710141207647,94.31590356020791,4926.06126038705,5.691464425133953,Active,1.0
2697,65.67920584805393,97.54930866174416,3892.2615738242193,5.42043654671017,Active,5.0
1427,90.47096702879811,97.74541694853656,3317.4391835068895,6.893206572194327,Active,9.0
2475,94.32593239829173,100.0,4190.87074927959,6.3090651670954125,Active,9.0
3659,67.69314553906702,95.76555526241025,4831.9773096500985,4.440549436890856,Sedentary,10.0
3958,60.583396358613875,97.66313068631734,26.748829344353847,6.106029518175435,Sedentary,9.0
1818,73.63488910669437,97.54867093325392,2073.9559667515973,5.90945150562061,Highly Active,2.0
3188,52.41459191746881,96.16486734499436,1306.4513286641693,7.514916778137208,Highly Active,8.0
3224,55.74338315614514,97.22909329765214,12500.184802491163,5.256936475562956,Sedentary,7.0
1197,81.32734929261375,96.66782439745802,9056.171083187874,7.145756305447315,Active,6.0
3671,41.05358189116391,97.02227675844482,25728.650966027613,6.126251694783342,Sedentary,6.0
4639,105.67887937608316,96.84133661831382,562.7598192633775,4.317853431067815,Active,9.0
2995,93.74155921119106,96.07803239706338,4375.204874258963,7.040126964688273,Highly Active,9.0
3738,51.09306914715928,96.43974321729569,16074.15285109609,7.773070098395199,Sedentary,2.0
3448,71.3766884931963,100.0,11347.6375998389,7.950226311309576,Active,2.0
4769,77.32532800710378,98.38528623166744,5774.611264645426,5.605693886781773,Sedentary,1.0
3265,62.991329297207514,100.0,3245.6124618801773,5.7009351137498765,Highly Active,7.0
2948,74.19578376768952,98.54019267040783,3778.985181238658,8.021161420834437,Active,2.0
1928,47.85739161368411,99.22902392264476,1252.2666274855756,6.255359178191089,Active,8.0
4899,76.2477802870467,98.34092240472476,1217.4754511752951,7.659639744419378,Sedentary,6.0
3010,44.11435086378152,100.0,13813.085100612638,5.771726821071036,Highly Active,4.0
4800,94.58692151602858,100.0,3661.410804972966,7.038807890165615,Sedentary,7.0
3679,53.02764208843264,100.0,6781.669052203063,4.868828944187635,Sedentary,8.0
3998,79.4147887355305,91.81809262055388,9767.4091920165,8.001757826031191,Active,5.0
3222,102.9622516606798,96.90569863759312,21521.003715215214,8.373779212408982,Highly Active,6.0
1022,101.60019709156134,100.0,19483.982661495975,6.4215040909527294,Active,9.0
4796,95.90853785975835,97.19566460701544,7978.628332543582,6.643522712908477,Highly Active,7.0
4988,74.75940807893767,97.35273464690324,37385.379228571466,9.929748264829636,Active,1.0
4084,79.13928312801445,97.35509410275856,65.07042942736555,6.791757611398576,Active,8.0
2124,80.41787928948888,97.95540280683676,489.46424593551825,4.671226160026366,Highly Active,6.0
1928,65.69673802197443,99.1419148601158,20117.05955687892,5.367119057695866,Highly Active,9.0
4607,101.12242834046486,97.80440126925414,6499.15508089696,7.678083191095743,Highly Active,6.0
4947,62.95694959884958,97.72062823007072,18390.686357360213,6.001304343951311,Sedentary,3.0
1522,58.94392510816563,97.04020773384036,951.52528438569,6.189370137649956,Sedentary,8.0
2808,81.11468483338322,98.46709739872908,227.50808030921593,4.876810815360944,Active,3.0
4523,48.11912587825681,94.25737304556598,5485.827894403344,7.107547247842852,Highly Active,4.0
1430,76.7633954167461,94.54064542909808,1348.464928414939,6.656305323461377,Active,5.0
2629,81.22629986781658,99.23869968656712,3818.032889968611,8.356923965615799,Highly Active,4.0
2736,75.47428867956404,94.65902420999817,10301.647043861776,7.173053894734053,Highly Active,8.0
1532,62.40013594764691,99.91183180992508,5086.042270608956,4.740721371735218,Highly Active,6.0
4923,52.46590256901592,98.23203931134157,5265.384305797159,4.232014416982249,Sedentary,6.0
4026,87.95337368586758,95.80919514314203,8016.51633632782,7.596185496938014,Highly Active,7.0
2746,75.41985443710608,99.019550903272,2860.5353375143445,6.680177736897632,Active,5.0
2675,84.36793365102983,96.12649330825457,20810.58018819995,9.126892234535417,Highly Active,10.0
2316,42.11754113999045,98.02297987026138,3580.5655761701105,6.537372873615341,Active,4.0
3857,85.97988647414348,96.96632039994876,3552.9776836045044,3.9089123327719872,Active,8.0
2124,95.1195881226343,99.6351467512575,7079.054975183665,5.374689128899346,Highly Active,2.0
2525,79.44988989774079,100.0,38278.11738187741,9.111979628858148,Active,10.0
2327,59.33291192431667,100.0,13290.619302921205,8.253255420643235,Highly Active,4.0
3918,76.82694960628307,99.4729670025129,2344.3040098818824,5.695876475285722,Highly Active,1.0
3587,77.31132049508275,98.58334491399184,749.6099149187806,6.209456090724315,Sedentary,9.0
2576,68.71120104835609,98.06550487241132,3141.6278468017913,4.404548112148364,Sedentary,6.0
2681,83.41661623101446,95.62055081924778,31921.700415935196,9.264642740659603,Active,10.0
4839,107.7136322905271,98.93638664454524,3678.2118312523103,7.15155569900443,Sedentary,2.0
1226,48.01710916849699,97.61830798403103,6427.125461043463,6.826370867974322,Active,6.0
2259,42.95125672493724,97.29099382585925,5724.019809335179,4.907379243782697,Active,1.0
1872,112.80161863233252,98.98831641709752,662.583518635783,7.91649599944964,Sedentary,5.0
1891,46.35985572821548,97.36211110400146,855.4951127046234,7.92791145474288,Sedentary,6.0
2478,76.13965813321278,97.13091817437382,15372.172565620394,6.860932334769529,Active,5.0
2036,52.31112800201969,98.78263616257686,7880.100509393175,4.82251811049683,Active,4.0
3257,63.169110733529635,97.83462721570793,7948.9916112085875,8.133778345465164,Sedentary,9.0
1396,45.67072073382897,97.80859685950732,615.2546805477918,5.339184521826296,Active,2.0
2123,93.28547507747638,95.40559736445006,3758.749358418722,7.370402179278246,Highly Active,5.0
3078,81.46137007713794,97.99939314914133,1982.8044147201376,5.88757263913446,Highly Active,2.0
3945,68.59429154502229,100.0,7568.294488580363,5.015347767221796,Sedentary,2.0
4599,66.37726132390466,96.12307376950456,1693.9203967818523,8.576198270145529,Active,8.0
1648,91.32739429866152,99.6855522248379,8246.42713652875,8.200129646902639,Highly Active,7.0
1328,76.34979659590388,99.22975699252642,3436.0226046786347,8.099678516944461,Sedentary,8.0
4237,106.28506429536571,94.928827404674,4051.302635089261,6.998143900994659,Sedentary,1.0
4893,81.38368673368443,100.0,2995.768456407682,9.106936765079324,Highly Active,6.0
1951,56.528868257410466,96.80620464685464,2075.6396347067193,8.652935311197675,Active,1.0
3005,68.50127850392975,96.72349080975174,13292.206902617729,6.373590707214549,Active,5.0
3016,90.56263578656367,96.32801689547809,8095.152742121244,10.56691578145488,Sedentary,6.0
4171,92.68228459773088,98.49330190410969,3621.375970745611,6.312346502549585,Sedentary,5.0
2878,81.6759027889914,95.60378893359356,2992.451384628168,8.585718592225097,Sedentary,2.0
2196,93.53641322908584,96.25548361305208,5608.385671741208,7.057361473440476,Active,4.0
2772,84.3583099688336,94.20188515689496,1045.1528204825115,6.1035435428066185,Sedentary,4.0
4976,52.28876956145864,96.20184916494324,5652.808141060621,6.492117982051435,Sedentary,10.0
2751,71.5280425122157,97.31266612362948,3405.992845511601,3.3041898153586273,Sedentary,9.0
1775,57.82063469685096,100.0,5933.7824340621155,8.005077159654936,Sedentary,2.0
4334,90.8189109643173,100.0,1230.419537920763,5.56639069023656,Sedentary,4.0
2827,91.67027800489969,98.90387584628988,572.0610308263775,4.774133008863471,Active,1.0
3321,59.76711698061845,100.0,5560.465409283774,8.307408312343169,Highly Active,1.0
4074,91.68218528154816,97.85895045684688,511.73454076035614,7.067270762044193,Highly Active,7.0
1939,72.5750484822175,99.29181091215,31177.600302324583,6.8364318136042685,Active,10.0
4220,81.88148281754891,96.71274420308438,10264.75678949174,6.0489160988132795,Active,6.0
1539,96.74038457525212,94.2492181277308,25581.4018181636,5.207941211074052,Active,10.0
3535,83.95340555252406,97.43680989709246,157.02845635861624,7.527998395549105,Active,3.0
1821,72.99615499649454,100.0,5728.554542867862,6.856896864774082,Sedentary,6.0
2461,88.12001245915654,94.45350810842687,1260.05812696691,9.082270345498175,Highly Active,8.0
2088,60.4880831759748,95.95894727195382,1968.517364994802,3.1465189302939867,Sedentary,7.0
1355,46.06508920476255,98.48216317216072,9283.91712025476,8.268219902499904,Highly Active,1.0
4604,92.19041571463862,99.16353682513208,2040.2006268609728,5.918133611272651,Highly Active,2.0
1234,88.82775555643245,100.0,3254.78056802754,7.376686305489059,Sedentary,8.0
3274,77.118491437063,97.98585231569297,608.479778998016,5.167679925279933,Highly Active,7.0
2548,74.78254151612965,95.5055046023968,1108.8186434661193,5.8256331975936,Active,4.0
4384,60.82488875327939,99.94084611988082,1108.4622091844778,7.391774364587123,Sedentary,2.0
3096,68.2456972934824,96.26882565673168,1793.7951457568745,5.697353266554657,Highly Active,9.0
1117,75.2040610998128,96.07123817095268,14319.423385775111,5.441411093956782,Highly Active,3.0
3101,77.9785951751137,100.0,2449.2527653970424,5.438180799280726,Sedentary,8.0
2673,61.45427434896133,97.35261877052169,2240.1647841572926,7.026308593657475,Sedentary,3.0
3612,86.15433122660644,98.50903590200312,942.631402125372,4.6930477509961195,Sedentary,1.0
2067,87.10762023468894,99.86313393399884,113.65395695371812,7.63350866073005,Sedentary,3.0
4886,82.25829447973224,98.19086702755118,1223.631448733343,9.673367151649682,Sedentary,9.0
3100,68.41979837080831,98.19490752875618,8985.43810759987,6.505009544888477,Highly Active,6.0
4657,87.89196622877289,100.0,24510.133945941383,7.152871433223676,Highly Active,4.0
1557,84.31589115461041,96.06355389351164,9532.959861656518,6.897091830824056,Sedentary,8.0
4596,45.688011385603865,98.3003815148502,13432.109002752764,5.099400190064709,Sedentary,6.0
4748,78.16975544138316,98.77821547970296,10816.88820393896,6.974614307969248,Highly Active,9.0
4173,103.99734741010622,93.64568496702742,2457.358084881145,6.833520534744044,Sedentary,2.0
2815,89.57887640495342,96.57708969888652,9197.29964759776,9.157916735557212,Highly Active,6.0
4841,92.30181961319116,95.46269407249764,9720.517256745983,6.871786999178177,Highly Active,7.0
3005,64.48316682406376,99.79210694171142,2094.163156098625,8.362817782401532,Highly Active,1.0
4920,76.88461854221279,98.19380767185244,17737.52752326579,7.143735051082069,Sedentary,4.0
4209,67.2855103823361,100.0,2664.674862279688,6.962220790050192,Highly Active,5.0
1674,56.470654899137465,97.77385826890374,3097.924628400988,7.640442108414804,Sedentary,8.0
4992,75.96501061224184,98.60132407961277,6113.35027023438,6.366458604885681,Sedentary,10.0
1386,63.29043566344111,96.37022855798033,54.67080979460243,5.550447613499478,Active,10.0
3158,83.79035616082705,99.7607180248786,2580.5901399799723,8.610407022854048,Active,5.0
3661,74.53968570923848,100.0,351.7187777652826,5.837904887042692,Sedentary,3.0
3064,46.09206844112311,94.7342584015312,6850.511396020664,4.772172593960915,Highly Active,3.0
4253,81.52980570529506,96.03166661293784,6259.103303160857,6.616540866797356,Active,10.0
4607,69.9542031539663,98.265766869405,20247.073228089415,6.362818624632821,Active,10.0
1540,56.57819489888713,99.2271062114294,5348.4252710564215,3.9572036484386057,Sedentary,3.0
1170,74.0637322626244,96.63432214624498,5681.339662094394,7.135727750739546,Active,1.0
3456,85.21770200029428,97.8179322082494,5500.818063942826,4.9251726143555175,Active,4.0
1739,101.17376194162073,97.16381049675417,5202.439459080265,5.927189214142453,Sedentary,8.0
2401,73.66989324505724,95.2213959649792,19512.82883173923,5.484904806698594,Active,7.0
4259,75.73459909797035,95.69827771088477,6449.5486488588085,8.602411572852219,Highly Active,6.0
3905,92.8877997005988,94.0928181979582,4646.820805752015,6.044900323316238,Active,1.0
4904,77.18424208147766,95.49792605751716,2027.4378232039635,9.63561922420672,Highly Active,2.0
4227,89.05120859161008,96.90554057109796,110.6697720213489,7.343065177830176,Active,9.0
3831,50.21749269865377,99.70724631539228,2432.1930379700834,5.201825060181418,Active,3.0
4758,91.66743711354928,97.15416827292536,3813.988359937064,8.130767220682465,Highly Active,8.0
3512,80.39522541119044,98.56289923662598,6050.84965919879,7.0471263855360124,Active,9.0
3151,77.09863170866196,97.45782933000312,5484.620032876903,5.544754471892885,Sedentary,10.0
2995,54.90288824009486,99.96910402112964,9.237559680829415,4.216428331015367,Highly Active,10.0
4866,59.63361558705335,97.55326381083609,14907.057798698228,8.548138263399778,Active,1.0
4573,82.99059606528112,96.1246677553403,1841.1420265581376,3.779432374377401,Active,8.0
4764,67.57555637222578,96.25982654573258,3102.2032668833967,9.734990690425882,Sedentary,6.0
2705,61.89697061629746,97.3573817607656,143.24047747479528,6.179225474673147,Active,4.0
2722,60.33970899252465,96.07526690868195,22000.398471523156,7.178118970720925,Sedentary,1.0
4805,74.5869120310903,100.0,164.83291806665096,5.015472717159346,Active,7.0
3792,53.71812007067075,96.93551723899054,2024.9276913529943,6.184372338439828,Active,2.0
2697,54.21870699598192,100.0,14798.959325739968,6.347860209569151,Sedentary,9.0
2444,67.09683666060724,95.79346719851009,3297.8879031541983,5.594637030235532,Sedentary,3.0
4205,88.77139378826587,100.0,8184.861020245713,8.055916533721517,Highly Active,6.0
4462,68.61160136827642,100.0,6660.718469923866,4.685654045061725,Active,5.0
2759,52.85276542955637,100.0,4469.795880438718,6.798070961213682,Highly Active,3.0
2524,73.7007096279765,98.87301695869532,12537.507432386432,3.9347498687386824,Active,4.0
1664,75.57074259328365,97.84991040381657,288.33785888247877,6.858896594087186,Highly Active,8.0
1032,52.72416488716716,99.85419181803276,17046.707239898737,6.7545637619291075,Active,1.0
3566,86.15907575285459,98.21466691603504,13950.98563489654,5.577742171291539,Sedentary,4.0
3803,56.54358310129184,96.0643050184632,119.54208675195387,6.245868489986641,Sedentary,4.0
4896,86.79124087036128,96.1339676331944,620.2472547278658,6.140101498147913,Sedentary,2.0
4709,51.799012681695615,99.0059221674985,1613.6346309597084,9.022017848978434,Highly Active,5.0
3059,52.358826042348895,97.28652613189678,6302.2464778428075,5.6362179367487,Active,8.0
2551,75.34719824953835,99.4712426287395,678.8218436570623,6.837924630854794,Sedentary,1.0
1719,63.680427358594685,99.906588659888,18771.25554086711,6.059920297039523,Active,3.0
3602,66.97822434154831,95.28140923974335,9664.805639108225,6.272469962803039,Active,7.0
3420,77.27482907852371,96.55993929190994,11537.11466556119,6.516786995782929,Highly Active,6.0
1483,66.53783236774227,96.4312853540866,6136.966691161589,8.147165355884601,Highly Active,9.0
1972,60.77786734368116,100.0,6977.725381306961,8.680730630614812,Active,10.0
4718,82.35755592615918,97.72302775069934,1748.7294012993582,4.418150170877308,Active,9.0
4299,77.71066733918654,98.69785985699684,16858.83233964514,7.671849518746234,Sedentary,5.0
3670,75.64882860287598,96.4183187152196,7327.144599678949,8.38227706212265,Active,7.0
1306,74.72784404469135,98.11072042296622,3785.869558439711,7.00997831975497,Highly Active,3.0
1456,62.970976143384775,96.86198068344014,14940.062525818645,8.27618539542597,Active,4.0
3207,59.843634203645664,94.39623411813224,13956.540717475997,4.626632921335613,Sedentary,10.0
3823,63.2196601319052,98.46441551090057,18116.723172373353,8.372940862811806,Sedentary,9.0
1224,74.81285924082529,100.0,3161.5953794421303,5.554818000503344,Highly Active,6.0
4030,69.12538364319332,95.41651261646145,3839.0490083993654,4.567826897963028,Sedentary,9.0
3776,75.27013237821092,97.7939935011418,624.216968628072,8.212762866982791,Active,3.0
4575,73.60658229124228,98.50070326593426,14701.919172716964,5.865822287509406,Active,9.0
4116,54.20705361915826,97.25650375140567,16529.23147186047,3.6794301284704143,Active,9.0
4285,72.18979090128184,96.86680955152777,10624.895837021191,5.729694932812158,Highly Active,8.0
2082,58.38441151834382,99.49457765537817,15978.19574602498,5.452217704898552,Active,6.0
1643,67.75393644783848,99.43063258271364,20730.48417108475,3.795932266302608,Sedentary,7.0
1615,62.74490988804133,99.7496108563714,15195.02782140407,5.622282186502179,Sedentary,7.0
1194,84.58461587666432,99.35973324961016,1648.5969397098518,8.277763716686529,Highly Active,6.0
4996,52.891320055077614,94.8299621250149,508.8419251190557,7.013249184640633,Active,10.0
1488,86.71211340130381,99.4737806199542,6777.753432541464,4.0443950413358705,Sedentary,9.0
3204,82.94533662225224,98.302641712663,1179.3964049670858,7.084990280202383,Active,9.0
3657,105.83123610967698,93.53072646112211,13919.870387834244,7.5900636606717,Sedentary,1.0
2249,102.04518665650374,99.21078831749584,20622.770236427164,6.6559826905727135,Highly Active,4.0
3459,63.031176169442695,97.12963337267948,904.9976411450164,6.447185444496476,Active,2.0
4276,93.5528895989613,100.0,1882.8404648348576,5.310508873086368,Sedentary,10.0
3518,100.8013692025054,98.97098583310284,5026.557908707579,6.920824712884464,Sedentary,7.0
1515,75.83910326995621,100.0,2557.234732054576,6.191821696806258,Sedentary,10.0
2625,45.7888333251718,96.36618924215404,7675.631770290017,4.544871603313629,Highly Active,9.0
1392,106.53974803577772,100.0,2385.9665904345084,3.665719576671236,Sedentary,4.0
4716,95.52173127074568,100.0,4314.176178269608,5.1185218927116125,Sedentary,1.0
2847,92.12925915315164,95.7541259629233,4187.621151298254,6.347068352434073,Highly Active,1.0
3655,64.40097499918248,99.344134530923,12945.185521530657,6.295693084173722,Sedentary,3.0
1979,79.86302093045597,98.88457783252927,4020.204933393293,5.06555104937065,Sedentary,2.0
1433,82.4085585575014,100.0,26848.46290123447,8.101120291091265,Highly Active,9.0
4214,96.6699285245681,99.49499581791204,8262.26807029652,8.328366475862838,Highly Active,9.0
4871,67.42957840166646,99.05126308175971,9958.857160172764,4.746399193185819,Sedentary,10.0
3587,71.74765886859277,98.00055008128017,6967.412718142583,4.8804401786982305,Active,5.0
1277,71.04533580383381,98.04807899444128,3201.522176433978,4.840318156647772,Sedentary,7.0
1232,75.56225145662272,99.79578057483668,2083.3279474340234,7.278478094601318,Active,3.0
2552,118.94516529390434,99.17766137761274,6489.376973565846,9.121200541237576,Sedentary,5.0
2594,65.90196749005565,99.1709209958907,7523.54275381501,6.044194073018627,Active,9.0
2113,51.812115453210325,97.85635811876044,2085.278878251662,3.029574454774191,Active,8.0
4563,77.45408864426682,95.2537319242962,2871.470031447446,7.211834008172373,Highly Active,5.0
4270,62.05491228584225,96.74103778509117,13866.706860062886,7.497050555973172,Active,2.0
4512,84.2975105831714,98.47731708827898,1421.5063154285108,7.348431479297535,Sedentary,7.0
1025,58.686715943837434,100.0,18958.714418484404,7.7161948029509055,Active,9.0
4096,69.53843686667278,97.84764524297594,6922.648080153686,3.426116343753277,Active,9.0
2417,79.3945932330325,96.26323440789297,4806.744013419747,8.17416182389403,Highly Active,5.0
3554,63.32478885538313,94.41168941406616,1569.573736455784,8.268155612185117,Highly Active,9.0
4410,79.3862782115267,96.05229596994856,17750.021431706366,7.4677133849177455,Highly Active,7.0
3314,73.2552042620233,99.6563474363832,470.0748983126291,9.464656485398296,Highly Active,2.0
1460,77.35389751880916,99.38801867195596,5148.6523651624575,5.513842346457362,Sedentary,5.0
4764,80.35250471378791,96.45124884334638,14676.515567054412,8.24106510771983,Active,6.0
3503,64.90140152800586,98.68650485672651,21332.554384957744,6.867742979460831,Sedentary,3.0
4431,52.97726263369535,98.19848210955271,524.1191074976693,4.790323341417496,Active,2.0
2091,59.466549726848626,95.95814545811018,10959.783837901738,3.7690533147266194,Highly Active,10.0
3910,93.48680861966729,98.15451194432464,5458.631378424266,4.540618530613477,Highly Active,9.0
4483,48.9598113588477,99.65525884177973,10718.673968763324,7.9518943798743,Active,2.0
2994,84.42147395321165,97.80641716453373,5514.274905862415,3.223189195515239,Sedentary,2.0
1490,64.73158635034919,100.0,816.2079506031873,6.723567314449779,Sedentary,2.0
4904,90.5306994228024,96.84727558367614,6250.324577792007,6.019342669915959,Active,7.0
2072,68.6689957273621,95.21551492038846,877.4420053124057,9.015379367142693,Sedentary,2.0
4758,75.46463289853544,98.42030167955616,2988.0057969050476,6.838510549689442,Highly Active,8.0
3611,82.76063818769263,100.0,5718.776884753145,7.418988720919757,Active,6.0
1215,66.44846077104893,97.48940957446848,9086.197834108778,6.2320899272118035,Highly Active,7.0
4509,65.75333586618737,99.17681079379116,2529.829704150822,8.078526703192468,Active,9.0
2723,82.67051897043721,93.57850468959728,14643.56704419255,6.52448291661981,Active,9.0
2592,51.194955124527674,100.0,1794.6140018763604,5.121527512715083,Active,4.0
3606,49.23693468748668,98.5520143946583,3391.4651747172443,8.210547661778214,Sedentary,8.0
1158,80.50454284984906,97.17024245376577,7289.43325666912,9.028811907045808,Active,1.0
3536,85.03826230400287,99.69384760579672,3700.0933852736366,8.754241886980296,Active,3.0
1685,80.00730606619913,98.07862952713552,9154.374779385793,8.43540921810973,Highly Active,2.0
3841,66.9232860712991,99.55764591020112,7703.272277288682,5.028001306053465,Sedentary,7.0
4953,100.76531719920064,94.15028783715056,396.9549508960254,4.539137239782262,Sedentary,3.0
3052,76.61422447328638,97.28147552550632,14428.861167792787,6.359721451554601,Active,7.0
2843,59.86336767951716,97.30518397119567,4365.798717337,4.0189598685663,Sedentary,10.0
3295,56.919954100202816,99.93454405037537,1798.9321493760588,4.736532236395886,Sedentary,1.0
2589,67.7362466934261,96.89944031049204,2218.8413950059225,6.1198923422112905,Sedentary,9.0
2696,82.60778382564258,99.53361570423232,21760.94173483838,8.434572705251835,Sedentary,5.0
3993,97.03096797481352,96.8792788108603,25042.08539413868,6.8409993888919285,Sedentary,10.0
3469,78.7620122346908,97.36406757318696,5922.85764416597,7.440801220859776,Highly Active,3.0
2946,82.44934967954171,100.0,5206.0261150492015,8.103492332923516,Highly Active,7.0
4809,89.73975370668573,95.92635069793344,347.0166888844158,7.080044328543692,Active,6.0
3062,88.34120340620976,96.95916895251833,11398.041311938876,5.947579740350076,Highly Active,9.0
3783,66.720881003641,96.68886390043252,1308.962187513845,6.650576602016088,Active,8.0
4644,88.06772292885736,100.0,1076.8196348864528,4.890078501585625,Sedentary,8.0
2145,90.47694992227537,95.35870594062214,3862.395331440454,6.585822282409679,Active,6.0
3324,79.66081385001343,99.73777857489864,2989.046752587454,6.682950151839743,Highly Active,5.0
2581,77.04714911868007,94.75954234924473,711.412572881966,8.475716562936123,Sedentary,6.0
3500,83.99166787240344,95.45593314209168,1120.6414437904236,6.0136829040042095,Highly Active,1.0
3645,92.68655805200972,97.52182204628708,2532.983224592875,4.2960824678074125,Active,5.0
3493,89.83012199362231,99.02896737900912,3915.702098541196,5.753221753975453,Active,1.0
3257,80.65724757937932,96.6866884960604,6921.72129075021,5.4346803794736145,Sedentary,6.0
4661,77.22078206378097,98.12612907658584,10736.404428832324,7.836034106163171,Active,2.0
3761,69.04686430749673,100.0,20484.6371829156,7.231910074388322,Active,4.0
3349,73.28236301297957,99.26348069766183,916.1879302634052,7.561605096461163,Sedentary,9.0
2932,85.91028164372523,99.1192905158314,1489.24913760229,7.918396043488694,Sedentary,6.0
2757,88.5561140543611,96.76440117296772,19520.270954931428,5.198451334779047,Active,9.0
1989,91.25407198809718,97.5725050611897,7034.829860967514,6.691349494754965,Active,3.0
2541,65.72331093418065,96.9512402550191,2434.2588906663523,5.326251980230369,Highly Active,5.0
2116,78.04172802571154,96.26954973796384,11689.473281512535,7.176811125741137,Active,3.0
4978,66.57153254691656,99.97216777471986,6506.71541972324,8.240599772634118,Sedentary,6.0
4499,73.52334287895167,98.67804982830258,3366.69741004549,7.895251159043399,Active,5.0
1492,105.50700074354144,99.74960004950012,5475.70442655701,6.681300692392458,Sedentary,10.0
4306,82.64033895801789,100.0,8306.534105324723,6.616962089526078,Active,2.0
1619,78.37781846352605,94.27578065851844,1681.2506816186212,6.486153450226842,Highly Active,8.0
4232,96.17943008924492,98.52515015866356,2923.9515637150644,9.687292246400148,Active,2.0
4792,40.0,97.5278211327704,2018.540575233697,5.626449609690595,Highly Active,10.0
3380,62.13682741345976,97.70767348238668,406.67622113813144,5.325290442207333,Sedentary,6.0
3097,52.07026552207961,98.26985340838011,3077.528821542415,5.93027863379618,Sedentary,3.0
2546,71.71369502682415,100.0,5405.738747640673,6.541883181129661,Active,2.0
1862,85.4025929615861,99.44279681122298,2791.8310735170107,4.722844772781895,Sedentary,2.0
4563,86.98361773189154,98.53929051485966,1299.109307741008,7.5893437035518625,Sedentary,9.0
2605,76.07243013686292,97.33562797754736,3174.7911627600815,8.137942911364203,Highly Active,7.0
4752,92.49255157248226,96.259644373402,4685.341388045421,6.258016910693566,Highly Active,9.0
3319,67.45804811491669,98.4142395771716,1580.9711857843165,6.030422152902053,Highly Active,2.0
1579,46.909928309674875,96.13231061584167,2398.3227345621876,6.179139573827999,Sedentary,2.0
2890,51.294728280966325,98.23757056604266,20616.574779323862,5.455454431738085,Highly Active,3.0
2275,67.53364405473599,100.0,5141.0961698887495,8.449758054081826,Sedentary,10.0
3743,66.14248528554207,95.25783112396282,2196.901089095847,7.324523324848548,Highly Active,5.0
2855,92.08041161730506,94.34154940751831,6633.918908131585,9.047116497018612,Active,1.0
4770,52.48354244944447,94.58824733417956,10085.101172516928,10.094596725243548,Highly Active,1.0
3493,62.91330817562544,97.3432332951786,6860.453258791563,5.7962666576428505,Sedentary,6.0
2355,72.9244448969764,99.61167265685135,1062.1531384373325,7.6142057339813904,Sedentary,10.0
2162,97.48526473938234,99.14337446598756,3066.732659161143,7.1402859216580215,Sedentary,5.0
2624,65.9854402886024,96.87340992897538,1837.706125639653,6.152152658923234,Active,9.0
3321,66.98772213924644,96.65437255141948,5685.31745922209,8.526004012313487,Highly Active,4.0
4090,92.25046722810008,100.0,4033.967702617175,4.180385534282353,Sedentary,2.0
3006,68.3074073981922,96.7583278862932,7653.223723170786,8.797993554974383,Highly Active,3.0
3358,81.69334728867436,95.06100238807736,7718.4548887604,9.100582066091643,Sedentary,8.0
3001,67.52003274956553,97.86226007474308,1349.372201768817,4.7213796254612195,Active,3.0
2413,116.88089812176486,95.34909570819065,4705.427970976144,8.4068853343177,Sedentary,10.0
1619,58.92874680057707,99.98876778652176,2238.9967193458588,4.640728039004516,Highly Active,6.0
1796,40.904866246614354,99.49038767476031,10526.282398493291,6.139534229028365,Active,10.0
3172,105.10779325478912,100.0,3463.4378975386926,8.022801323054761,Active,7.0
4425,66.01647096533374,98.22385219392854,340.83663859028684,6.139229840463639,Sedentary,5.0
1618,97.04017107720796,97.19435061167871,8140.905404775564,8.19376608821492,Highly Active,3.0
2834,62.07620029330199,100.0,16235.230491551882,7.210349476791502,Active,10.0
1244,77.67428137940412,98.444964028702,15516.17607750871,7.803557232488821,Highly Active,1.0
3895,80.31115205672054,98.7534413954106,8548.680594921003,5.875899496270522,Sedentary,9.0
3497,85.93326646192202,98.10141256848624,2721.5885148392476,4.787550183372743,Sedentary,3.0
1929,87.02674173108888,96.90086121602872,3285.8405129918247,5.646595625712153,Sedentary,3.0
2270,91.83749695289148,95.08484673569382,3365.4901727050656,5.250901163362332,Highly Active,8.0
1519,63.268138815173714,99.50805759265928,971.876191247573,8.315958308240498,Active,2.0
4212,77.61034157436526,97.29903567342625,20600.2469934857,7.793913076835555,Active,9.0
1007,98.85743611463064,100.0,1098.7855997294391,6.768249599563463,Sedentary,8.0
3525,78.3763549375624,99.5133882446766,20491.779914816285,3.8213469398991617,Highly Active,10.0
4423,67.02566858116742,97.12232090803396,12970.565853762047,4.87411515264408,Highly Active,8.0
3019,90.52849132056818,99.01420740045783,17580.476406580772,7.748036194031931,Highly Active,7.0
1494,83.04328387774775,99.4775354661784,2354.620877578794,3.913551499502624,Sedentary,8.0
3880,86.63658599401398,97.16737281536668,4443.163149548103,4.963863309125889,Highly Active,3.0
4498,60.73929838988241,98.6116329214002,1777.0296823256986,4.122562610957558,Highly Active,5.0
2062,87.70696730284716,99.52364544667654,4383.95111159088,4.369626201565785,Highly Active,3.0
3640,77.31790167677538,98.80895223628931,64.70997816918592,6.415819892363709,Highly Active,1.0
4667,75.30702270013057,97.15705653772058,1239.6168631719547,6.126477130945143,Active,9.0
4671,83.75123976905525,96.17960158992658,4863.909943422487,6.513634128718563,Active,1.0
3801,81.86015421327687,99.00519646178208,18498.442330804635,7.6278532067111104,Sedentary,8.0
2877,66.81082180403384,96.63137488078829,12041.903654111797,7.893993452651202,Active,10.0
3140,61.47397450424012,97.0876327450406,10476.658736994104,4.43567633103175,Sedentary,3.0
2040,62.14700070401055,96.82813374258818,4012.302343967988,4.430644428272938,Active,9.0
1136,69.9589521116823,97.16463194937953,4134.606358810189,7.686289515816706,Sedentary,9.0
3468,69.50549302661058,96.03907770883391,636.872070821392,7.018374559920109,Active,2.0
3121,80.50675566633554,96.2053318828924,468.8589574841959,5.970210366588607,Active,4.0
2636,51.65107267033467,99.07354303360609,3677.455253646938,6.732927603934192,Sedentary,5.0
4583,64.12284104276485,99.10497869534068,388.70770692693105,8.553242363994674,Active,1.0
4227,63.41687005548615,99.26316545298158,7614.833888420456,8.455562633936179,Active,2.0
2751,92.00699879543154,97.66581341166834,3701.971911143475,4.270495064314332,Sedentary,3.0
3217,75.90596018866458,97.08433862115012,5963.754257905675,5.896563744097395,Active,6.0
3369,82.76300168643759,97.8156238296986,3170.0596509371117,4.99629670503798,Active,2.0
3503,74.76548550816243,96.41703374784764,157.7495229294935,4.878632645749967,Sedentary,4.0
1943,76.57064926830097,96.92704709699862,4307.274399636894,6.757979881017013,Active,8.0
2626,87.6646341643802,99.40778775403996,1587.8006670486147,4.524064593641063,Highly Active,9.0
3837,82.98072575465095,100.0,19519.757207632356,5.903394306002097,Sedentary,6.0
3660,100.92413748942832,99.54871795860832,7159.6721109371365,6.5055288494256605,Sedentary,7.0
4226,77.10206705415058,94.28747143665022,6164.913222709845,6.124713871814282,Active,9.0
3936,84.76044136336847,97.5658531039329,3652.6380507994977,7.767329255359742,Highly Active,7.0
1348,73.15517313693373,96.70864130876782,2798.3847455787773,3.1116628790913667,Highly Active,10.0
4522,79.85565227700677,95.94630307991608,1387.5174474218895,6.761937197224449,Sedentary,5.0
4947,80.63705991345641,97.6408202600113,434.1934330350685,5.254669936018112,Active,8.0
2676,68.3415301904925,96.55012749615018,7045.377842580634,7.386391552896911,Active,8.0
2196,65.3034803583718,96.3789408356065,10573.500054024498,6.545901277285832,Active,9.0
1009,84.61741684331477,99.37359193746435,13651.807773586534,8.131830691025584,Sedentary,2.0
3787,81.81612630530668,98.37062569413207,9019.292569404215,6.150704162275195,Active,4.0
4336,97.01365229330726,100.0,15907.8467075246,8.351347189151657,Highly Active,6.0
2461,75.06813569669978,95.5508917879369,28442.57178327911,6.7349428026564935,Active,10.0
4831,60.08336368009259,95.10132897229448,22830.285698100175,4.560090130208867,Sedentary,6.0
4318,75.17288364152785,97.35338776402553,6279.368788877301,5.279899109362755,Sedentary,1.0
1666,86.54257576941974,97.00846135028196,1777.023697173768,5.62006947074912,Sedentary,3.0
3593,43.17724006065264,99.30819126349834,787.1301083614228,6.671944328693001,Sedentary,7.0
2522,74.90740538580027,98.83387837777568,35725.010846384714,7.849660831045053,Sedentary,5.0
4743,78.52154051539,94.8906898463324,241.93040098466105,7.496954139793774,Active,7.0
1600,69.62491830127027,97.47828446411008,3472.0889427263614,5.380376883895151,Sedentary,9.0
3652,56.95965646196415,94.21144712933744,9651.05431230136,7.8235105732539,Sedentary,4.0
1326,74.82123472293573,100.0,15502.018643880278,6.655948015062231,Highly Active,2.0
4824,56.63549678633282,96.3328611862654,4544.767479973024,7.691955683772822,Sedentary,4.0
4906,85.09640586298924,97.93973413415378,2437.2669901451713,4.283823434228873,Highly Active,3.0
1979,75.91876120731546,95.03879260095636,10548.301988702948,7.1786960759095795,Sedentary,3.0
3451,97.42468520331174,96.36769900753266,4904.98701009982,5.583768111401674,Active,10.0
1628,45.70012903717219,97.37730259028298,629.6995847956123,4.602013741378467,Sedentary,9.0
2629,69.90047242711343,97.77461403649164,15309.168956267577,7.469773952656848,Highly Active,9.0
4746,86.00062779544925,98.17931676093907,7465.870075257038,5.856477114271211,Highly Active,4.0
4682,92.13993424373614,99.40687620637384,262.54750238175325,7.295560314668688,Active,9.0
4696,86.60808757369095,100.0,63.686004366818246,5.032625864734907,Sedentary,3.0
4430,60.70383317550704,99.3280179252036,642.6703035831492,9.54743666630686,Highly Active,1.0
4929,41.46360054079096,96.73378934893816,4595.1109822574335,5.796173261676075,Sedentary,5.0
3765,75.68140180442667,97.44700312169132,2858.948863397555,7.984978631073348,Sedentary,9.0
4088,92.44921963612532,97.91585824340962,2007.1827939329253,6.371407247186146,Highly Active,1.0
1273,75.10538807014454,98.68855615510198,4948.706571137134,11.248580417897674,Active,4.0
1115,83.25069951475598,97.72493237783704,6721.3410309833425,5.789892111658379,Sedentary,10.0
1860,70.24715380286897,99.73968243912604,3352.2075239218448,6.611408337546064,Active,6.0
3003,40.0,99.9248978751031,13685.222986733235,6.599426804285707,Highly Active,10.0
1692,95.11349402953338,97.16843096749314,9829.12300918062,4.917072824085249,Active,10.0
4162,81.48000345791776,96.89193082852894,129.7584940220992,8.425324218151472,Active,2.0
2105,56.2390156739844,98.2369008739649,1274.8347731979898,5.855642683756788,Sedentary,6.0
3371,80.56316855183506,97.85827699789608,4497.637789914916,6.129035802973193,Active,10.0
4008,78.00092749599382,94.36347176996767,7524.549215258542,6.827947252869995,Active,3.0
2792,82.08118620864497,96.66155718336498,11858.99734211089,6.817006697886859,Sedentary,2.0
4129,82.1349084212737,97.05531648459596,353.29785106097205,5.74569872794436,Sedentary,3.0
1153,77.9899328354222,95.4892469220196,130.59304137186217,5.785172248011226,Active,1.0
2900,63.45416653692172,100.0,6422.89105557484,6.256788304315444,Sedentary,8.0
2427,85.09117791430303,96.615288096314,9007.093247813835,5.397571583270808,Highly Active,7.0
4699,74.61872573068877,98.829259219079,10815.262323407258,4.1529382407548985,Active,10.0
4926,60.708204671497825,99.26049319981657,1184.8609923407737,6.760706494739923,Highly Active,1.0
2289,65.1144146808493,96.72440952840374,24257.019865889302,3.0656670500435954,Active,10.0
1314,57.95764486129955,96.47239776240072,1824.365164755526,3.1197736506075815,Sedentary,9.0
4786,90.89522900706775,98.50753234902236,2016.8587327309624,6.56709061247258,Sedentary,9.0
2064,104.68179138624576,94.01393956965072,1173.0434237884851,6.227194629716526,Sedentary,3.0
1104,92.32742547340514,99.33585072871354,309.4733750434198,6.888984783183186,Highly Active,8.0
2924,80.64345406871915,97.4882744233738,11614.961996408854,7.496553745961948,Active,7.0
2913,74.01819569581168,96.53460265334267,39.61665289748788,3.534102470110235,Highly Active,10.0
2216,70.63597407976778,96.8975570851264,4362.47347827347,5.577950609448637,Highly Active,8.0
2424,60.20556058695743,97.53725320098722,675.323319263634,5.828493056267841,Sedentary,2.0
4349,104.20183238987018,97.17225847111904,320.80765693821974,6.968417530020799,Highly Active,10.0
3401,59.48965036013806,100.0,19096.72707263482,6.842361796384275,Sedentary,1.0
4063,62.25794978684257,95.69845198260424,12216.796578250547,5.892442713568891,Active,7.0
2772,72.06747786101259,96.0998402932676,3516.256182978004,6.566233641830472,Active,10.0
2960,73.30620341737992,98.04746257566084,4295.097234279195,6.0877071805990965,Sedentary,3.0
3780,84.03058994918898,100.0,14180.645080684251,5.130952431543723,Sedentary,1.0
2603,64.8985705219037,97.24570132325226,11156.223909027776,6.580894173182248,Active,8.0
1708,45.17110339085494,96.10475417994392,8234.844029980142,3.2836764484140537,Highly Active,1.0
4327,71.5286424634259,98.15580167138674,5383.629727126767,6.867942098375816,Sedentary,7.0
1946,71.12137189393769,95.32400074704194,5256.873122914825,9.593007218308552,Sedentary,8.0
1660,69.74063984172413,99.2270279225822,5431.104274261033,7.40456966025889,Highly Active,4.0
3146,55.13432671349264,97.107228681398,14009.052142464225,8.687603234133604,Sedentary,4.0
3635,96.93300126069688,95.1065429041,1727.1609645532644,7.078697022137347,Sedentary,1.0
3329,96.08409036685998,99.8792479212026,1982.31387940063,7.327358592043538,Sedentary,6.0
4954,95.93138259300098,94.7802779197703,1658.3688424791892,6.714850504563071,Sedentary,7.0
2132,81.05712788547737,100.0,8315.725149289965,3.5519951404016146,Sedentary,3.0
1699,68.65731452425852,95.08432600468872,1907.279011423137,6.138046230236573,Highly Active,6.0
3246,67.84190966723133,96.70933863599556,7909.8870527998015,5.595944645715923,Sedentary,8.0
4374,61.070337668022376,96.14787788765646,6923.744905080524,5.64410006384315,Active,6.0
3038,113.48343330306533,97.56515507903087,2710.744988454758,4.603690760774744,Active,4.0
3201,61.170091467600784,95.9651856855298,14947.992793073336,4.95322269648325,Highly Active,4.0
1551,77.0726589721809,98.88000566823342,5902.402072311253,4.856206433077148,Highly Active,9.0
1404,72.87997611302548,96.25616848946078,18163.56502055731,8.125149976777571,Sedentary,3.0
1461,78.66386501213145,98.72426178175772,1609.3934671660377,7.772480429479476,Highly Active,9.0
3179,90.02814576409583,100.0,3021.4520183618815,5.52559241950553,Active,5.0
3838,60.68105736451097,97.95779708467714,3989.696673907421,6.181431099123628,Highly Active,2.0
1872,77.66686907656748,97.9930506324341,1855.916665062948,8.96045560824842,Highly Active,2.0
1083,65.41469667506162,97.82926918931231,12846.493082052812,8.159101912626516,Active,1.0
2422,63.384940658472665,98.07949141194504,609.6124922805546,7.815002682321465,Active,5.0
3801,101.2796008569739,97.88695743798957,1913.320122997029,7.077886871544375,Active,8.0
3675,73.65915957090776,94.39803884952867,1483.9899102673492,6.6502516725852665,Active,9.0
1220,73.32700014929469,96.68227534104588,6909.887646235859,8.192861296007258,Active,6.0
4975,56.85773271765528,95.817120264235,8816.773769930533,6.6831522881167515,Sedentary,3.0
3600,71.73841925304968,95.18135075267176,803.3294062795376,7.584848366297669,Highly Active,10.0
2391,64.822742685332,95.71199149622132,1509.7924421373186,6.126112406788502,Highly Active,4.0
1111,104.05615105473235,96.76970006460373,5870.948105564804,4.966405313339044,Active,2.0
1614,72.37611506565516,96.95167719115472,323.1983829533893,5.808912807632981,Active,3.0
2581,65.38629077408709,99.8790780978,5837.650886646643,5.711810108229851,Sedentary,7.0
3971,76.36506593314127,99.68003842957825,4515.640159939111,5.415375313600599,Sedentary,3.0
4565,97.36946456387254,96.79870110366396,1168.117487055535,5.483566144188908,Sedentary,8.0
4576,82.74496597649203,95.98028623278664,6291.577102258976,8.45915960000788,Active,7.0
1474,72.88427330723832,100.0,1336.5782123350948,9.24897486446061,Sedentary,10.0
2913,74.21511078376956,96.77995933245948,6745.315203135476,3.263910767859069,Highly Active,1.0
1270,86.64822820392999,100.0,14352.535628995602,8.116859431853268,Sedentary,3.0
3468,89.36283192618836,97.1682564725533,3869.6349613545735,7.604758323985519,Highly Active,9.0
2920,94.6626267079952,96.5539815495969,5020.944420409677,6.444157906607727,Active,3.0
3754,64.88259441002918,95.81971820873784,10006.881981975515,5.754536212197119,Highly Active,7.0
4351,73.19687769887555,98.30687656909774,5940.16596090702,7.984980336502765,Highly Active,9.0
4354,85.64440713055286,91.46156154657564,5641.68733204691,7.078524485412201,Highly Active,2.0
1039,71.05300939983438,95.49575116018278,4731.491064747242,8.329344618062459,Active,8.0
2982,82.87247617071522,97.87762052262532,11468.355059208348,7.722013876109864,Active,8.0
3236,69.2344698805756,100.0,4647.9959233811205,8.660779780161398,Sedentary,7.0
4235,64.41238035687458,99.1928844521605,16173.935998851748,7.450947945686536,Highly Active,7.0
1993,91.64592713151804,100.0,11574.33741515863,4.794159532700263,Sedentary,9.0
3012,79.6854130893758,97.72137252210273,8253.596906269495,4.099890978318609,Sedentary,3.0
4607,86.19964616274987,100.0,16024.815394847708,7.469061882337064,Active,7.0
3583,71.905600560152,94.66885657785666,5391.608464716849,7.400875379240924,Sedentary,4.0
4075,87.06190460180865,96.47517175845203,12075.549478827155,5.574280059812304,Active,4.0
4906,59.0599486374467,99.62520830530612,1937.8692485232568,6.870956617629562,Active,2.0
1289,61.44853358310976,98.29174250106716,530.4280396942271,5.8183488787802125,Sedentary,9.0
3518,73.94639923532873,98.56199339908342,2512.8461593612324,4.350112703883692,Active,9.0
4252,71.30175817604594,96.76164457122128,7047.427828723256,6.567166538071788,Highly Active,4.0
4319,61.20698723268306,97.06497368688385,563.8736525556401,5.724684606598343,Highly Active,7.0
3675,87.0670587446869,100.0,21809.14277612079,7.067552107501043,Sedentary,7.0
1278,102.98098802539072,100.0,5066.90005447963,3.870033029360852,Sedentary,8.0
3924,84.1143082283793,99.24780834043398,67.00343902827223,7.402825811988121,Highly Active,7.0
1862,95.80190461239764,95.75036781283708,10915.234973036751,4.900082319269727,Sedentary,2.0
1253,80.3909013070169,96.06844034169325,14028.732294813964,5.840134743986416,Highly Active,8.0
1180,68.50516865419029,99.21594460569288,4329.673929131028,4.102688587333759,Highly Active,5.0
4901,94.13523367537564,99.88612814234416,942.2157704269162,6.063615287387554,Sedentary,3.0
1680,72.29385217216917,99.94910156969476,16563.890382516718,6.684790265231946,Highly Active,4.0
1824,53.35975667891016,97.05461963833952,27806.273404858897,6.6090119355255235,Sedentary,9.0
4832,82.98123588998459,98.8443266910823,568.9852078199431,5.64849834672828,Active,8.0
1699,64.23512766656066,95.09574277874968,5836.43753756375,7.669056236986435,Active,7.0
3613,46.9150600974849,97.05313435012438,5343.492269967508,6.899252748137231,Active,3.0
2380,119.90857601902,96.85800579337489,2669.9772060099745,8.988655907397577,Highly Active,3.0
2673,65.55261900706002,93.82700781632629,6078.3588109867505,5.926058624336962,Active,3.0
3727,54.79362360440474,97.56380473137745,1149.5473342224066,5.355726270112866,Active,9.0
3438,62.68212883962287,95.73299706610042,2921.9750907322027,9.707363388236708,Sedentary,7.0
2638,52.08247907310316,94.06101159441974,6113.443077688112,7.395939573932612,Sedentary,8.0
4156,75.03369160546879,97.7630795888869,5473.278762305728,8.29396734303432,Highly Active,6.0
4388,51.31453664165872,97.2794387679995,8779.944045914208,6.51863907937629,Active,4.0
1211,52.97360097898611,98.2773054798558,476.30621249964776,7.199999107003139,Active,10.0
2538,78.10530764086243,99.00140316710834,6763.374772359563,5.81592405641307,Sedentary,4.0
2714,80.35010163077892,97.88241066486415,717.6670117710557,7.84619543082947,Highly Active,8.0
1341,69.86991612653011,98.64236606862204,8577.455084417754,5.0602712068951865,Highly Active,6.0
2838,72.2166239480093,95.09803517736216,2606.477792865634,7.622896669036475,Highly Active,1.0
2987,86.70159472648623,95.44054610242112,1408.7917050727106,8.12545160647643,Sedentary,6.0
1843,66.76964385300126,95.77991156953266,2323.4410221947323,3.133327343594284,Highly Active,6.0
4109,85.64551554503926,98.02299707231298,5530.695152146207,8.0672276624875,Sedentary,6.0
2534,68.70228427390518,99.66133665586516,6073.4418313106835,6.881859583150394,Sedentary,7.0
3798,58.88971822523904,98.82376322244032,19312.094221164745,3.890344552888171,Sedentary,2.0
4240,50.14989052869272,94.73076925816233,2792.3147193159657,6.393761643863497,Sedentary,6.0
2988,56.39366223803623,98.63192536118017,2186.6033269100744,6.232113581217734,Sedentary,10.0
2932,48.39762219242071,99.55562887897712,1446.7829718173052,8.138060385553981,Highly Active,7.0
2849,87.31508789898825,97.36585886027646,28153.613439103752,4.868460885759927,Highly Active,7.0
1305,74.87528681298002,99.81706852824604,7861.567608446982,4.1693983186847134,Active,2.0
4613,69.18186242505621,97.69262464324272,10826.251825602238,6.7196595043621885,Active,8.0
3749,64.63065384886393,98.1991823694363,3593.1491361185913,6.506360516928245,Active,1.0
1868,73.78121546249865,97.26228108908052,3748.3494496359863,8.480623709062833,Highly Active,2.0
3584,75.45312913617144,100.0,30341.57877805997,5.762228289681756,Highly Active,4.0
2135,58.27416428908204,94.97323927621584,1568.0471540265453,7.128017740393162,Sedentary,4.0
4453,74.51979637355475,95.68157187516324,7625.643423170624,5.860853062123755,Highly Active,6.0
1495,53.72393516883586,100.0,2586.466038405332,7.488678893532916,Sedentary,7.0
4450,94.51274309696416,97.27768751032124,14585.442933842956,6.753864630982918,Sedentary,5.0
4118,74.82817054917477,96.55457203611353,349.1167897974552,5.01684285824636,Active,8.0
2909,69.48453829079254,99.58673433079132,3066.5096404175215,6.238653723691465,Highly Active,2.0
4811,83.7383394020714,97.98538945756796,13798.229906761348,6.45295054777615,Highly Active,1.0
4599,51.38569454024602,94.14532208233554,10317.0262592973,7.268490810271162,Highly Active,5.0
3551,83.34881999554088,97.7170452084361,2737.270618288363,6.545772283267303,Highly Active,4.0
2045,92.1985025445456,99.06431734650684,3226.528427572042,9.11931605703526,Active,5.0
1212,79.29623406691258,97.81345294063532,15339.112247936162,7.760807716436178,Highly Active,4.0
1309,87.08675745337302,95.14102891778896,9692.25977902946,7.993977020146493,Sedentary,1.0
2991,69.61088829953898,96.41132208513788,1697.6962041953905,6.61463097310907,Highly Active,5.0
3800,65.12934114369864,100.0,786.61744155308,7.597778458398898,Active,8.0
1271,90.4139517892314,97.67148745445242,13854.790576614016,8.373215597531898,Highly Active,8.0
4642,82.41101004719485,98.98976776350268,8373.147216800691,6.689032021244239,Sedentary,4.0
2822,90.46734270242906,100.0,6543.716126783367,8.076132832496429,Active,9.0
3985,65.73189335366826,98.53989764347637,10491.158557583174,4.546645442834086,Sedentary,7.0
4273,58.02781854187408,97.87836855565187,17254.857388162003,8.148516693508487,Highly Active,4.0
3079,94.93618010983528,99.46239373476716,10036.322054659167,5.343584380447144,Active,6.0
3209,90.97321471863208,98.3940334632034,1359.0889490703887,6.0813537503782635,Active,5.0
3814,74.02582637433035,97.6248734017734,8758.042285808338,6.811068248752112,Sedentary,7.0
1253,108.05778145668305,98.07233735347609,1983.2404030099449,7.0021184481183045,Highly Active,9.0
1520,92.6699474243922,99.668488433758,10682.5446379139,8.435734208064385,Sedentary,4.0
1976,72.59916865085398,95.58178104537886,2895.1576326268196,5.664175507128829,Sedentary,2.0
4722,75.30793352647906,97.07694963309244,1193.6247092031908,8.966012856834764,Active,3.0
4551,75.35981289263295,96.988971128582,2057.28194447795,8.969207276441788,Sedentary,9.0
3773,67.77082620450724,97.73679930766777,3332.729255786054,5.258733246782938,Active,8.0
3552,66.63034665870293,96.14427667616714,2082.1512408088383,10.236208179800602,Highly Active,9.0
3832,78.48770034579103,94.05194724581015,1789.283033718344,9.087307776192644,Sedentary,6.0
4907,62.772925770450605,100.0,3480.1722917261595,6.785687274509438,Sedentary,4.0
3483,69.50745282725582,97.60914273015774,511.4267968138736,7.430761651108731,Sedentary,5.0
1152,97.02159402099298,100.0,5783.685271863249,7.811007230060326,Highly Active,7.0
2658,91.43154424018545,98.87018863613338,14527.047529315743,6.84425398030626,Sedentary,4.0
3916,74.22242154030936,99.1825875670069,3001.950355146023,4.73005612586668,Highly Active,4.0
3800,65.30100558691068,99.4277882446671,3262.2784012171037,8.961348227604557,Active,10.0
2856,107.295320834518,97.07464098055245,13352.72863951113,5.525099608103271,Sedentary,10.0
2752,68.13844682702295,99.60628081591553,5893.09920731585,6.197613240520197,Sedentary,10.0
3610,101.31584040409255,96.74344504822142,5760.89328704904,6.107969723532257,Sedentary,5.0
4875,89.53554049763736,97.96807145390272,889.316684027761,8.88471650398765,Active,8.0
2104,68.35052585759412,98.45695994923425,3068.911126256042,8.771847275356569,Highly Active,10.0
2538,86.40906761488554,96.55177594774344,1935.6757039284369,4.536856541713606,Sedentary,6.0
1894,71.40847345117515,96.53524504105832,8042.44359805635,7.09012825406591,Sedentary,10.0
2111,72.40775432049982,98.90435150849623,18989.346921625667,7.68762498884248,Active,7.0
4265,62.91925724553934,100.0,1671.529210384749,6.318271965000743,Highly Active,6.0
1103,40.0,95.66934305744736,669.8786382685381,6.764117910909701,Highly Active,8.0
4494,81.28505660799672,99.352617035338,254.5984049141328,7.505720978687329,Active,9.0
2914,77.30157456553707,98.92110451572384,17823.45196386791,8.610335263382758,Sedentary,10.0
4269,91.2934992631049,98.61807236570922,19711.47511325619,5.830144621466243,Sedentary,4.0
4072,56.94994734621086,95.12455194877332,13299.133641104325,7.694187327373863,Highly Active,7.0
2006,101.80185728159508,100.0,2304.582047726558,5.833368861833174,Highly Active,2.0
1406,100.415308403184,97.8035777937772,914.1734967812724,8.110301511078292,Highly Active,9.0
2401,75.53154975071864,97.44363694807969,6283.904609835398,5.5679095457497745,Active,10.0
1166,64.70624434404604,99.37052898896953,2314.2594274126695,7.15177527646007,Active,10.0
1508,65.48245388545158,94.31533566044044,1577.052115838186,6.158109540344302,Sedentary,1.0
2661,77.9720341228395,99.56247455214309,7176.975417660352,7.38054336646888,Sedentary,2.0
3360,103.23892954583376,99.9545053790167,9714.663259662502,5.232824349344685,Active,5.0
4664,73.57619640853716,95.541410346898,5244.802906907263,6.083664121853106,Sedentary,4.0
1762,103.43051481149708,97.85209457667128,5029.555997690841,4.888232271791441,Active,5.0
1680,68.99420835029716,98.7689769565868,6409.416180473197,5.588569420207877,Highly Active,8.0
3524,96.80694078108375,95.00613885008129,372.980956494746,4.040561239988155,Highly Active,2.0
3120,84.38664772245926,100.0,4106.5641347473465,7.065755363680522,Sedentary,9.0
2164,72.77356685324028,99.40026367417958,6384.882593415592,7.691308565888667,Highly Active,7.0
1581,89.48909332289553,95.91443496570444,970.69188159408,4.4129125594826695,Highly Active,2.0
1261,63.97881183819128,97.00363064993512,4170.063456621367,4.743307426554111,Highly Active,5.0
2363,70.63564703489308,100.0,2980.337788266967,5.061782687704478,Sedentary,4.0
2538,83.21625883948371,98.42841722331798,3889.243365738408,5.462264212697916,Sedentary,7.0
4408,83.1042324603883,97.21454314433208,1956.900848656614,6.875296960747531,Sedentary,8.0
4646,51.67024500310525,95.57286748663716,22102.971627534243,5.378724264800666,Highly Active,6.0
2099,69.55663201922442,98.95776109888358,3198.2839985360033,8.057738420858467,Active,2.0
1174,53.995240541465066,99.04560477069774,6747.364059976402,5.657219325631157,Active,6.0
3156,85.59701623346965,99.84913734383046,10632.29184923842,7.12649528635784,Active,9.0
3230,58.0993656247729,99.48349797449411,658.994013725131,6.022221219968246,Highly Active,3.0
1191,78.72521526002942,98.94105383768506,150.78162054902,6.782982281889425,Sedentary,3.0
1064,91.71659497500634,95.57059585803624,5051.944705166934,6.502604533428134,Active,8.0
4920,56.5967942314243,97.4776898636694,552.606828696067,4.239899839495616,Active,2.0
4010,78.62624513320742,98.39811076656528,15559.960851604706,8.59862417234613,Sedentary,6.0
4854,60.33828500047471,99.5773798070477,8782.768955766953,8.892160532449658,Highly Active,6.0
2567,64.38699124676376,100.0,4291.746468339786,8.474991547189695,Highly Active,8.0
3911,62.84250388622189,99.77966111277937,569.1608596685485,8.03341448945621,Highly Active,4.0
4523,68.60063429433154,95.6819004487968,6638.41829839331,6.1658218965542355,Active,5.0
1368,87.12738411643278,100.0,5756.562142388815,5.792004945586927,Sedentary,9.0
1042,71.24024138344734,98.85001589486394,1102.119519675016,7.794696846729805,Highly Active,6.0
2907,60.75113034305619,99.87673185182176,590.9482876292992,11.258370219748707,Active,6.0
4490,58.72250518344161,95.12077314870048,14375.290765197273,8.140897900927838,Sedentary,1.0
3535,51.46797547373029,100.0,5522.682451274967,5.7108780127937315,Sedentary,8.0
1077,50.35965776706959,97.29980307182744,2781.4788738774987,6.90403581175155,Active,8.0
3873,67.21311000419259,100.0,4.746418212895562,4.48053870287441,Sedentary,9.0
1673,59.20981074145375,100.0,2872.283429756296,6.241275695827148,Highly Active,1.0
1700,57.69268670034603,98.68204500952444,4635.946898916265,9.793548897363108,Sedentary,1.0
2923,68.52386014044745,99.5409059776688,17862.85573858488,7.234668547482709,Active,9.0
3972,47.13433572852421,100.0,4753.036911870179,5.128372292528704,Sedentary,8.0
4922,84.18726315446723,98.25262745435592,13600.92391962282,5.14078865025404,Active,5.0
1901,46.649411045924694,99.33080688724392,6026.078254383911,8.493630247912286,Sedentary,5.0
3936,53.31300146630486,98.92465383217193,13023.974207126586,5.078520518520497,Sedentary,1.0
2191,70.72509837373686,99.50299903763926,1444.647910371193,5.053927195821301,Active,2.0
3386,84.02215991349958,97.90356152239497,3057.6595545553937,6.783765524281049,Highly Active,1.0
3240,59.786727344407254,100.0,2458.169410019098,5.746294646525594,Sedentary,2.0
2476,94.7656758931333,100.0,20526.731539598553,9.225051289978325,Sedentary,9.0
3330,52.25852127299795,97.12043881750807,3513.877958832348,6.55129432008811,Active,2.0
4407,69.42091589898797,97.105186908194,25057.108107705983,4.639725725813885,Active,8.0
1389,87.4523243889735,95.8396883516514,7369.082732276955,3.6980041339720646,Active,6.0
1999,88.24640473797716,100.0,12636.086607827376,7.850711964356025,Active,7.0
1524,40.0,97.40403023924448,3504.4561760397382,6.950373271528717,Active,4.0
4311,115.61916212675304,99.05329030014605,1475.7070420907885,7.41256678597871,Active,3.0
2855,70.16657740827876,97.14250683246712,362.4260222764233,5.859595697324291,Highly Active,7.0
2506,79.1766800612851,98.82726815871628,7478.04363920075,6.731298752691344,Highly Active,8.0
1658,69.99541680042148,99.638211484841,24978.92134118545,8.285968323579825,Active,6.0
3763,107.02730831992878,100.0,880.9832265909852,6.508297208026827,Active,1.0
4663,94.34015611391936,100.0,10341.32566841101,4.779057448158833,Active,9.0
1890,106.6126040735748,95.13252858153746,3174.641646093683,7.584166254281141,Highly Active,6.0
4626,82.09849612338547,99.48698993527206,35211.89251392864,5.976570847760469,Active,5.0
2481,88.68220540524689,100.0,14283.498396605428,7.949294355452477,Active,8.0
4160,59.33071810364693,97.39957028002884,1836.5298193955896,6.538207640847968,Active,9.0
4731,71.03105451424237,100.0,10159.759381903545,7.792724912662341,Active,10.0
4166,88.69431930460377,96.06949748652409,9275.864433908497,7.260531566083286,Active,4.0
1451,79.773684569812,99.1211739502046,10090.094238389667,8.447028142762875,Active,3.0
3475,76.58556508074665,98.04489901565896,605.1832568607454,7.94311291852364,Sedentary,8.0
4222,63.36496801298061,94.21355939123066,11603.651331758569,4.54278749573419,Active,2.0
2537,92.4820713115394,96.93078174157466,2121.300103583291,3.6895520942862703,Highly Active,9.0
4447,92.26920412607149,100.0,6248.406847514165,6.384569092543249,Sedentary,5.0
4093,90.63313209802077,99.1258509097176,858.3614332464526,7.402733221572622,Active,2.0
1882,79.38056965500115,97.85184143063886,5717.09295929465,5.411989284140732,Active,8.0
1312,75.15156826583895,99.61595039264232,16582.410191993946,7.168487457313281,Sedentary,4.0
1839,91.86198579348128,95.0449657432308,1365.083875466796,7.10528586871005,Active,10.0
3566,89.05200724531345,97.61317875009723,13519.182648321668,6.39052140774549,Sedentary,8.0
4277,61.609405269218534,96.25055150838016,4002.0274788287497,5.548036685343149,Sedentary,1.0
1374,79.74521558769763,94.47785118155572,2723.672695915135,4.97093757085172,Highly Active,7.0
4697,64.90345257226302,98.91685335820294,5263.006743391052,3.318912539767225,Sedentary,10.0
4855,88.55160417601847,97.42007047342676,1561.4642199657476,4.641735963554291,Sedentary,2.0
4062,85.76484435494473,97.0147836351551,19705.592246541924,10.40069099241337,Active,3.0
1594,68.75542088132171,95.18156729348948,1903.9682483853471,4.950471008256901,Sedentary,5.0
2233,83.79361265988798,99.23308706970256,5723.628257824606,7.520111153053707,Sedentary,5.0
1463,78.83098662082392,100.0,13376.846034660572,7.164593348282786,Sedentary,4.0
1044,84.62074766104806,95.0349683755138,1416.9051638497997,8.743099819728785,Active,4.0
4195,57.51997254609972,93.97572907148964,11890.138106807655,5.062928046220421,Active,8.0
1112,74.28315550819975,98.1456901368974,1627.754152661708,6.7624363913713035,Active,10.0
2035,73.32808488627329,99.29532086998388,279.18450102886044,6.419454682330636,Highly Active,7.0
4197,61.70377692489856,99.03299557210832,20158.284024353216,5.181456114015094,Active,4.0
4636,81.59678269707663,95.37724826207176,7099.2239049013415,6.655627426004459,Sedentary,7.0
3378,81.0209009417421,97.55973447056677,6968.832287790254,7.340511420155163,Highly Active,8.0
4354,74.80898765854475,99.63929861064788,1049.0099726604874,8.10415415657987,Active,1.0
1139,105.79422659189966,94.27365183746863,8570.674068451364,6.439981679141031,Highly Active,7.0
3949,58.02966183522136,98.60895276484604,2678.1472883698616,4.423882311321895,Highly Active,1.0
4168,57.669351757605455,95.9031463610878,2666.6464041901236,5.8078833048156335,Highly Active,9.0
1516,78.73728687709539,98.48497856354052,15403.795081252882,4.471006298394279,Sedentary,6.0
3616,40.0,96.46603859909176,15429.824370577531,5.433940909161756,Highly Active,6.0
2947,67.3451480595104,99.4136333191357,2247.484055584737,4.72727369746452,Highly Active,3.0
3893,60.46995747475101,100.0,11064.336856544633,5.517776772180238,Active,4.0
4140,74.1412264838072,96.01437717498222,1799.4504479436594,9.175168642439315,Sedentary,3.0
3165,74.20351050591941,96.02091785188198,11550.3006314658,6.314982514604459,Highly Active,10.0
1887,80.17111931650567,100.0,944.995575631479,8.858429351816238,Sedentary,1.0
4104,92.12695649421627,98.90902068752176,5678.530888743578,5.566362904734659,Sedentary,4.0
1835,69.69523075290233,95.6766348331108,875.9242036174458,6.315056618981451,Active,4.0
1049,65.00514327683214,98.8372074748802,6695.2950146630355,4.023977068375997,Active,8.0
4951,87.7894834006073,98.12348736308428,1495.8928635011996,6.0033505590556935,Active,3.0
4560,50.115465631610306,99.82329862810988,1510.7407339562071,4.533746313522418,Highly Active,4.0
1018,86.36045296813323,99.3142704278821,4151.185524184163,7.397828521536607,Sedentary,8.0
1725,77.14534363120335,97.61983180474532,23324.80293762357,5.847663058743445,Sedentary,7.0
3244,81.73559228753064,96.6655019256882,15594.350569542456,6.044581747588673,Sedentary,3.0
4962,80.47451070387677,99.53549093445764,12260.320778163014,5.873098077646441,Active,10.0
3606,77.65745641293594,94.8075415932472,4814.174799041586,5.165246388991497,Sedentary,5.0
4750,58.341173815183566,96.29214121591409,3286.9161842378767,5.066238639614482,Sedentary,9.0
3336,101.65958552688888,94.36521240080008,590.308182483247,8.129492032118337,Highly Active,1.0
2164,85.09286531528804,96.14837949377718,38818.27162172134,6.996918022834801,Highly Active,2.0
2107,90.90904503866354,100.0,5635.992972561792,9.780279687036987,Highly Active,8.0
3438,76.1903920147543,94.65040347062248,2416.653839724722,3.2501637788471145,Active,6.0
1214,93.08561209325003,96.5804624960696,7982.466027089899,6.270070230438497,Active,9.0
2549,72.71044438319619,96.89248268330029,3142.758282692958,7.207345648347877,Highly Active,7.0
3262,82.15601015564093,97.32167874134588,2521.2149529896697,7.784563156280322,Active,3.0
4474,85.66045250983204,98.81585453326392,1240.020487251779,4.211970317942024,Sedentary,3.0
1127,89.02364375449865,100.0,5361.9730554338075,6.069947259934111,Sedentary,9.0
4548,94.22585309392296,95.94639627752464,4097.168668174177,6.883230730132005,Active,7.0
1759,53.66312896044468,99.7724845816383,84.74955796252051,6.235993440480156,Active,3.0
3451,58.05767785736434,100.0,4736.415821742803,7.607375866932877,Highly Active,6.0
4100,82.20990755122651,95.15436676166516,2221.831291131626,7.994971210355961,Active,7.0
3878,68.36574156057513,97.76291582140092,7786.870614432433,4.665807544502062,Sedentary,4.0
3761,68.56573410466525,94.6548845953735,5119.85513782525,7.393164017016571,Highly Active,8.0
1360,61.51426989238153,100.0,6668.7672917336,6.004099050640847,Active,2.0
1568,74.32589885845326,93.11050161036984,6529.723966521111,8.382397252157176,Active,8.0
2415,51.65928046725553,93.49626469528732,928.6437414739812,7.581597477717438,Sedentary,7.0
3265,91.98019535132632,98.6310592756588,1701.7196189333445,7.383992440237134,Active,1.0
2692,94.40651885101876,99.63267990766214,28084.092771170053,5.694023108788911,Highly Active,10.0
3064,74.44238647522748,98.42468083628476,11800.6209053006,4.425431026979103,Active,1.0
3369,76.88166778914386,100.0,10638.289778481938,5.561463864430606,Highly Active,6.0
1517,64.50703217618272,96.6790419723453,8545.732680341818,7.868197354254031,Sedentary,10.0
2348,60.23238466911454,99.21483566691862,6137.236216838268,8.313528109672689,Highly Active,10.0
2435,68.60546222731121,97.5224620679162,1443.4484528865028,4.961287902994668,Active,10.0
2341,61.74977093013081,100.0,785.1415150237578,6.253417029294164,Highly Active,5.0
1680,95.2307730496521,98.0584988579724,3034.4760783117404,7.176647446447179,Active,10.0
2988,64.41945592582312,96.89525165516402,12224.241156589624,8.039811178348481,Active,6.0
4153,80.90437663778691,98.14280625438585,5811.212957201881,5.950108476968192,Highly Active,5.0
4545,83.76541247430883,93.25278418380246,10103.37137716123,7.221872912648153,Sedentary,3.0
2491,93.56157828847022,94.19331845441717,15471.619088443078,6.818857481015517,Highly Active,2.0
2731,85.22492763386518,97.85283252539988,5755.404862758182,6.125331707522904,Active,5.0
2968,72.39806566148472,99.08353603059612,3204.1058258988146,4.941969473116285,Highly Active,10.0
4802,100.58956467416674,95.78169031995054,13549.95936371289,7.16006707470639,Sedentary,10.0
2712,56.33982623739766,94.3195759138621,1826.1932244798795,6.541794594470743,Sedentary,10.0
4275,60.89885157096042,96.7165610110912,175.54023955305436,6.020684564816033,Sedentary,9.0
4066,76.28816781254781,100.0,6109.89397912504,7.356733616719303,Active,4.0
3434,87.25689209342117,98.90415983021096,15601.267063157246,3.98018871044774,Sedentary,9.0
3145,80.5355206354723,100.0,3683.873009965594,5.038722490335513,Sedentary,4.0
4416,89.94249531597967,100.0,6023.816927283468,5.1522134737498435,Active,1.0
2826,77.111603993725,99.7145599288124,7784.077108709857,5.3166449577101105,Highly Active,1.0
1207,85.19390980547733,99.74429660055772,9946.17843854059,8.147617450314552,Sedentary,10.0
2537,63.66538645384734,96.5450771249722,2986.494292789206,6.999862955006624,Highly Active,7.0
2659,64.65496947409585,97.38997674082904,3424.515708688749,4.850050206984729,Active,8.0
4863,88.21552130458178,96.56270329775622,167.46547914036506,6.778736807053538,Sedentary,4.0
3633,76.81533713065876,99.41100105600876,7341.314053850937,7.142330650124233,Highly Active,1.0
3213,77.53941337153387,99.024074838481,10495.671256435367,5.9619540947478376,Sedentary,5.0
1021,64.59738261986845,100.0,5006.393778828168,4.569013645499874,Sedentary,6.0
1153,68.86964678476564,99.94500247026916,3307.410561784985,4.867085063037258,Sedentary,4.0
4510,70.48350717795721,98.887956103132,7250.217772115876,9.709906373508618,Highly Active,10.0
1668,65.44002722176076,98.22267860320362,18317.908014001103,6.464770248138672,Active,10.0
3067,98.525651328715,98.56392346278535,14500.927162686234,6.672394140286862,Active,10.0
3600,88.86261524465573,99.9678414911456,2237.1141690400036,6.804801503209372,Highly Active,10.0
1949,79.45379710365201,96.90971121187782,31298.511081688463,7.114577666102198,Highly Active,5.0
4179,73.26685744087162,95.53762215018018,3896.814442201608,6.439507010799748,Sedentary,4.0
1402,82.13226401570748,95.67558489436284,6925.718575246802,5.466693839015636,Highly Active,4.0
1595,79.93220479563391,99.98265471772288,2275.6468051872644,7.186095558494282,Highly Active,9.0
4554,82.08818276328617,95.1331741098486,615.4801970443888,8.585755076113886,Active,5.0
3414,63.77367045979528,99.05837319282124,5222.9409787170125,7.426460697811352,Sedentary,10.0
4905,70.43343634867088,96.27856612052616,3869.690967556895,5.204360680329094,Highly Active,5.0
2437,62.827021180506065,95.4474881053336,24526.81464220656,7.421246055287554,Highly Active,2.0
3849,75.04991129374793,100.0,9624.639640316404,4.644362043149292,Highly Active,7.0
3965,46.767467563807045,98.9153637205916,1017.154741556981,6.150428423475973,Active,5.0
4906,82.70328295294338,97.17487378052788,9003.009769663346,7.349929174794717,Active,10.0
2742,100.56341241739445,96.23038443106486,6646.381508978643,5.530141677820543,Sedentary,6.0
4849,91.69255115324184,99.75654275224151,4618.867022789067,7.262896914252516,Sedentary,3.0
1072,58.06738628977244,98.23885549610472,1695.2330909060124,6.127776224387292,Sedentary,5.0
1480,91.77336479371635,97.63613854478098,4105.155422840828,6.859498189242012,Highly Active,2.0
4423,72.0765541123727,94.71107681888444,12877.286857740875,6.785415333096723,Active,5.0
1559,64.62124221986365,95.40675776952652,8771.960110601662,6.722776522455978,Sedentary,2.0
4397,40.0,95.87868942434991,6509.952703303444,5.879631949667511,Highly Active,2.0
1744,94.70055376766992,97.28612785930564,8285.429346434146,7.859872505957219,Sedentary,1.0
2466,70.73140132081531,97.8135438904618,12578.649310446415,5.226700537078289,Active,4.0
1099,73.16671456429076,100.0,1152.9926908683512,6.8979527682337025,Active,8.0
2082,79.81555301796979,98.44595980543284,12912.760047331943,7.085261234673456,Active,3.0
3305,71.61246210439077,99.66344231757134,4543.751379240812,7.689873541590876,Active,2.0
1412,74.76850920472536,99.91572223024755,3609.45977773613,5.802292197975376,Active,7.0
4523,89.52973509680636,98.24582865479768,18875.468466609593,9.945224206628334,Active,4.0
2088,70.81328203305091,97.66217188630308,11980.988256687364,6.85489802182554,Highly Active,3.0
3642,62.53163918304076,100.0,31359.67554294509,8.357468204814102,Active,6.0
2177,42.17441561747314,98.42542567377966,7185.741272020466,7.832077953568506,Highly Active,1.0
3008,95.04426095250577,95.55442986079376,224.2378276721916,8.635313882876334,Active,3.0
3313,78.58092492534115,97.30207850396812,1169.7001582693852,6.632121923048431,Highly Active,2.0
4150,67.7074021940415,97.212641954211,7131.98850399075,8.68399620396162,Sedentary,1.0
4386,85.19615691560216,99.0931886809403,1544.9399202202453,6.931996608325459,Active,5.0
1661,66.24305451218868,95.05734505892188,84.07368089105255,5.452151850321588,Sedentary,3.0
3994,77.44005909966427,99.74489687752478,2135.099139001327,9.24463902727442,Active,6.0
1559,76.6170593629293,97.21301267574988,1035.9547922943343,6.528516388395738,Sedentary,4.0
3938,84.7050997486696,99.66068075480538,15006.248336362438,6.9055087068786225,Sedentary,8.0
2271,65.60188328384073,97.89287203016008,12930.938778190071,5.325159595156868,Sedentary,4.0
3915,69.49318509769547,97.71197686349494,1015.5353995383692,7.022340496050939,Highly Active,9.0
1609,62.81657254812791,97.70715969114876,1019.3963437821864,6.484865890468722,Sedentary,10.0
3461,83.26469481455268,96.98204883368987,2092.7702798427586,6.40011980486427,Active,7.0
1024,77.90986993423628,98.65180677224728,529.7426346951393,6.166710941183861,Highly Active,10.0
1283,67.27194555963537,99.65927670108763,13524.681023606616,7.589876678325379,Highly Active,6.0
2472,86.18114638043366,94.75025755516307,501.88509053010216,6.935519882144327,Highly Active,3.0
3928,80.83672431516774,98.10940648343444,1085.729073853268,7.896817221582424,Highly Active,3.0
1300,81.46568457488009,100.0,2129.6879059392027,5.717782915014796,Sedentary,8.0
2091,102.6800981576196,96.94181821515708,10442.027770015597,8.19169848638445,Sedentary,7.0
1816,73.24820490200815,100.0,6969.248301644696,6.1356280359583675,Active,7.0
4208,68.94079509721291,93.3328431810504,17028.40488127308,5.500588442507149,Sedentary,2.0
4235,64.79804977665322,100.0,258.7334030571808,7.392077025357842,Active,4.0
1082,68.10325782353115,99.05372366090091,1231.224577421899,4.120991727488963,Active,7.0
2920,51.01286842339441,98.00079281010532,1473.4624413039626,5.8774478059452315,Sedentary,7.0
4491,84.86641805917009,97.4247069520157,6741.615639374405,6.27527091086257,Highly Active,7.0
4144,98.02166396541634,95.87614777514489,1647.3939078715896,4.893196142559985,Sedentary,6.0
4308,75.82848747769566,97.31093945253932,4613.066276977068,6.6355866845398745,Active,8.0
3093,64.46067362379048,97.25252216102692,8095.925675514307,5.001795001503826,Sedentary,10.0
3975,100.55793925462928,98.5295133216828,2398.749880803816,5.91285521179662,Highly Active,3.0
4871,54.922162169234745,98.14607130860276,3743.1578652016738,6.292319846731166,Sedentary,2.0
3309,52.91835440509041,98.42502614519898,2906.737279675486,5.2668988846840135,Sedentary,8.0
1175,70.53823173513403,100.0,13395.733821337746,7.660665344737474,Highly Active,5.0
3704,75.15544669664821,100.0,445.56602098378113,5.392992496221323,Highly Active,1.0
1841,62.175876573712095,100.0,6761.282757086327,6.318897075791218,Highly Active,6.0
1369,81.23569985546924,93.8686568878656,1541.7491390743055,9.102229376715655,Active,2.0
2818,67.17351081216391,95.62969851881996,2894.102555646958,7.002207888458152,Active,6.0
3101,67.54566777645769,95.4911880231874,2779.343617461793,8.113803453407693,Highly Active,7.0
4490,64.84628459772794,97.90658059840035,21103.918580885795,6.2039515162946,Sedentary,10.0
2779,56.185656016339394,97.15241617891648,5544.043510346585,5.000117967203635,Sedentary,3.0
4578,57.16486979648003,95.43392805590769,1189.292268387246,5.7209720250799085,Highly Active,2.0
2364,58.42273151045943,100.0,5679.666121673496,5.35017496381205,Active,1.0
4198,81.84116546208215,97.26125464779211,4204.938554593386,8.434087275944766,Sedentary,2.0
2432,80.98678023097034,93.7943251375953,2960.43709545564,7.575394392312802,Active,3.0
4995,70.96865438942591,100.0,4476.86517364395,5.366916610286825,Highly Active,7.0
1366,71.7134627370591,97.92889670568208,7752.568144428752,5.802997496858966,Active,10.0
4342,92.51308310438372,100.0,1557.8256116650653,7.044289924728896,Sedentary,9.0
1643,82.7131222897311,97.99831686865078,5403.526654023911,7.835918959598991,Active,1.0
4676,98.4732807027397,96.97873121076071,11736.15309202909,8.061489681275413,Active,7.0
3426,66.34032808942824,97.9624220531799,1761.625206269292,7.452679067072683,Sedentary,1.0
1072,57.52566509275573,98.8696242037424,5072.9159570936345,9.221190026505576,Sedentary,4.0
4994,89.9535649709529,96.57059332734018,23615.10508561411,7.140157928570662,Active,6.0
4993,74.6915091155964,94.37169640585196,11283.796606067506,5.832650901056694,Sedentary,7.0
3962,62.95742649415999,93.4964230337486,6292.892608477353,5.277811465352419,Active,7.0
2271,82.33197962104566,98.10894275775205,9679.283465147586,4.880700316066152,Highly Active,1.0
1859,64.42475436370985,98.72871841734784,5220.390906476511,4.685367213734547,Sedentary,1.0
4856,85.33493919366518,97.65808933500143,30171.062883356422,7.511972873060732,Highly Active,3.0
1042,82.28927506436956,96.02282749528202,1297.3937686300037,8.886239265806328,Active,7.0
3671,71.61054813451072,96.95708749150592,8900.25381257948,6.657111721060052,Highly Active,5.0
2064,49.70001646945744,98.13827494593744,41.804304171004475,9.242094303154545,Active,7.0
3217,61.152543303916495,98.62325930870092,940.2822968772542,6.541284028900612,Highly Active,2.0
3259,97.77531476318585,97.81962398953398,8956.21182115027,7.410344307930062,Active,6.0
2516,101.18216615579456,96.62722785432392,9970.808985577303,4.126549307505044,Sedentary,8.0
3086,81.00573350110679,96.21175269265946,2843.7702199391956,5.544308639067028,Active,1.0
1368,58.64863955877486,96.03823983607649,880.4555560623893,7.745901107900009,Sedentary,8.0
3804,95.08508996881764,97.29491950691596,15460.095639517896,8.42466613120042,Highly Active,2.0
1150,71.03747840616133,100.0,4234.448779309484,6.957208459622805,Sedentary,3.0
2134,64.7651583214753,99.33851316440052,4090.487056213023,7.1498673294074875,Sedentary,8.0
2503,80.02116040233443,97.89238076111376,12155.655821133583,6.677754587161089,Active,10.0
2459,103.45393567453937,95.89307620040692,8320.576521672567,7.45940717349019,Active,2.0
2023,75.25502374480521,97.43910814797462,19539.220147445063,6.517241495369574,Sedentary,8.0
3784,76.61628755024108,97.01490473425328,7316.398467716115,3.8322893186613056,Highly Active,5.0
3040,84.9822157738736,100.0,5462.985116084933,7.133095231049708,Highly Active,9.0
2389,73.68533384796872,100.0,6341.163309962955,5.328321944053209,Active,10.0
1569,74.79756282469731,96.4741611901854,6871.590382747189,6.203249271836607,Highly Active,9.0
1943,59.262341732652374,99.8165146563618,15780.95715886933,4.075950398955925,Active,10.0
1801,40.834178910968056,96.95236193581852,1058.0230913897362,7.198423105724318,Sedentary,6.0
3250,71.6157244270703,96.1537914047694,2417.9597737323443,7.554802936543297,Highly Active,2.0
1060,83.55002911939356,99.11990822426608,5648.102432263227,5.542253507667037,Highly Active,9.0
1945,110.95655398301052,99.13711850343591,22797.596360893043,8.168853827090103,Active,5.0
4010,94.44035653074523,100.0,3722.255254594656,6.957346394906149,Sedentary,3.0
4901,44.145057909744814,100.0,6469.992878856227,5.434422264776904,Active,7.0
2337,112.8117505934176,99.07590493619792,1065.0751870223494,4.445834141904786,Sedentary,4.0
2073,84.96012898940992,98.22107451153012,4352.541199925091,5.687817221342302,Highly Active,8.0
1330,71.02981753952498,96.15724893787323,17320.638320283622,7.806106284058505,Highly Active,5.0
2551,97.145830643859,99.55880856472932,18860.384929347867,7.168267708121304,Highly Active,9.0
1337,40.0,92.14465161615792,5534.234406223976,3.28148139323254,Active,3.0
4997,66.832041399911,97.19071014706752,10244.935864935018,6.000485411629854,Sedentary,3.0
2526,76.00983854358145,97.34567782709092,5307.615763425689,9.36418726337021,Sedentary,9.0
2361,92.70735552871018,100.0,2801.956418058178,6.232155366751519,Highly Active,3.0
2573,85.23185453074396,93.24027225227503,16199.478592518692,6.77173990228714,Active,4.0
3686,70.84554218819608,100.0,10587.060529900971,4.456014549310213,Active,4.0
2187,66.02903164101917,97.94526999587904,150.23616841001655,5.904607585442786,Active,8.0
4514,86.58480572660218,99.7214908299088,1422.373591545786,8.004698998551971,Highly Active,7.0
3366,64.06533601580882,97.7186141136214,8752.723157057484,6.771538858764662,Sedentary,3.0
3636,79.41290884756893,96.48959104986332,5774.294239946829,5.376454315373164,Active,1.0
3551,53.16272572274112,96.8529321912185,6046.956362713941,7.868667776286179,Sedentary,10.0
4757,90.53278205191477,96.31115716745464,104.44669787114026,9.190058571960323,Highly Active,4.0
3434,68.33139020944388,98.26709428382924,4084.4517278296394,4.266482809594187,Highly Active,3.0
2993,54.464379910435454,100.0,10806.709374978593,6.421149703519422,Highly Active,8.0
1869,60.545159586562505,99.71926853830536,7625.3097907084175,5.700824034925681,Active,5.0
3880,70.40312509755975,98.1886185538172,5947.429944519161,6.566542992232406,Active,2.0
2014,61.316851472936726,96.68289638177492,8348.874836062443,5.8158055141916805,Sedentary,8.0
2911,85.80251157311052,98.60686819666032,13325.89694169051,10.687747233984474,Active,6.0
1602,70.8339691670026,100.0,13257.987988601782,6.320870473040514,Active,3.0
2799,70.75644207596629,99.50077981006308,2575.1144551646944,6.751497417864542,Highly Active,8.0
1690,85.75618543598546,98.85412143421,3194.121980129334,4.620304251903642,Sedentary,3.0
1493,75.13477086929669,96.5531232790668,5157.91739842188,6.805283491307103,Highly Active,9.0
3768,59.39053005467149,97.1668169404879,6258.145553299342,9.204829718718146,Highly Active,3.0
4144,76.01778362714326,96.26471258592652,4226.446489641303,7.854891982793122,Highly Active,10.0
3556,86.03093989043005,96.0511002961515,9958.740677929349,5.634798568237706,Sedentary,7.0
4690,74.81294389544901,95.65885553877398,480.2473551453298,8.039329691091819,Highly Active,9.0
4928,66.7263383316625,100.0,15747.945926905692,6.909210122806037,Sedentary,6.0
2392,79.67988643036342,100.0,18348.007204956524,6.752411913092562,Active,5.0
3843,76.34915809873263,98.76532378065296,4817.031007477737,8.128147907708808,Highly Active,4.0
2717,88.25885251843714,96.33858694095674,941.4729473764204,6.7069629732456875,Active,4.0
3596,74.98982104994488,98.68432990257855,5329.286000028251,5.2465967123182775,Highly Active,9.0
1648,74.02638472184529,96.6603911279802,111.39208161957023,8.401208763125538,Sedentary,1.0
2873,73.90067762496028,98.3853196756658,17266.513742560153,5.820598935066224,Sedentary,10.0
1567,58.41034231927427,94.26818134042584,11136.551197867486,5.666513174890621,Highly Active,1.0
3900,88.79411072443726,97.75473879893534,18249.0910567392,5.153711882062684,Highly Active,6.0
3817,75.13379807770893,100.0,2105.368346837766,6.625785034757385,Active,10.0
1444,73.45346004559103,96.65438022585424,13440.817414403338,6.921685265756455,Highly Active,3.0
1362,52.85973165963589,100.0,6102.894924581982,4.544278036104144,Highly Active,9.0
3170,61.785749815480585,100.0,2687.728960403842,5.192573672748681,Active,6.0
2211,92.15443104653455,100.0,5720.368346653921,6.304041631418016,Highly Active,7.0
1741,69.19952867556931,97.85582539741674,22061.602307883495,3.6588574206556377,Highly Active,2.0
3041,91.23583587484806,98.8609014855242,618.5607069343233,6.628203149561403,Sedentary,4.0
1679,74.54997718169616,96.8228107692166,1570.8278307888816,6.105071926754746,Sedentary,9.0
4323,78.69899372863895,96.4042054590018,1257.8294194681357,4.816279377960337,Sedentary,1.0
2572,63.49446546509348,99.89751876915837,18464.72093522078,5.108305692048811,Active,7.0
2358,68.19584891203411,94.87814947320642,581.106972882648,5.710382010818378,Active,9.0
3139,87.30822950100483,98.71815580638398,25615.230666492505,6.122053659113491,Highly Active,3.0
4937,77.81097922490636,99.37969245420744,2585.8859488431476,5.606094294404178,Highly Active,8.0
1062,81.95070456584672,98.76710472256056,321.5730934942461,7.829905414762482,Active,4.0
4733,90.51175096359007,98.41815062616465,4815.820480336436,6.890405353766684,Highly Active,10.0
3559,75.75852019812439,96.72114388508685,21670.14992519385,8.578840573900363,Sedentary,3.0
2162,59.48577279267009,100.0,1228.6839907578335,5.969911447495008,Sedentary,10.0
4769,77.81838034311417,96.69167822555151,6020.394152129147,5.279821062086823,Highly Active,9.0
4256,62.394101037917366,98.47158100528748,2245.7955587008746,6.716025747699864,Sedentary,6.0
2228,43.96395444262612,97.57292454427837,131.7114330115158,4.089258613045265,Highly Active,6.0
4285,82.75093528688704,97.3233930622186,8815.820027363292,7.3486277482194495,Highly Active,4.0
1255,80.2029744954985,94.60744815125044,9308.425069848414,8.147672155223773,Sedentary,4.0
1134,82.58005627352547,99.16025883881562,7612.847670227642,7.109127776537095,Highly Active,5.0
4644,91.72020721807208,96.7522689769085,1086.2559635801333,6.285670496314154,Sedentary,2.0
1874,60.46394762711796,97.3106736403058,1620.82752031092,9.411591446390052,Highly Active,3.0
1821,69.17994266057828,99.2612124019202,3410.534327578985,6.485985369873135,Sedentary,6.0
3135,55.69360753801111,96.78858622500567,37774.65408018672,4.912112029375141,Sedentary,5.0
4278,66.8328681777981,96.63662571337164,4641.403530885747,4.649264590327862,Highly Active,8.0
4200,85.83459293115617,97.33549529509727,17875.801672121917,6.862471235187234,Sedentary,7.0
4074,84.68228225844075,96.00388492350127,2708.637239047945,5.575044101076633,Highly Active,6.0
1973,41.49219954483605,98.69459388180016,3243.9658689906973,4.74711414997485,Sedentary,1.0
2777,58.64589503583746,97.91993551209778,10497.357734917232,5.4322524301794015,Sedentary,9.0
1120,77.53414761960651,97.48312879185426,6254.606358505493,7.298168376200139,Active,5.0
4109,101.39320907744344,94.54437054696456,2811.240508129764,7.881284679849691,Active,7.0
2364,106.54631593002344,99.5434408582458,18560.28187139043,6.242653237138697,Sedentary,3.0
2007,85.33475320022342,97.30357926027943,16873.187231375938,4.663253664938429,Active,6.0
1924,75.25215215357841,94.59352555517287,3836.7245752997583,7.05937165777771,Sedentary,3.0
1644,72.22793302539249,97.58290904184597,2756.816278150213,9.14103206060364,Sedentary,8.0
3032,83.61360747573619,95.96126021888593,15114.912566958596,6.205371126342708,Highly Active,7.0
3761,86.19285961134331,100.0,4137.052597052465,4.027764567756536,Sedentary,2.0
3907,44.80391714890085,95.12429157723614,276.27966791497585,7.884241384405905,Sedentary,10.0
3068,70.72752157122042,98.39780039986336,2969.7520677515263,8.86312779368194,Active,4.0
3502,64.05853344900265,98.76764529980288,20251.020698256856,5.306434542030656,Active,6.0
4010,64.35432559996903,99.3010459421706,3868.732795823794,6.553187537620253,Active,5.0
3668,55.58826787918001,96.9852948885844,1922.209299423872,3.599016630188527,Sedentary,10.0
3350,98.24807556238898,95.6713652821646,3397.219594778062,9.622526117585428,Active,4.0
2619,66.19034703227719,93.7823528537864,411.2594980844309,6.4238056683541975,Highly Active,3.0
4666,72.82740175574497,98.31122752124018,16037.177348324709,6.561898768988029,Active,2.0
1802,70.31242877251557,96.91216446526568,237.95966571150913,7.036077536897141,Highly Active,10.0
1068,81.2545884447023,99.24731207876572,6665.843138360245,5.726955512424328,Highly Active,8.0
2152,70.31673871371042,100.0,1170.5858853833483,5.087830814614477,Highly Active,4.0
1195,84.08060091430355,95.03548328823985,2457.597080127852,4.732666828753613,Highly Active,9.0
3187,98.55076346205168,96.07047391812009,4726.931157709659,7.109741581878318,Highly Active,1.0
4515,58.49740633642596,98.89475620874865,10995.462870289448,8.528932315333275,Highly Active,5.0
3330,79.84225257190127,100.0,3431.5660373392902,7.924933199498741,Sedentary,2.0
3359,79.39866070468453,100.0,22043.37072637241,6.066328813124879,Active,2.0
1745,57.36914155171354,98.86243324239764,4225.6635689768555,6.211126973758136,Sedentary,10.0
4606,84.69247307832255,98.05978656484282,17679.165063363496,8.927426908683643,Sedentary,6.0
2688,71.06554047087889,99.71198634777224,4214.578753326468,5.30194025781139,Highly Active,9.0
4086,98.68944864845952,96.76180814453988,5081.851451628759,3.997251760402043,Highly Active,5.0
1060,89.98501995693937,96.41703137554168,22203.400558658923,6.877221013108098,Highly Active,8.0
4390,74.99243685189397,99.14942015267172,7865.386876612541,7.778763866553637,Highly Active,8.0
3099,100.98883415339634,97.9177837740066,6388.768303560331,7.09740751805791,Active,1.0
4927,66.31037788352754,96.3153488932028,1786.2479084482538,4.8074913315540675,Active,7.0
3200,78.96686666166934,100.0,2594.0728339224197,4.372197278487766,Highly Active,7.0
2772,74.02311964634636,95.33291129681484,12747.602261628355,6.066235475259328,Highly Active,2.0
2334,92.92295506674655,98.2230998283357,8023.120566979707,4.7677553888741215,Active,7.0
2837,94.0756363908115,98.78757020864468,2366.7268844983196,3.8449873863489463,Sedentary,9.0
3591,83.1359457695984,96.78286208174572,32.89770654179383,6.6623741788502,Highly Active,5.0
1566,67.08292403378647,100.0,5302.774516195156,6.433524211145158,Active,6.0
4935,72.65254955117824,97.84180761348178,2015.3729983501107,3.923029102061319,Active,4.0
4460,56.54674179782152,97.09738562531858,201.04508454565033,4.389551309370266,Active,2.0
1621,62.90121483792338,100.0,7829.922971522526,7.292747212881538,Sedentary,6.0
2200,66.7851809656913,94.85153059822748,2131.2118940874766,4.604688542109679,Highly Active,4.0
4433,90.38684144751323,96.05788357349232,14824.380100478322,6.376047139395531,Active,10.0
1313,97.92725694824708,100.0,12204.230812520987,7.134707183747671,Highly Active,6.0
3854,87.43255327803058,95.9688009432004,4393.998648677673,7.116217667666468,Active,4.0
3895,67.40043236143673,98.78492750469611,2256.7595761812004,7.404451984408162,Highly Active,8.0
3144,66.32863595136527,99.19951221026004,4953.221733439181,5.419418296666792,Highly Active,5.0
2236,104.60918852133528,96.55006938670856,75.61624220681159,5.909208903187911,Active,6.0
3876,79.55207185058762,98.44329106704714,6637.470835334862,5.659292089572166,Highly Active,6.0
1136,69.92441725823572,99.121145951986,8668.198081532964,4.232671528643031,Sedentary,3.0
2029,61.9498272027339,94.79854246355345,11880.067260447364,6.946025094331517,Sedentary,9.0
4058,65.70319129430887,93.62344994681514,1708.9139686683015,4.02616433329082,Active,5.0
3156,85.65462494915676,100.0,1592.1500145633422,4.744233778746322,Active,7.0
3594,109.69365944641312,99.16097200288227,1700.9817342532283,7.529728060290006,Highly Active,8.0
4110,73.21801488791749,98.63756268972448,18759.49523030549,6.2511101398285165,Highly Active,7.0
1661,92.97714804149096,96.4880931900134,1063.713651526354,8.077284579822113,Highly Active,4.0
3472,88.47731158041445,100.0,10126.619793685746,5.995271205350959,Sedentary,9.0
3677,70.61279497322383,100.0,30266.53724473479,5.666756754095533,Active,3.0
3308,89.986085292808,98.12307076659452,20468.544424278098,8.220472463460023,Sedentary,3.0
4497,90.45209784123873,97.4063792726307,3692.1443156571418,5.899667882305924,Sedentary,10.0
1086,88.75213343825823,98.76558884026278,12799.747797603526,6.921874046331376,Sedentary,6.0
3512,68.81087138478125,98.52551821313143,7763.628042896217,6.256496115005588,Sedentary,7.0
3518,92.835660813432,94.83405393319816,1230.179403568398,6.167893165771706,Active,9.0
3872,91.16724660581352,97.68476296554304,6182.6508915709865,6.602142446218393,Sedentary,10.0
3942,71.954662830397,99.40986701545664,5437.367515695774,6.001708249536218,Highly Active,1.0
3773,91.08819767916972,100.0,9136.87395130606,6.8810601988332225,Highly Active,2.0
3504,94.35097553815017,95.49356396661408,2232.383113122459,4.178047081630932,Highly Active,4.0
2308,68.1462684994626,98.9268974257008,542.640599054401,8.01900774695547,Highly Active,7.0
4310,54.23900694375915,95.12685610667972,4881.786569913426,4.240226173554302,Active,9.0
2700,99.5337899846442,100.0,2518.094479393449,5.504381541938553,Active,9.0
4670,68.06203814811452,96.0270699141488,2073.8156541082467,5.821212289963091,Highly Active,3.0
3700,63.86120104165399,96.552761037019,45621.17970970974,6.8739612981893865,Active,3.0
3719,78.18436982218847,96.83916254557656,1543.311924303717,8.930382484108437,Sedentary,1.0
4629,70.95037401361529,98.55797796393492,1880.435136585095,8.046884947380496,Active,6.0
4443,46.10652072416255,98.5924688250776,2844.0259080700753,4.291607222865014,Sedentary,10.0
1494,88.37727267105709,99.20319383166604,4810.183884411103,5.171218221387806,Highly Active,10.0
2647,88.0018166338061,100.0,14233.839924383145,4.400753410300357,Sedentary,7.0
2519,59.529482981281696,97.41869265912588,1358.4407773201965,4.550097819184891,Active,10.0
2068,74.61808333853263,96.66862826172002,6699.150350110748,5.614848886780135,Active,9.0
2424,59.74177238814089,96.12366536804696,3217.864925694724,8.464605415318651,Active,6.0
4318,62.118512511253456,98.29444854596024,11158.905251951392,6.131499637514442,Active,3.0
4687,65.97141459979272,97.9919318589112,6447.005149244474,6.326230401510494,Highly Active,10.0
1449,105.16781524816258,99.44273439527652,13521.541810162904,5.090709976115329,Highly Active,8.0
1484,68.80120959069383,97.14048930558964,17023.29085633603,6.393806840915937,Sedentary,8.0
1645,87.58438306731546,100.0,38106.14612614313,6.87019742277271,Sedentary,1.0
3667,86.96444843308619,97.6768404338398,6752.197497017729,10.18868435924284,Sedentary,10.0
2629,54.22483895994266,98.55112936011864,1060.4720805162483,8.968971424929642,Sedentary,4.0
1661,105.6942248443362,100.0,777.2640820295823,6.543442114491237,Active,8.0
1757,67.40686923669145,98.84426611431331,4680.903263480388,7.292680699976638,Highly Active,9.0
4485,80.05194678417664,96.44973883169676,1996.9694020886411,3.8170791061429727,Active,1.0
1637,64.76929540779314,100.0,8430.795498509786,4.812783279675585,Active,6.0
3282,85.89992253178652,98.70109642345076,1664.7914961132687,8.365213412978823,Active,8.0
3463,60.93305063466858,100.0,5157.808136696024,5.907367829030088,Highly Active,3.0
3985,69.32854718722758,98.2122708088834,5414.7674189995405,7.667709381792493,Active,3.0
1498,56.93865726237786,100.0,17418.396924775665,8.456966296306824,Sedentary,2.0
4021,62.3921885955897,99.3938946167584,3602.3560582023965,4.575193264108995,Active,2.0
1633,67.09891213677135,97.39625900215566,1654.9050943388554,8.713849479273916,Active,6.0
2673,47.11255444213272,97.27170046551365,1337.2267127079308,4.756351393531904,Sedentary,1.0
3030,92.5733851570534,99.18310988774364,2428.6021838121796,6.1904372025715055,Active,5.0
1114,72.4136015724308,98.45436933889512,9709.588299315496,6.8555786036606845,Sedentary,9.0
3979,63.82684134393907,98.0477950105618,6305.027899385264,6.2572155026886165,Active,10.0
1673,91.15279798425335,96.26487201406611,8029.339944203835,7.695548913081481,Active,2.0
2736,56.51426994775965,97.85690008678866,6965.3566621812115,7.999517790999012,Highly Active,9.0
2257,63.26905078140503,96.99719893724084,4594.267627620976,8.87028207118586,Highly Active,2.0
3253,82.63633996586319,97.48280737631347,1657.352030177581,5.8277225176343705,Sedentary,6.0
4630,87.15729371443906,99.5293963053054,9584.305234280033,4.638772766660196,Active,6.0
3805,76.62151894687749,97.02446480210152,2956.0313503495627,8.184920362129798,Sedentary,10.0
4198,68.33979607114668,100.0,7155.735064853749,6.29930871249887,Sedentary,4.0
1146,78.8945424797754,94.25316363334068,2419.289868465186,6.791488325884152,Sedentary,10.0
3165,67.40267737782537,99.51713338102502,1318.2119139894694,4.22264319690083,Active,4.0
4453,69.5688398616163,100.0,36579.02129733359,7.794020871706585,Active,7.0
1411,73.21146873933708,100.0,1734.8437521189076,7.129246505250245,Active,6.0
4655,110.04171215775467,99.90766518390296,12085.094599961158,5.993990641966557,Highly Active,10.0
2532,56.72464266927747,99.92185325256986,3760.60866161091,6.344357104499569,Highly Active,10.0
1136,71.32495492262873,98.4673789016943,12659.97225491991,7.496746774072827,Highly Active,3.0
4246,63.776559888533725,96.56960646354264,8193.94516538875,6.89124476546176,Highly Active,1.0
4360,85.49944599485163,99.8424767931508,3232.8938302578736,5.925731227024164,Sedentary,7.0
4552,58.20821672110095,100.0,2933.488277489813,6.755808821353538,Active,2.0
3242,102.71503653177832,97.56696896725356,1110.6790581848186,7.533689297406083,Sedentary,4.0
3377,63.014554139416774,93.85556666085805,8458.643466000412,7.747922198177632,Active,5.0
2959,79.87897806264262,93.9095080201718,206.0370292315085,3.073256798242076,Highly Active,2.0
3222,42.07992480925839,97.19580916362972,13088.38505124398,6.949290235345769,Active,5.0
2001,69.47838502408948,99.45187919112946,2539.0634091725524,6.912360677429819,Highly Active,3.0
1448,79.64494589948373,100.0,3232.1040237138877,7.064148934570084,Active,8.0
2948,72.87962734326074,99.9217105342052,11330.457310745483,4.651558304238153,Active,3.0
1945,76.68880889860591,94.13581485043936,11780.733442736404,7.215287803912515,Active,2.0
2377,63.32927051194152,96.65945467024416,3575.884690646203,4.611268550508902,Active,3.0
1140,68.84014945892304,99.71839402461816,7958.773194402136,7.150769821929391,Highly Active,8.0
3805,56.558088229156105,97.3471929300138,8166.88589100618,6.0050693439206935,Sedentary,2.0
3977,88.84357813529098,98.09393294209104,13010.031545539476,5.079544630535045,Highly Active,5.0
1092,83.31714389725485,97.34691090105764,12891.37823790934,5.662077259129104,Highly Active,7.0
1238,67.23401686816686,97.69656864874646,13224.149776245691,8.246002883838349,Active,1.0
1204,101.59740149380778,95.22674285291912,2185.9100145141083,8.186931369976241,Active,4.0
3607,73.87893801215482,96.9612130987812,2078.5246158549216,4.853681835126461,Highly Active,10.0
2456,49.31479740099316,99.03325268750577,1054.312049970506,5.5713341549991675,Active,5.0
1244,83.91573556160839,97.7390747748774,12256.983163086396,5.666809428099799,Sedentary,10.0
1294,71.08463679399836,95.8269880412842,935.62678439433,8.800869580402978,Active,9.0
3687,70.6473669090314,99.83036726524756,905.0437659458918,9.204889341778854,Sedentary,3.0
1855,56.197131768449665,95.56531555477636,16786.68543594701,9.73914934181862,Sedentary,10.0
4353,67.05836334469356,97.05353922946011,2598.4987090745467,4.1303573700554335,Highly Active,3.0
3064,78.6746535246755,95.53743461826258,14925.382283283308,6.216554221621854,Sedentary,7.0
1070,66.18171024859635,98.70748464736428,3319.8422744664003,5.459228496062446,Highly Active,8.0
2292,49.95937586618497,99.3776268980704,3274.8056671507015,5.1532749602478045,Active,4.0
2348,84.77236723981486,99.1840407864537,1016.6577665392608,8.613151214771136,Sedentary,2.0
4865,85.38718852725539,97.8348680851886,17560.613050029348,7.131137302261618,Sedentary,7.0
1304,85.50009464808028,98.42117442037882,10039.19242357642,4.116290187245317,Highly Active,6.0
4522,61.11686477425145,99.8700882522939,1790.1134573407585,10.390253554741095,Sedentary,1.0
2337,78.59468362334489,97.6369046483088,766.3037225032368,5.96916349582443,Sedentary,7.0
1816,83.91889262427134,100.0,5193.581131996322,6.631723173402285,Sedentary,9.0
2126,84.25391266030238,97.80861291919372,2053.7146374096474,4.802820895018652,Sedentary,6.0
1820,53.80784730086718,98.15324509926796,13307.16640757442,7.325194462588644,Active,8.0
1192,100.83214838784286,100.0,5009.598938467516,5.573563985161441,Active,5.0
2776,56.87288257122568,97.25223089444768,17786.922515013237,7.734509901690551,Sedentary,7.0
4645,50.53254016381707,99.57667422453328,6159.114002707508,7.098434724552227,Active,6.0
4608,96.7326754677174,98.28523510575002,10726.408144619094,7.773100008292243,Highly Active,6.0
1250,65.51307888861811,94.99331650165831,107.6275628710256,7.106149273001424,Active,10.0
2788,48.480203436003315,100.0,5171.1656151533325,4.9609879165686905,Active,7.0
4458,88.11807014150257,97.58014461692636,10463.938762775122,5.49607155487299,Sedentary,4.0
3588,84.28485493880737,99.98069860136792,323.1848972527451,3.4623207566799232,Sedentary,10.0
3026,68.41384407705455,100.0,11054.079745692978,5.029409282951495,Sedentary,6.0
3463,79.78867669518779,99.83326863363826,1545.1869397713328,6.546183790953404,Active,10.0
3841,79.89967649079841,94.32676337870724,1345.8971652952832,9.006039319191483,Sedentary,2.0
2403,76.60130948574154,97.9576627135108,2393.1015882581887,6.223847407936849,Highly Active,9.0
2167,97.05265084476773,93.74252743345647,754.4082136354082,6.983029230317084,Highly Active,3.0
3072,100.7149025201564,97.4293564994378,383.3113641454748,5.064550504550647,Active,10.0
4893,101.88483377402224,96.28278080466002,14404.228615239866,5.677545762909977,Sedentary,4.0
3715,72.35898282288801,96.12506140959847,2524.6163404726467,5.112230876959654,Highly Active,5.0
2096,76.59120744234417,98.30759905041694,6112.484463445296,8.419537204277786,Active,1.0
3679,95.67421220619872,99.3100450727794,13653.689033588182,5.499032396155159,Active,4.0
2847,65.22429940660781,94.75404617605048,26547.166170754997,5.3853020720760405,Sedentary,8.0
4904,68.55366881321319,100.0,8164.275005723051,5.208034946226576,Sedentary,5.0
4164,75.31274400378584,98.91206463302714,20993.13698943265,7.073715310945441,Active,3.0
1504,74.71064163632016,97.86801829346682,3855.723415486821,7.372224575420501,Highly Active,7.0
2621,70.70394036974685,97.8253945229956,10909.357764750135,3.5033226757416767,Sedentary,1.0
3383,60.975300749644816,94.5524618657236,19419.63734436376,6.601740809751009,Highly Active,3.0
3472,87.81391701035425,96.67616459512494,382.3715439690192,6.952216484203316,Active,5.0
3546,69.18919687875368,95.87058226288217,2673.421398440767,8.607652557003059,Sedentary,9.0
2387,77.34533284975375,96.603535069818,9436.34301020276,4.664353701662747,Active,5.0
3994,74.89461870655822,99.22666461051313,2651.113776906247,4.818161272738845,Active,4.0
3677,85.13104157862352,96.39392325432291,120.25363813525604,7.462302773268602,Sedentary,8.0
4816,81.84368808348201,98.76533918501364,11516.371141343789,6.408347784643344,Active,4.0
2222,71.17071090513953,99.20085187980688,1259.94207219135,8.568118328863125,Highly Active,5.0
1717,68.77556114650643,98.44387972216654,2708.585947354592,8.15195098984175,Active,5.0
4484,73.33883312378123,100.0,16900.53040827254,6.918987733019716,Sedentary,3.0
1338,58.353008822145874,98.58245573702764,1639.9630913627,6.400569350878478,Active,9.0
1658,62.9359152490819,100.0,15760.566664585793,6.263854508692929,Active,1.0
1428,79.49053441545269,97.73346217905778,17518.520753891673,6.591218241890186,Active,8.0
4854,60.50947553133068,100.0,14660.580497034203,8.632058528648123,Highly Active,9.0
1898,73.20252295224802,100.0,3755.923328889852,3.4444454808714307,Highly Active,5.0
1138,51.55340664752267,95.9474452057701,17845.882831008217,5.8708165927971585,Sedentary,10.0
4764,77.02877175574302,100.0,7011.431386403221,6.807184767381543,Active,5.0
3989,69.95783457875854,96.69439423838942,4518.7057767773385,5.595766523539348,Active,1.0
1541,106.4257591059946,99.0465921345825,5295.453473422319,6.070856507045165,Highly Active,8.0
3104,83.8073065024915,100.0,457.74950639817695,5.838233761488134,Sedentary,6.0
2255,60.702677696641544,99.73448922161738,11536.923142154226,8.454949068693342,Sedentary,1.0
3482,84.56598667423637,96.32071424680922,2204.5927698105875,5.418712300071109,Active,5.0
1383,88.18988074530078,95.88405903538288,8796.654506581279,7.670780813504536,Highly Active,5.0
1193,92.3453868083944,99.8173386443389,5053.1782505300125,6.247522129014977,Highly Active,5.0
4719,96.34751295266872,94.49798119163567,4917.228080812172,5.89131431793949,Active,7.0
3581,76.1186422805419,99.53236407111,1758.7564874995608,6.447710187429808,Highly Active,9.0
3565,75.45099581467788,96.69011773211152,15135.857317525108,4.602643719660879,Sedentary,3.0
3763,56.81009627916625,95.77243217084538,6594.430943342063,6.349839367075584,Highly Active,10.0
3798,97.62554549864171,95.33953083602688,1863.347307544745,7.26987491875675,Sedentary,9.0
3232,76.98586467422246,98.15235882795712,672.0240085607902,3.512666291094124,Highly Active,10.0
2895,73.52074603755227,97.51325604861675,5367.0755531828445,5.521588409499368,Sedentary,7.0
3339,63.089930179734026,99.04515714362527,4419.354647132532,10.331004139093798,Highly Active,1.0
4406,93.38064487013044,98.22996138876412,18868.352140961622,6.193157511517466,Active,9.0
1731,89.79790304878688,99.34660850573977,1835.922228766904,8.208152191013447,Sedentary,8.0
3163,61.46646092470715,97.69558990216316,14936.115822375112,6.458610564808844,Highly Active,5.0
3872,82.65724139741533,96.40525302867962,10181.842159825135,6.005052641252586,Highly Active,1.0
4120,86.939763877723,99.95771507615213,4530.588843416075,7.900032462733867,Sedentary,7.0
1684,56.30585360816955,99.12654319632033,14487.690161729466,8.295638719789533,Sedentary,3.0
1081,84.61858466526067,97.99109152945186,13857.376986524949,5.1615060661527705,Active,5.0
3881,81.61489032207231,98.03849154937096,8772.672653095555,4.8534921754888165,Sedentary,1.0
3380,84.3476772964643,97.16023435862708,749.5975113569142,4.447531237071968,Active,5.0
3382,119.42489922890093,99.26465113377368,6268.566238712982,8.204372474543804,Active,1.0
1531,93.54345038420104,96.00711906142624,1971.1523350277016,6.546789094321707,Highly Active,2.0
2983,78.90739825286487,100.0,5607.735353073988,8.27599501659672,Sedentary,5.0
1220,84.57362399050628,97.6305456957909,5759.357886612698,4.949841924907732,Active,4.0
1634,81.51041240745909,97.19348617655352,6191.756322502394,4.995541024618658,Sedentary,3.0
2769,110.27624954789846,100.0,5905.212485518832,5.911353867593434,Highly Active,9.0
4804,77.06105743963798,99.34532463804558,3337.8852249746533,6.9452934490439056,Highly Active,1.0
3370,68.78607217934439,99.09651833122992,1652.2268998771435,6.290203230384623,Active,5.0
1002,106.31580722515945,100.0,4784.65899680695,7.121557563884414,Highly Active,8.0
2717,60.47032670441783,95.83945114376148,2252.9553671259055,7.231311643491462,Sedentary,3.0
1205,64.92155632137744,96.786369951411,367.7773247031993,7.527324539321333,Highly Active,3.0
3106,60.732445135903305,95.83187632358432,5369.352998443931,6.481470869854572,Active,3.0
3998,89.10562389680445,98.8038120870389,1004.1787749365232,7.764066642955315,Active,7.0
3621,78.29719137066849,97.1498325404886,6520.757937854575,10.285830525205604,Highly Active,9.0
1643,55.59215756900093,99.23262527238782,3845.140576825245,6.349802758549068,Highly Active,8.0
2530,85.28517415683703,97.6830170625103,7422.54882360714,3.203593408843646,Sedentary,2.0
4643,80.18181766781339,97.13395410287612,15325.118517514518,8.638021035273841,Sedentary,9.0
2907,89.27460093486923,96.05896703474984,2582.725640206695,4.673723851156166,Active,3.0
3890,65.93995534300548,99.00821612565106,2986.5430970984635,7.19092953516621,Sedentary,10.0
4193,56.59363869188199,97.54771066998016,7906.697630201344,7.306853849610162,Sedentary,3.0
4550,85.19821684631638,98.34296498905243,20852.885609912548,6.689231140208734,Active,4.0
3666,87.37646739336114,96.3995502491213,4660.396854173862,3.29962056854652,Sedentary,8.0
3143,58.43336096821754,98.87733553376648,1298.2921248814237,5.955280699725222,Sedentary,9.0
4930,78.57149889603704,97.97305467056736,19134.125041524763,4.145708279799802,Highly Active,3.0
4485,65.7560577646725,97.83752943561495,4441.206819653808,7.180599312214166,Sedentary,6.0
4306,89.56731569777867,98.99041007429528,4322.375803052042,5.172304623340354,Active,4.0
1897,84.93261664458842,93.854511813364,5432.7869581376835,3.313793994081095,Active,6.0
2085,93.28111843511256,95.89518002809726,2037.1880759910257,7.567431442454509,Sedentary,6.0
2279,62.381564412577504,97.62731419523,10749.84616340023,4.598960862165974,Sedentary,5.0
3952,69.4411302909835,98.70226067498204,21687.49738026319,5.394609353374351,Sedentary,3.0
3395,67.04923958335593,96.68307556998889,1596.1088223105378,7.801858805505226,Active,5.0
1670,80.52677999948267,98.6198839961924,6757.1623877125985,7.739297402113981,Highly Active,5.0
2505,97.8180542497726,96.47437742183465,15760.17319923735,6.3388482346303725,Highly Active,5.0
3364,101.15741766311588,99.1506205432536,215.86237222253783,5.838842796501156,Sedentary,3.0
4575,91.64164093364644,99.51117893881954,10013.210898993208,4.69256483122249,Highly Active,6.0
1718,82.50125562880784,99.337802840913,6829.679486774131,5.617764022703294,Sedentary,4.0
4480,77.83362855472079,98.69410339580604,14574.114341812392,9.431902514386408,Sedentary,5.0
2955,63.655628485953535,98.68950706692044,6237.740703580035,7.356384651226421,Sedentary,4.0
4272,80.03018785885166,100.0,7263.424408187781,6.338275806747387,Active,2.0
1249,62.61977840892244,100.0,504.26781231389776,7.28940084544976,Sedentary,2.0
3361,99.3211252549592,95.18383131794008,838.030863157061,3.278221298512147,Active,4.0
2892,73.73660355561282,97.0283539220588,2892.686957864926,5.417168417266906,Active,7.0
4500,71.92036590464322,94.81824233513052,187.637551727826,7.582398879983956,Active,9.0
3854,62.3956595689852,100.0,1588.39010823201,4.537444170356025,Highly Active,9.0
2503,98.5698657068007,95.66372757205124,5739.2255535506465,6.39350542583518,Highly Active,4.0
4385,75.14931523564793,96.43186765649376,1572.1348413337498,5.848322201149431,Active,6.0
4571,90.44675132967129,97.79962143267008,1354.8211463255689,7.910922009835809,Active,1.0
4792,81.17179237801523,95.31358757695328,2847.2702036719215,7.554957447332124,Active,10.0
4426,82.14940055615172,99.69808678688466,17813.373012856828,8.823523634923683,Sedentary,10.0
3532,74.79458445139223,99.0625178714804,1901.237152029897,8.165683887944587,Highly Active,6.0
2234,68.52006255419482,100.0,348.17779016195806,6.088843701070681,Active,8.0
4775,94.4994992460608,94.80908567972342,14974.003414902128,7.0229655358631735,Active,4.0
4612,72.28710976822398,97.9499252027736,6792.573861921243,5.89945954024335,Highly Active,9.0
1582,97.65193988819088,100.0,9864.063645773263,6.493431434164599,Active,1.0
4163,80.4907157978499,96.01979888923414,11144.797877180814,6.524905059981398,Active,2.0
2288,98.27117654880897,98.88353103747122,4578.743833704661,5.188846632217316,Active,6.0
3942,67.84227183480162,97.30719145418092,8138.517548269823,8.462655533656786,Highly Active,1.0
3972,75.61868528389064,99.7493567963335,6634.965722119421,8.958066407097894,Highly Active,4.0
4513,98.33062630933354,100.0,624.6693628758901,6.876341923274605,Highly Active,6.0
4471,80.76355821713463,94.73958329106677,1788.6451536201166,5.334534788237213,Active,2.0
3774,91.51453593724398,95.56010808527812,3132.3020058284083,6.6064227357596215,Active,10.0
1990,82.01166644936269,100.0,1058.6314681276567,8.120157561416786,Highly Active,10.0
4647,93.2829817587784,100.0,960.9104311078312,8.037586638985951,Sedentary,1.0
1857,59.21264068542836,97.39534862345612,1469.6517436466836,6.3408401064518864,Active,5.0
1803,69.32006188125997,99.79299394928216,1316.8936708015044,7.694147603083317,Highly Active,5.0
4556,93.95150451329476,97.16583440503278,8304.905529480939,6.34547759946829,Active,10.0
2780,89.96561354927304,96.31631179028756,7226.566856659134,9.82544519549458,Highly Active,7.0
2493,77.22514590834435,95.1638429147116,9029.14322521252,8.291109602563582,Highly Active,2.0
4645,93.19168980306816,96.61312101865484,9083.162395936395,7.247446620856639,Sedentary,1.0
3985,96.49043300433078,97.6699850575029,21.03651829875416,6.603428566196632,Sedentary,10.0
3891,67.84989480073196,96.81431739018096,8076.059520377822,6.388677765387451,Sedentary,7.0
2705,69.10201132528631,98.98371216764806,8076.78724103887,6.456865407338373,Highly Active,9.0
4516,86.23791570140541,98.19941572205748,448.8713194125856,5.339407664586396,Sedentary,10.0
4340,100.4549619794206,96.98729397077057,3899.567923694214,7.478103074471822,Active,1.0
3314,64.5774537567203,100.0,573.3855345299893,8.066599647658911,Active,7.0
1053,47.368172767864095,99.50297060500884,1482.2237880530508,6.1217957426340135,Sedentary,4.0
3575,84.74395874248802,98.72582608536796,4709.993307797042,7.201099625040296,Active,8.0
4591,95.46502781616256,95.53757334898584,84.59354573836343,5.408524802774218,Active,8.0
1615,76.94221168365516,98.66334867778386,698.7420001234647,6.399892148311867,Highly Active,9.0
4308,63.6634769626975,100.0,6628.639350090103,7.406655973223757,Highly Active,3.0
1954,76.30648419317573,100.0,1377.1874718429656,5.581064459708172,Active,8.0
3433,76.65016899134837,100.0,13894.166117042148,7.214249675413672,Highly Active,9.0
3781,91.85000679166224,97.21790473698135,8221.663492682706,6.97568606367231,Highly Active,1.0
3763,79.01709392210773,95.35435943061356,470.13198581599255,9.816518214871213,Sedentary,8.0
1649,59.47772765111488,96.37819560935112,15553.731782105244,5.942918056980959,Active,10.0
3347,84.20597770463559,95.22939129883342,3797.2285643404857,4.4993738640140215,Active,2.0
1394,68.69460561805887,95.86453328697031,1398.6771391321893,7.844999187719726,Active,2.0
4278,76.52365451612684,99.29272896114064,10560.142192111363,6.92904794335449,Active,3.0
2359,88.30973564944713,97.12842510588264,2979.960174487822,7.187561289381065,Highly Active,1.0
3640,89.98663118056523,95.69092035423324,4937.568234178634,8.40781430917406,Highly Active,3.0
4801,88.74847834161729,100.0,9511.860894263407,5.433897283524399,Active,6.0
3561,75.74546389504015,98.72363104076518,746.2427660884072,5.478195549100006,Highly Active,6.0
4249,60.378008259099055,95.81789798258951,1300.5445043624609,7.316863176346889,Sedentary,4.0
3443,70.22080243291786,97.49845038278588,24217.681467713148,8.05941898643697,Highly Active,3.0
1370,75.34791172840217,98.38188839693464,8751.207254685478,6.855912515484366,Sedentary,6.0
1857,98.1927354393025,97.3964989777418,1839.7941871678008,6.392852499338201,Active,7.0
1790,67.10890990049514,96.94651394072044,5969.700972100554,6.984189433117335,Active,9.0
1657,78.02634403890738,96.78795327864091,1457.6783636254731,7.60032173595824,Sedentary,2.0
3783,80.10798720317958,99.27656114809714,4167.256137731891,5.014814981167532,Highly Active,4.0
2392,74.31861127820183,95.97560554284362,11510.773123352466,6.366814197384325,Active,8.0
2229,73.06161255435217,94.52660472915252,25007.876086178137,7.535126588091758,Highly Active,10.0
3109,87.69942642295213,96.24503809889367,27697.278777585347,9.75729806293959,Active,2.0
4877,64.71383889420589,100.0,1036.3845205153978,6.329946814419157,Active,4.0
3552,96.01318885874412,97.4213915850331,20278.303241378835,6.8678751295752,Highly Active,2.0
1238,63.60581840928576,97.30927904364904,2205.7501782983504,5.502457977822451,Sedentary,5.0
1194,95.49080398407114,98.97533456870566,3119.8797893287783,7.485697023764159,Active,9.0
3725,51.05756068429855,95.48615363260184,455.4483554107495,4.853080840190998,Highly Active,6.0
3108,84.15445167506685,97.24358288609046,7232.077642469461,5.074901605319125,Sedentary,6.0
2152,69.60376246097339,96.97447069282806,10505.307834223806,3.331457889060024,Highly Active,3.0
3732,69.54608497610431,100.0,3912.3532021324336,7.702862007361061,Sedentary,6.0
3015,81.71638868515936,98.3120906869554,3663.05318401518,7.713275971918804,Highly Active,2.0
1155,78.75542652505428,98.97807154553584,7134.370265078605,7.863387584590869,Highly Active,9.0
4988,108.25397034885454,97.3112336262026,7705.920610643866,8.637597122403154,Sedentary,8.0
4449,54.32127674530096,99.7466194286257,4124.567454173321,6.743582721316997,Sedentary,8.0
4693,78.01389779880995,100.0,17621.57374956072,7.802279792168667,Active,1.0
1922,76.86843184654421,95.79083931101653,9885.64122812474,6.241668770819977,Sedentary,3.0
3950,69.77223801060273,94.8232964560496,4786.945333797286,6.802896761767573,Active,7.0
4861,67.15415641617766,97.04497840623898,13349.858780609888,5.705006914599588,Highly Active,5.0
2609,85.71567160930628,98.38145132010784,2799.2258326889355,6.300326178724779,Sedentary,9.0
4508,74.67412505933645,100.0,4193.561792445816,6.953094897927526,Sedentary,10.0
1974,77.7862705178653,98.86756382508044,8492.334677726507,8.045081567477782,Highly Active,10.0
2230,64.13217478268172,99.00195431991663,8978.106600854135,5.61383258314303,Highly Active,10.0
3435,84.13916783947137,98.70754579924632,2115.4352541805447,7.07278993653407,Sedentary,2.0
2814,82.40008929466354,98.94864975182011,931.6097182776514,6.235931572621005,Highly Active,4.0
1837,73.00471419102577,96.66088594996486,18516.356043133514,4.979313530321518,Highly Active,4.0
3007,58.577182397328,100.0,220.38643057805453,5.880763261054242,Sedentary,4.0
4940,59.51473874149122,94.8718493518527,1980.606657882612,5.126156227689328,Active,7.0
3387,73.32012128047825,93.84605455231906,1496.310664519556,5.504086861665988,Active,4.0
1203,86.83345590696409,96.92344229772468,1863.8781191547512,8.36551888673183,Active,3.0
1160,74.76829361463868,98.55596239257262,16308.76840508296,8.626815317090934,Sedentary,10.0
4611,93.81053173972713,98.67155006985786,3879.979612241571,7.748087595313479,Active,3.0
1768,86.5995880968627,100.0,18374.732525114257,8.546982638074212,Active,9.0
4748,85.75067402303836,98.55046839306348,2716.306194607608,6.367311255265278,Highly Active,3.0
3622,96.10670938010968,98.2237680850546,8997.964992270565,9.483731016701135,Sedentary,9.0
1902,55.42329019952963,99.63978364320089,5392.806644461031,8.839287291166306,Sedentary,4.0
2093,67.15513089567045,99.37016871941088,7957.814288437378,6.391319525754966,Highly Active,1.0
3940,75.41847472037433,100.0,1412.0398877025548,6.8768413222824645,Sedentary,5.0
1404,87.01022033493203,96.57428723626238,7943.900594414115,5.507244271389858,Highly Active,4.0
1607,77.52550899731118,99.23175605964866,16537.942493894257,6.356407493299369,Sedentary,2.0
4746,74.90378547333701,100.0,744.5666108862182,4.168416754250297,Highly Active,9.0
2614,90.4557332071796,98.18597648627136,2767.1888028133976,5.620257337636488,Active,5.0
2540,69.93414602859487,97.48750002566956,25181.624618469246,7.690811052133645,Active,9.0
3875,69.23632086243934,98.35230977879102,1786.020265135471,4.963570505597217,Active,7.0
4191,82.81220418368808,99.26618073747947,429.8281594579922,6.030204427204907,Highly Active,4.0
2837,110.91029722467428,99.90314917530236,396.4290501988234,7.337808668127355,Sedentary,6.0
1689,74.70436067403129,94.01041980611951,2253.975506776085,6.065647803129233,Active,9.0
4759,65.30779759670773,97.9754138343189,4780.6212638368015,8.227242015051804,Highly Active,3.0
2774,69.5113354535101,97.78634584361004,2308.312157906361,5.57309063754537,Highly Active,7.0
3103,94.89069262165552,98.2018828141691,12462.64752471068,5.844586749143463,Highly Active,1.0
1365,69.50923940852579,97.71134116566812,10195.221473038704,6.567399779928363,Active,5.0
2722,79.5687219317968,96.834563669285,2606.035349334243,5.502433014600443,Active,7.0
4575,73.62066800493763,97.19887398625931,2960.6387484258817,8.950542721932434,Active,5.0
4815,55.302816564469275,96.28768763565586,24470.021600706732,5.881409853167306,Active,6.0
4838,70.08436755130346,97.11636891646084,20991.95669986122,7.8662878607809645,Active,7.0
4996,40.0,100.0,25309.19211548219,4.254098152459774,Active,5.0
1454,77.62651132547684,99.40876159534156,19601.142598146096,5.34067329630062,Active,9.0
1103,82.34317593219838,97.3566692949604,6923.669118919616,4.871962897013333,Active,10.0
1229,66.86857749426788,98.25931481482036,24429.313636980965,5.725463397538335,Active,2.0
2937,54.89220771977664,96.76177834996516,9505.806196790898,7.051228839245967,Sedentary,4.0
4329,41.75502392082963,100.0,8695.264612973688,8.800162690370334,Highly Active,3.0
4335,52.407354705710475,98.85017770942908,11183.2316206859,6.1966887592892075,Active,2.0
2205,70.28593356747336,95.11363942603514,6127.046241679813,7.0089136705220785,Highly Active,5.0
1892,78.14055170859757,95.99566914488015,3138.5907402808075,5.4073201315295965,Highly Active,8.0
4839,105.61420590173236,97.48844563266054,1143.7095360519584,6.464273122849499,Active,2.0
2573,89.98184207949917,94.842366517573,4040.331579721952,9.631491206858293,Highly Active,8.0
3735,83.08553618188496,98.54676825650968,5099.6046051754765,7.0822400350773425,Active,8.0
3074,67.72901432710536,97.4867148870949,14715.2547583276,9.631097794383845,Active,7.0
4347,98.39087710632673,96.68492558059606,3594.476700743773,6.536000280121306,Highly Active,1.0
2675,93.52880606692362,98.27600877722811,15020.195356389477,5.569594622138709,Active,2.0
1298,88.39693711917579,100.0,2674.1317905457163,8.065265940638625,Active,10.0
3846,61.13197754407149,100.0,277.9957019958842,5.755223281142586,Sedentary,4.0
2114,97.75974198600336,97.22680619377672,5215.984944815376,7.046732040758274,Highly Active,1.0
3527,88.05772738960452,96.81272302196552,2716.040115588577,6.404639174585002,Active,2.0
3505,70.8484134873291,100.0,579.0506376714925,4.515512633313341,Sedentary,10.0
3929,56.67636949432728,97.94499918982004,8004.281399926512,6.192069563693488,Highly Active,6.0
3906,77.55724753794362,93.02827865442616,20838.795361073484,7.77547280382428,Active,7.0
2698,80.9663608946466,95.15909196207828,8723.868279866994,5.1255680914815995,Highly Active,10.0
1350,88.95447532614368,100.0,4094.960762008338,4.816291042758952,Sedentary,4.0
4726,85.82918664652532,100.0,6908.828844753385,5.189461973547801,Sedentary,4.0
4471,61.87528416977382,100.0,477.96071219161024,5.063535226537629,Active,8.0
3828,81.19199816242084,99.16935090071662,7679.438830179526,3.461589105010967,Highly Active,9.0
2011,59.90951755449957,99.62938623236784,4497.27686368629,4.174223872814821,Highly Active,4.0
4770,84.63137042984762,96.00416989888149,9000.775766809307,11.90838602549567,Highly Active,4.0
3964,99.1453136502648,100.0,4182.401650988542,9.529987486031496,Sedentary,2.0
1498,51.74921421233131,98.34619377863062,1869.1861092972777,6.8732344488171755,Highly Active,4.0
1949,88.46423275295433,99.33168353163244,2479.5843353000946,5.336284658832202,Active,9.0
2994,80.64499923257823,95.0677808654783,9385.265211627657,5.853137033975933,Highly Active,5.0
4997,59.23636903418792,95.64459064880292,515.4930329852074,6.710713052769546,Highly Active,7.0
3046,48.487623970760865,97.09122652141856,12864.278535097932,9.600604859745015,Sedentary,3.0
1507,89.1136632581902,100.0,6109.326137561066,5.012574864168825,Active,2.0
2327,60.24703949217826,95.42124444411648,9087.237952260411,6.5044309337459785,Active,5.0
3548,55.287636737368686,97.0347790346678,2947.830536347558,6.646039626064291,Sedentary,6.0
3850,81.80296549908813,97.38137641524342,1763.880595817588,6.367651567311992,Highly Active,3.0
3645,74.85505383607872,100.0,11428.075533123923,3.4868736758140706,Active,10.0
1165,83.61948428058373,98.6195873334508,754.7221306973706,6.086357545550151,Active,9.0
4486,81.45872747237136,94.89332999753572,1269.427955938471,4.471444450320815,Highly Active,2.0
3509,125.18212037397043,97.20849844610171,2347.5358389431453,9.931956745915658,Active,1.0
1919,85.85253253565651,97.02230740291694,3028.660646735249,7.356472320056801,Highly Active,1.0
1113,84.89362350503671,94.97526811528512,1594.0633148842714,8.174672691400323,Highly Active,6.0
4504,61.76609101344091,98.0182532010708,17063.188065815717,5.172615228686577,Sedentary,9.0
1991,98.43538251124394,98.53701198738348,192.88652289944335,5.826214702031551,Highly Active,4.0
4427,67.42015826372223,100.0,11388.447360513215,9.5630420410979,Active,3.0
2951,61.34410930632762,99.00581695162742,3706.133744291027,8.036106666988712,Highly Active,7.0
4766,71.82762631867801,95.63962678600689,12660.062378782815,7.132341148924267,Active,1.0
3254,81.60160411677369,97.66359473103068,11126.250123165491,8.515497784282447,Active,3.0
4839,68.07260140635415,100.0,903.0903696995716,9.44177261273261,Active,9.0
4513,61.533413181650864,98.93596987517388,3328.7320454582073,8.07427357695967,Active,2.0
4426,78.08571977453535,96.32939946633728,12043.08337897543,8.218722817601453,Sedentary,3.0
1514,83.40488705394834,96.77046450396924,13327.5367786504,6.005803991343727,Sedentary,5.0
2231,84.63544772056758,96.33345540310664,1466.809749268475,6.79351504236946,Sedentary,10.0
1708,51.66550719254518,98.0647316355397,4559.314342011211,7.520998752629798,Sedentary,9.0
3185,68.63680560696717,100.0,2030.322159583099,6.288247150623006,Active,8.0
3584,114.39465353671672,93.99754589165498,13672.945003152994,7.51488545006301,Active,10.0
3240,41.1809427537418,97.11247657249488,232.727641036905,6.6621066535567515,Highly Active,9.0
2564,85.61886525234974,96.92699503985546,1766.876949615621,9.801588933531336,Active,2.0
1382,60.273869500998,97.56879748925458,3241.674800999411,7.035018812848692,Sedentary,9.0
1018,72.97694688764349,96.6746139938477,8110.820043943296,5.2926156741332395,Sedentary,4.0
3730,56.996260032448546,100.0,5318.906827387872,7.531882798743347,Active,9.0
4521,83.66689876543126,95.32066471308484,5445.288282265601,6.628341686136321,Active,8.0
3121,64.93369202395422,95.3339712140889,9198.797289902646,8.174067038026223,Highly Active,4.0
1572,68.53949140040534,94.91750416732262,11705.17742601634,5.604915133875701,Active,6.0
3986,88.45095844013807,99.54847226673748,1219.4279323088435,5.277544167522279,Active,4.0
4736,83.34157782306599,94.9362320247412,800.2634691845179,5.690031730074293,Sedentary,9.0
4119,101.36257322657664,97.7308012877399,12303.669401515466,5.843506612730932,Active,9.0
3902,106.75017946910792,98.79621390433564,1078.7982202579494,5.409814264126794,Highly Active,2.0
3393,77.90505857821367,100.0,1251.691320202617,4.46465947713332,Sedentary,10.0
1650,94.7645591494228,95.55591937633606,15997.966146019966,5.70795499222617,Highly Active,5.0
2645,74.56798770450177,96.56751412641268,3200.6482804627694,6.830452582139193,Active,3.0
1993,87.60524922527735,94.84495691397956,2063.2220202215444,5.3809627911387725,Active,9.0
3742,68.59636969324431,98.38580451196148,8283.252061113035,6.607517324819306,Highly Active,5.0
4780,92.26533567301612,95.79439228173048,4088.919442420876,6.502590288860833,Highly Active,7.0
4262,71.79539629760644,97.07262871863576,10962.375078295729,6.365953879721944,Highly Active,6.0
1900,60.83719971169976,99.61067593109668,8230.507869586356,6.764963912985324,Sedentary,9.0
4634,88.95072862942716,94.03306840125543,5986.662623814474,5.313653932203149,Sedentary,4.0
2684,87.609020370253,100.0,15739.781758124092,7.631924157566239,Sedentary,7.0
3827,56.51058454347259,100.0,2751.83122297294,6.409983522312774,Highly Active,3.0
2923,80.96341955057676,98.5888075976986,8062.703782359611,8.020136445521716,Active,2.0
2781,71.51572242347315,100.0,12776.799381040297,8.512194808230166,Highly Active,6.0
2136,92.98059635678172,98.46649416184962,6547.253501352274,4.7912044536964915,Sedentary,6.0
4539,94.60446320448212,99.87925488618204,355.0318187188259,6.402827557795524,Sedentary,5.0
4749,57.3561487808183,99.15066945067947,12814.889983623454,6.413218733563666,Active,4.0
2944,71.67112274701991,95.89033706405012,16850.53049967085,4.98507642263085,Sedentary,4.0
2037,73.68866529195157,96.20446444252303,4180.447409877012,7.620054440415366,Sedentary,8.0
1287,63.94902169134592,100.0,7292.094314500633,7.3075966922984525,Highly Active,4.0
4978,67.69723824470157,95.71830343758744,908.373104128006,8.976992304133507,Active,5.0
3236,67.01503818479118,97.36705159210403,291.93201036073214,6.02803264303482,Active,6.0
3961,67.96383997068685,100.0,2398.477709915021,8.122740185345721,Sedentary,10.0
4226,96.51304385629491,97.02970009957166,7974.135959577109,6.622914944802474,Sedentary,3.0
2590,81.5004103636425,100.0,11781.712937549057,4.411743290845875,Active,2.0
2745,86.47495790891878,100.0,20450.763165467597,6.222018914953748,Sedentary,9.0
3935,73.56989936660048,100.0,5621.928541773403,7.844685109902267,Sedentary,9.0
3518,63.08847021824411,98.33693777817794,18156.02050528053,5.954988895268177,Highly Active,10.0
2098,50.914503292945085,97.828974687015,1135.8984056683505,7.2483607738848,Sedentary,9.0
3324,89.8323715758373,96.1788065028387,4287.109789087539,4.916466980408799,Highly Active,8.0
1939,41.61452289195045,94.52705442647404,3944.77696681204,7.144196296827528,Sedentary,5.0
4716,52.37051283725771,97.96197741347112,3713.539610265773,6.535655382069529,Sedentary,1.0
4414,82.56912439384566,98.87042135025398,18694.08850462048,6.308736623816784,Sedentary,7.0
2448,74.740998805666,99.6034470713596,13252.44525923163,6.546629030338899,Sedentary,4.0
1570,96.88764521514123,100.0,11068.59136753194,6.061431429214544,Active,1.0
4582,65.3376342266865,95.26791056332826,2359.321116902882,6.712385980196731,Active,5.0
3904,86.54138458749516,97.7182976731485,2898.4543567178803,6.204476882482422,Sedentary,6.0
2000,72.35334552413758,98.93885050193586,2101.143771124138,5.039988843434644,Sedentary,6.0
2205,83.23824645524948,95.99008949811096,11041.619831642403,4.555667430739154,Highly Active,8.0
3505,77.5491281237639,99.13569609672558,3492.584823163033,5.758533009485436,Highly Active,5.0
1917,82.56040870742412,98.60049408354048,26939.071188933613,6.02431746905429,Highly Active,8.0
1832,79.4024946107536,94.9729444275566,1302.5009589540823,6.528974193966665,Active,10.0
4135,58.67176267542901,97.86790209291745,18600.260467657343,9.804490695316051,Highly Active,7.0
3886,76.13495034768506,98.86452409079244,10685.668505080352,7.534941022114586,Sedentary,10.0
4331,84.0397613885288,94.39357909505084,6126.665567190033,6.242859928165111,Highly Active,1.0
3240,74.22521402235165,97.31069606306944,13685.152180849896,5.277044223771137,Sedentary,6.0
2678,73.47423867246937,97.33691855744226,20892.95759867316,3.952975263613224,Sedentary,3.0
1615,46.75581217958943,99.8304379903389,13831.691091603185,7.832889671883962,Highly Active,2.0
1405,98.01137432900951,95.76030071989254,16441.80609171171,7.138121274982784,Sedentary,4.0
3990,63.17483810639518,98.337634168527,11103.206674026464,7.759369237471128,Highly Active,10.0
3768,79.451277025529,99.77924035306192,5226.128911958814,5.493015917892961,Sedentary,9.0
1092,80.12942270087854,100.0,7187.419186249405,6.062128434311994,Sedentary,6.0
3477,84.89011447436684,99.90641980471663,17933.541373449105,6.874756603714426,Highly Active,6.0
1653,85.55707682045676,97.10200646654012,2450.320257056751,7.329256802433584,Active,2.0
4505,100.8519582316616,99.18158917424527,5426.668154029911,4.857930331638743,Highly Active,10.0
4475,70.41868720524675,100.0,5803.391402207935,7.350405982312452,Sedentary,2.0
1433,62.53118366602365,96.45716393902214,3118.948540633587,6.588803872487923,Sedentary,4.0
2135,71.47769558313625,99.22779112604344,3215.0851047708875,8.166268575931033,Highly Active,9.0
1374,58.42148705021306,98.46801364905625,10258.54356232206,7.644007618497226,Sedentary,10.0
4130,69.82127600218037,99.1708275364392,18566.458559758623,6.5867678680990025,Sedentary,4.0
2066,51.73403939972471,95.23624980835892,7030.77924465362,7.875203584788919,Sedentary,8.0
1206,62.46418265955768,97.71017517291158,4685.247914658964,4.235779085830266,Active,1.0
2319,93.12773290871004,98.57569719520224,42864.393463788634,5.0408206035048755,Highly Active,3.0
2141,76.66639789592566,99.4712944804492,601.9683205407199,5.66688521071244,Highly Active,6.0
1531,103.2047566026626,94.40555040465075,7380.482667773694,5.64860560685017,Active,3.0
4293,91.658434129969,98.74669511553806,5685.219268261112,4.605836424428171,Highly Active,9.0
3213,93.13803822114572,100.0,6595.686938080708,7.929170622380286,Active,4.0
3690,72.90479584157185,100.0,161.58875651757748,7.626349810431397,Highly Active,10.0
4227,82.35047364493865,100.0,21813.264986179216,5.589560417062438,Sedentary,9.0
4255,61.55384891890115,99.68920136610186,624.872382844519,3.027217912756938,Sedentary,4.0
1089,67.01447465660071,100.0,2571.8631531871915,5.74230774463468,Active,5.0
2117,75.21015311954824,97.25447225028276,2479.722450389307,6.427073992499292,Sedentary,4.0
1012,48.91259708083405,97.91495479899235,9246.522639152548,8.535409443953721,Active,9.0
2857,86.89426055769516,97.00263824599128,445.98777264523056,7.967530181478158,Highly Active,7.0
2493,67.64720571655153,99.7916161608945,1135.235178813317,5.742774911939236,Highly Active,4.0
1944,63.95626926290641,99.08856140118016,2687.1389148060475,7.353072085475267,Sedentary,7.0
3789,69.23322363305675,92.8743840258788,8524.230011004165,7.711415746466451,Active,6.0
2857,86.2206120790481,98.20224071817732,18538.752597534483,7.367715281042062,Highly Active,9.0
4509,71.620693885021,97.48610487624047,5219.548028010864,5.954662816302562,Highly Active,7.0
4609,75.26444522608705,100.0,3263.313872015455,7.380781066924096,Highly Active,4.0
2610,87.85543105228844,95.87812690762168,6028.594165115631,4.1299916840927935,Active,4.0
3923,94.6108323075634,96.1584922553562,6921.550849216963,7.6844889781686385,Active,2.0
4882,73.76329942099431,97.64884572273289,3448.864731743185,4.472253771870092,Sedentary,2.0
4221,93.67256473969864,100.0,14829.195736622602,5.7009534763242815,Sedentary,4.0
3707,82.84311029782046,98.35488623362735,11333.505561002155,5.472405723885776,Highly Active,1.0
4079,53.95626716257553,98.2039414761868,45088.68076951811,6.772733308803342,Active,3.0
2052,61.60238098674727,96.25226240622092,3725.4517164305694,6.9008099435006836,Active,4.0
1295,62.06845224224308,100.0,276.597914415005,6.605470940069281,Highly Active,3.0
4033,68.76473504569333,99.59910366578502,7376.220591251548,5.025482014296133,Active,4.0
1925,80.54751661961984,97.19110553252948,10708.78857392616,8.313362689060531,Active,1.0
4792,103.27835890197252,98.01775485617443,19328.417391751937,6.596857818870361,Active,2.0
2631,73.75540641522579,99.24959288605346,72.92632958776124,7.89586191988611,Highly Active,10.0
3387,84.89275392065697,96.34301697585956,14817.504419181792,3.0596705650718627,Highly Active,6.0
1627,92.0072008514562,94.66709628696265,5090.375366413731,7.302682730070213,Active,3.0
2167,92.02235858990625,96.4787182454544,1756.633889010964,7.638686925682525,Highly Active,9.0
1941,63.795812386108466,99.7700144774738,11778.72326327215,9.179282681457732,Sedentary,7.0
2608,53.239641703472245,97.44237083673764,3165.0399936622007,4.747713996980439,Sedentary,3.0
2770,65.57065775155567,95.37406701182792,6494.239238123407,7.787380617587205,Active,1.0
3566,77.52726857497886,98.37873076776482,5017.30004558895,5.601748905950161,Active,2.0
1975,63.85454060982357,95.50513695536392,2137.6412723777366,3.692852615649599,Highly Active,8.0
4116,50.623346059630514,98.91233379420964,10851.003101985563,7.890605673343228,Active,6.0
1954,56.769528329527176,93.7878808956885,2478.486586969464,9.229123848057746,Highly Active,9.0
1951,71.71055510219334,98.80553312650017,3687.987120437968,6.950901445607634,Sedentary,10.0
1943,102.0019956060418,95.5985493992233,213.82980256895465,4.333426028077122,Active,6.0
2204,86.88934339949182,94.90806656817308,16067.480300267282,6.336164812820135,Active,1.0
4286,72.85218659960918,98.61232375710247,893.1415238463401,8.144375878897414,Sedentary,7.0
3135,75.10969168713547,94.82695986305636,6160.300411876309,6.46331001190319,Sedentary,7.0
4327,86.67599806770653,95.84521292686505,521.2362719783613,3.386415341631616,Active,2.0
2534,68.96338750734854,98.65565051224802,12399.068840344156,7.445728222357789,Active,5.0
3978,62.92196848756133,98.30088167416982,4782.27355150959,7.855864356160023,Active,6.0
1178,62.84100645719634,99.48023897769072,2632.000700754627,6.87261829203703,Sedentary,3.0
2828,46.5599116683817,94.94929709826296,5149.155628162235,6.52210730681321,Sedentary,8.0
2257,79.57817704619066,99.28057784111095,4172.46992713101,6.925410613639808,Sedentary,10.0
1464,93.99447395510182,94.50457239246124,1809.650639704821,5.117758722031722,Sedentary,1.0
2774,67.37932119281442,95.57175557117604,6700.113758599839,7.031305545036796,Active,3.0
4294,65.18051930837626,97.75441997218508,6525.475024547474,6.222319875042378,Active,10.0
3678,104.50987682473476,98.5957902218213,2134.599124265153,7.234904378240028,Active,1.0
3872,97.07968499643243,98.57075978632656,1662.562067672579,4.726417964831462,Sedentary,6.0
4335,81.41363920380451,95.3304104687316,4040.8267615078735,8.598754290759093,Highly Active,7.0
2230,63.787159465672254,98.0449399965872,4195.253460794086,6.87252111037733,Sedentary,10.0
1884,59.8722937304363,98.7240234503114,2261.314338305094,6.507128203977675,Sedentary,8.0
4805,55.15567586579285,98.30535438408532,1223.4086928368529,7.404854838483531,Highly Active,8.0
3413,81.78267947430469,99.7414601503266,16220.005931115922,3.132230292220374,Highly Active,2.0
3323,67.82590036651989,97.53089245792548,540.7228562094386,6.338678717073288,Highly Active,3.0
3427,44.6510153551724,97.06699557781344,14769.812658099678,5.3106969683134135,Sedentary,1.0
4814,83.80145073145471,100.0,5253.716548623075,5.960090463520718,Active,1.0
2654,84.8944438097065,100.0,17970.386502343204,4.100534340642284,Sedentary,7.0
4339,67.51791816304309,97.56047997852556,3183.1750117873253,7.609581833128755,Highly Active,5.0
4856,77.19528370064364,96.7694087573538,7796.725656580742,8.420694075544024,Highly Active,9.0
4135,65.14656155254549,99.62072109095112,31165.316587370737,3.389512247435973,Highly Active,6.0
3857,61.48120949746921,99.55714408451924,329.99567756577227,7.384248767368995,Sedentary,5.0
4421,45.79860246810206,100.0,4254.3892295452,6.879064487448875,Active,4.0
1924,103.15503365093164,98.32925294748576,31931.45150848451,6.420255939430974,Highly Active,5.0
2938,58.54207452542955,98.56189750428152,2781.1812975154603,8.6661419857878,Highly Active,4.0
1493,47.67611081464696,99.77698210853596,23600.924332257695,3.3379427699684694,Sedentary,6.0
2546,100.41962640348017,94.00973054904613,11877.143129063565,6.687726673590684,Highly Active,6.0
4169,75.46593512649144,97.75396525986892,2901.4342148560168,8.033629396970138,Sedentary,3.0
2969,73.13936211738935,98.36989125060458,206.76483852735635,4.061882566842704,Active,9.0
3411,81.53532698294252,97.72148064726656,924.4946327375462,6.988096818678686,Highly Active,7.0
3617,78.19842034506726,96.71308239783713,3915.921452341256,3.305189340376394,Highly Active,8.0
1762,51.235999712901915,100.0,5030.940774658568,5.162288269561412,Active,9.0
3323,64.06539273211821,100.0,4153.216430712132,8.86770204495435,Sedentary,10.0
4429,69.59954975569767,98.99903620275416,6799.595354261163,6.949646938820353,Sedentary,10.0
3775,78.42845124171063,100.0,4253.588679685629,8.019075783319343,Highly Active,6.0
1905,70.80648480923588,98.78014974224426,10370.890439657358,7.8414706641678595,Highly Active,9.0
3975,64.78955924093,94.94131573607504,5081.456943417915,3.561381966356224,Highly Active,1.0
1563,80.9206796370595,98.0630857343208,15236.36355785252,3.942556958456,Highly Active,8.0
1782,85.70740689494853,96.80732028922876,10695.467559367587,6.2848603548276705,Active,10.0
3532,62.86819402626083,99.62957850428012,1097.1113281398325,4.8886024091901685,Sedentary,3.0
4970,77.70286842341854,98.12767273604118,172.56659117954695,5.013848252554673,Active,8.0
4876,68.69021149178218,98.59187400059706,3223.2568546487623,6.638093935463101,Sedentary,2.0
4709,87.54126746533208,96.24963888215014,393.16881233972686,7.374596986677471,Highly Active,8.0
3040,60.22179693906396,95.74874103757048,4184.242859030538,10.166301212538723,Active,6.0
2831,56.9131310784054,95.55345834053108,1933.539390816834,8.22398351911398,Highly Active,3.0
1583,65.49999194488977,100.0,4827.409377849015,5.5082389071517825,Highly Active,2.0
2319,82.7967471974871,99.261234121525,1206.3413293046797,7.287106592900237,Active,7.0
1235,69.72563324904647,97.97688394937347,5576.968162809567,7.54749290788762,Sedentary,4.0
3103,73.67103856809864,99.85926249686356,23759.589360260565,7.432937802811397,Highly Active,2.0
2942,67.57178716648767,100.0,7097.946125044111,5.029232988734421,Active,9.0
1359,90.23250400884976,97.94081685355094,5817.048458729458,9.547699070517568,Sedentary,8.0
2930,82.24578651155709,98.78892274641976,10859.702962734287,4.663804405510723,Highly Active,10.0
1109,52.16095621302685,96.63152374751893,39.07889644845968,7.520311858661237,Sedentary,3.0
1191,88.51769798267134,100.0,2323.51637595398,5.176667690181434,Sedentary,5.0
1903,83.85603537327579,98.08786199076314,30387.75439927567,7.086135661736341,Sedentary,9.0
2116,91.2716553297315,100.0,10682.728156794066,6.206126607100306,Highly Active,8.0
1861,67.06921498403472,100.0,662.2306188057132,4.546233285977356,Sedentary,3.0
2083,73.75982293794445,100.0,4057.032178062019,7.828464086981413,Active,5.0
1649,77.44568209802834,95.40224108653398,19088.915027336177,5.660998335000558,Active,1.0
1038,92.78024320613396,97.2060340630604,6176.388778849839,6.708724671021424,Sedentary,9.0
4611,84.54786694825516,99.72648795472858,562.5935878191531,9.200296311741187,Highly Active,10.0
4120,77.2363094008275,97.27182685227396,4980.222570664727,7.435672152191285,Highly Active,1.0
1636,75.22885506115973,98.82718696133642,2894.848838128234,4.662935437536506,Highly Active,9.0
1035,85.1840573905137,97.81128273674294,4297.19193462415,5.249479158426156,Active,3.0
3148,53.2171986219211,98.00032083119004,7749.718408295754,6.093601299127174,Sedentary,4.0
4157,90.6621001036431,99.62915974325104,8320.989514873194,8.009763784049353,Sedentary,6.0
4587,57.964461305431385,95.42772401515222,7562.245273359297,7.0346402829570565,Active,3.0
2361,58.84066985602307,98.41643665987957,2828.1596256208177,7.21263423189664,Active,7.0
2983,67.42961676984925,97.45448090997714,1690.8815744314088,3.871520027592175,Sedentary,3.0
1165,90.38901310875848,98.42787314425344,655.8560817775467,4.385927986218121,Highly Active,8.0
3430,96.78049843845778,96.65027355980295,1268.188430528757,7.182976721760169,Highly Active,6.0
2879,80.36219386212082,94.73895336161652,1132.6243827100386,6.50742396449956,Active,10.0
4966,79.96703155015757,97.48638988866256,17052.573811591123,6.953372683469952,Active,5.0
4447,101.81806072505486,94.42798998402108,1393.5707800544417,8.907935801728048,Active,5.0
4542,54.47840298105173,98.06418025151471,690.5824402412823,5.461979125220386,Sedentary,8.0
3837,49.12748261509826,95.52682043472572,3578.7237421824375,5.945628002665352,Sedentary,3.0
4713,46.13466105902717,99.81511272808189,1301.0250728086949,6.870182589175571,Highly Active,6.0
1030,62.23111029738243,96.83901929191975,979.4070072834894,3.946840853652988,Highly Active,5.0
4446,64.25863394104971,100.0,3150.4079465577593,4.290412601673476,Highly Active,1.0
1010,80.70857270814439,97.03449395880055,17626.395666929806,8.544624577384257,Active,5.0
3011,90.11627149120258,99.36979953293552,216.34637291201688,6.058714614483299,Highly Active,3.0
4373,88.62915658340977,98.46778634336148,1629.8549163334346,5.764573221593479,Highly Active,3.0
3143,88.19067461014019,99.73178721589892,12169.933740587305,6.861872633803389,Highly Active,2.0
4261,60.629209352784784,98.10740639953296,1969.4476708862967,3.995823497548689,Sedentary,5.0
3500,80.77195670255482,100.0,4072.389636653834,6.03982565946572,Active,8.0
3239,63.99314602243746,98.2073094894756,726.1945139030896,5.638107012770805,Sedentary,10.0
2289,75.64001993767604,96.23402169672156,9334.878130946216,3.3343078470115275,Sedentary,2.0
2447,88.27407721790642,99.69965511115464,959.2722036047074,5.298248203219725,Active,1.0
4199,110.64383704889688,100.0,20690.5424810541,5.809198579359452,Active,6.0
3285,74.50747124025345,98.1397274565165,6251.835933192222,5.772750164129108,Active,6.0
2943,58.449868173300146,96.4467008110889,11201.883966620951,8.077366865217602,Sedentary,7.0
4426,50.531917092124985,95.89930152448336,10101.51348916044,5.319186377772013,Active,4.0
2963,61.54788334411444,95.23554191687164,5124.27792255277,11.113491133226804,Sedentary,10.0
4183,91.00255433462875,95.45448332754182,9634.175957209472,7.620415045791271,Sedentary,9.0
2851,82.26748287259053,96.51877468285257,1900.802592111532,5.7701870226373515,Sedentary,8.0
2366,80.72173051445554,98.67454992020294,2930.6617875391876,7.589830989992739,Highly Active,2.0
4216,85.79053855605312,96.47031980263114,1158.2735983937232,6.03453983098769,Active,5.0
4136,51.64431702184718,99.4781887178633,27773.006602449732,8.227668310777746,Sedentary,5.0
4318,89.7938720728859,100.0,18004.71180028926,5.036403304342771,Sedentary,10.0
3782,80.84090890140054,98.7660822805018,1089.5207951112156,7.379442371511306,Active,3.0
1824,55.46372701793797,94.88233520584228,3560.9665082576153,6.843145914295105,Highly Active,3.0
3153,76.79888582314848,97.12474292093994,4901.462515412616,9.464850906351884,Active,3.0
3231,81.20257288375252,97.7993189743812,7924.595523039558,5.315539101101173,Active,2.0
1225,87.13546785230537,98.48868873079049,167.6655393763227,6.36727661933073,Sedentary,2.0
1776,66.39753624838139,99.82498874607938,87.52392593804763,8.454851931317366,Highly Active,9.0
3837,86.7339930613246,100.0,1373.1592421132057,6.557233486688081,Active,4.0
4980,70.82211009734918,99.18977774671848,8868.513721619169,6.392732450269199,Active,8.0
2112,88.11455338995654,98.69832020053576,1924.9402899094791,5.666480827209393,Active,9.0
1529,92.59728176523568,95.03839906644096,572.2465961458822,8.104432950513257,Active,2.0
3853,76.89988547335554,96.70501727850396,1682.649576661015,7.665299306464756,Active,9.0
2422,72.7157832833594,100.0,6200.96227213567,8.33473277603991,Highly Active,10.0
3153,79.29840104440427,97.87807295047432,21411.511915601062,5.108625460004344,Active,5.0
2294,57.538096973259655,98.70603319376023,215.8497049597102,5.146593493904673,Highly Active,2.0
2998,64.23764449683554,100.0,5032.624940679307,5.233397369860048,Sedentary,5.0
3878,94.05963769483375,98.20377553061152,5236.377408902467,8.05351620014055,Highly Active,3.0
1678,84.35384556288354,98.98173795066482,7440.406589918278,5.98389811948862,Active,3.0
4596,71.1704844896066,100.0,5474.30731590802,5.023289669940703,Highly Active,1.0
3896,79.42256718755502,98.02008013151894,2005.7646425521193,9.037631219417689,Sedentary,7.0
4103,67.8768314425828,97.763446200032,8552.810013469541,5.7025101573340065,Active,4.0
3440,47.24595457354113,99.12244627322252,4393.758785097975,8.994857695609916,Sedentary,1.0
1039,90.53156219524236,99.35968349867694,4448.250390079216,6.460204692919481,Highly Active,4.0
4802,75.01893077026237,97.74705025006504,10748.670326611122,6.441103017318581,Sedentary,4.0
4028,68.00767198319652,99.51769972532448,14142.237689596692,8.615126325240782,Highly Active,10.0
1844,85.07338456132382,100.0,10804.70620563128,5.822398225036537,Active,2.0
2743,57.78242336748951,98.30566281107984,2592.806678269317,5.81638816865886,Active,3.0
3248,55.74959215995336,93.63974340764044,1405.617655050345,8.364194895869023,Active,7.0
1446,78.75810119234292,93.53628071715676,8324.48375574241,6.876276725952168,Sedentary,5.0
4499,82.76955766147971,94.03691701787078,303.98360762535174,4.346732864521844,Sedentary,2.0
4109,72.85009816505021,100.0,10079.569693870071,6.816872911484486,Highly Active,3.0
2234,65.28990015170243,100.0,201.6690864707475,5.092770275030596,Highly Active,2.0
2350,83.91146905957397,96.01697642688934,7914.832673199862,8.133068229953562,Highly Active,10.0
3808,93.86211728241298,96.89837672713304,3637.939061806941,4.651350297436598,Highly Active,5.0
1226,86.01681662132239,98.04065754429844,2506.237339965686,3.819506659729896,Highly Active,2.0
1047,62.44751029931467,98.46472775901744,1447.7613211280238,6.293767811120331,Highly Active,3.0
3959,70.71294112535651,100.0,5912.9373727004895,5.190054661160985,Highly Active,2.0
2462,60.82489756242455,99.41193431933654,957.512927220377,6.828451828527761,Sedentary,3.0
2830,48.166757316885885,100.0,345.4355859491386,6.055050577782478,Active,3.0
4779,108.71614361274648,98.00022697633123,1952.358686123287,9.798768697683157,Highly Active,5.0
1186,66.6164159886783,100.0,5414.810376055674,6.210716222330316,Sedentary,6.0
3392,73.10715816126425,97.77900860448835,9760.027860656042,4.591186140758001,Active,7.0
3535,40.0,95.81712710561276,6626.680624043449,5.997481915062546,Highly Active,6.0
2932,72.51392572815776,97.20704126228824,7686.312349851755,4.004901414836443,Active,7.0
3924,101.56732958340676,96.28684083680024,5168.033627310897,8.819903838180547,Active,4.0
2413,69.73289352440086,100.0,2844.5575718286855,6.035045919081409,Sedentary,3.0
1978,77.16627433009434,96.69563759959888,26937.844179012125,7.819289907437312,Highly Active,2.0
1392,75.56355225493363,98.8110452129138,5936.0164279714145,7.9506186655526285,Highly Active,3.0
2016,75.23000280676426,97.35021857473204,4831.200626401909,4.891735930537864,Active,7.0
3235,66.2689670788701,98.43142512170716,13316.75817470778,8.706569064263206,Highly Active,7.0
2881,54.54189922158521,98.02461238190132,10048.977051317634,6.993980256499019,Active,9.0
1269,83.41877160165194,99.995966789203,2762.1101281102797,3.253172625582942,Active,8.0
2630,76.42266839085805,97.76642249263112,6883.7782689322,6.797234699993595,Sedentary,6.0
1309,99.96653333262532,97.97172233070488,1435.331907995,5.66157721721174,Sedentary,5.0
4203,74.49970375635489,100.0,381.0270555733342,7.1688458856326855,Active,9.0
3043,52.29224966097813,95.2325511270732,32130.75796198409,5.539845469837669,Highly Active,6.0
2095,76.13881534842555,100.0,18691.77683953727,4.946381200948858,Active,7.0
4864,68.53709758865583,97.76860709361038,12481.835543043457,6.837276083200465,Active,4.0
3892,84.27636618715631,95.36269703011408,3911.224678074818,7.280313645990352,Sedentary,3.0
2695,82.4643317632853,96.77459238019848,13835.21258578755,6.495816225885565,Active,2.0
4258,57.04630555878042,97.47057724149391,10815.370263339111,6.058941442305073,Sedentary,10.0
3533,67.98232149852342,100.0,2091.247828485912,6.64495265896718,Highly Active,9.0
4262,91.41637298463476,94.9019859836978,6828.7312223388235,8.085402773721592,Highly Active,9.0
1052,57.69163748220274,100.0,5483.965060509846,4.0413821162325,Highly Active,2.0
2474,73.03132139483799,98.78237884004142,645.1546986848477,8.211788816269515,Sedentary,3.0
2666,52.041651207073905,97.993013670703,8987.700610832415,6.12320372288498,Active,6.0
2260,74.99532328863052,98.31675640541428,1878.012368806707,7.499823457267301,Highly Active,9.0
3805,65.7214888814066,97.77115528350018,21850.196828555432,6.517699901294382,Sedentary,10.0
3785,90.98666544227792,98.89091384367131,10531.240619645452,7.808731981993747,Active,9.0
1719,81.23510145043416,98.80032778243417,11454.220118107893,5.629760004576773,Sedentary,4.0
1405,63.34445272193746,100.0,25.95780643621032,5.760803574944449,Highly Active,3.0
3655,69.06789273487284,94.92805702912634,26857.50593665793,5.915341398343164,Active,1.0
4068,76.87689642988298,97.74114978264096,32445.358987392712,7.32995414435868,Highly Active,1.0
3469,69.04387977805196,97.59104338879858,4953.854016596467,10.595332259465232,Sedentary,2.0
3759,52.272518000923576,100.0,29405.60771381346,6.488692591991585,Active,4.0
1071,82.89252872558443,97.38671919273568,1006.9985959835676,5.055313051560915,Highly Active,7.0
2853,86.11349695014371,98.066858697761,11782.72994586976,9.110379687036454,Highly Active,8.0
3232,89.08116376531784,98.93207777245418,5716.463035188766,5.9197841693030675,Sedentary,7.0
3053,62.5745763678618,97.64996428282032,2932.935946168245,5.573157565898078,Active,5.0
2229,86.7713449743282,96.89964823825792,1885.9744418725104,6.185080891064351,Highly Active,2.0
2567,57.87325524448403,96.66167727233558,5121.717354244089,9.233841143311974,Sedentary,3.0
4682,80.35738160911738,95.81145031063885,8237.92126106132,5.658088099102709,Active,6.0
3953,64.3695095365759,96.18307835037253,14669.420421947343,6.462254749302256,Active,4.0
2791,52.38219100204347,96.52507358368209,3756.514310840056,7.97042783748964,Active,1.0
1698,83.1409450683538,100.0,7000.257962570072,6.070581924358794,Highly Active,1.0
4147,63.19980666837132,98.8881775743678,4809.591513842511,7.868062008788496,Highly Active,3.0
2200,82.24264846927103,95.94564362625712,7388.7205227306495,7.450836168141871,Sedentary,3.0
2822,80.7811938317035,94.8742861274987,26937.865972086536,5.825182897054965,Sedentary,5.0
1348,75.71402016815445,100.0,6814.595204156795,6.5950289647633555,Active,4.0
2278,57.492584822585634,97.06098491710314,8221.775616466857,4.489203819628926,Active,1.0
4908,97.3549507144267,100.0,15604.340805504173,6.837162629694329,Sedentary,6.0
4773,73.05083737502181,98.13177955407792,17094.64224907911,7.329840283391348,Active,4.0
1307,73.01329647830119,98.54695344858264,1062.907777962612,6.622930526369111,Sedentary,7.0
4416,95.7725846354597,98.244580426563,4233.454843369806,6.554137193983526,Active,2.0
2150,61.66588050413055,92.41869492409435,20024.63998941768,5.590848665164669,Active,7.0
2960,74.28775253072321,99.06285897176632,22491.83821557533,6.259192387427762,Highly Active,8.0
3334,77.54638597180833,96.08804177223858,1475.32763107533,4.8546328046064735,Highly Active,6.0
3809,66.28040180682724,100.0,10949.122534159733,6.633087001289952,Highly Active,8.0
2619,73.97710045896572,100.0,13381.723133286972,7.228116990711524,Highly Active,3.0
4558,76.96901987592388,95.87686976306792,4434.193084619301,6.460598836677515,Sedentary,6.0
1382,95.50525323365474,95.306986894419,7881.740680889998,6.598411693776871,Sedentary,9.0
4477,99.84298658477212,98.28397879001574,14279.73064757986,6.701611790339773,Highly Active,5.0
3435,77.54249375634069,99.13011428148234,8653.51923490079,6.138545929599438,Highly Active,6.0
1524,92.9885633491386,99.42902686695668,1190.7567944407244,7.389947428835162,Active,9.0
4628,64.12376740841114,99.78024130471503,8713.377330178108,5.426337287966236,Highly Active,3.0
3686,108.76976960627748,96.9620723021258,1211.7052963042645,4.275159702396555,Sedentary,9.0
3985,71.32922645754108,98.25477604394332,7424.067981556296,6.795089003082929,Sedentary,10.0
4697,74.5075168912904,95.53212619814164,2840.359380273542,8.177445575068388,Highly Active,1.0
1275,82.98065546396019,100.0,406.6943920601401,5.52612486816928,Highly Active,9.0
3547,87.78798181327433,100.0,1797.6419163372475,7.676519607951871,Sedentary,6.0
3764,72.42836265795792,97.79263028930816,4422.81346454511,7.508684813365792,Sedentary,8.0
1336,44.87700283850989,96.51891853104264,35830.92667946981,8.84033209676028,Active,9.0
2973,84.83794236753548,95.82263304051992,2067.283449265148,9.295529329725667,Active,3.0
3979,61.34858941352944,98.47606913659376,26970.50140206589,7.370234231502538,Active,4.0
1480,86.61309134792364,95.86519291022452,3170.309363546657,6.3202778948358285,Active,2.0
2946,86.28467052957792,99.377740199781,22534.051204306197,4.075422128263349,Sedentary,5.0
2996,88.56460396893911,97.44941328690092,1079.385127728313,8.197063094911686,Active,1.0
4344,67.64532797425066,99.57240260731012,12351.157975127862,6.113781788187566,Active,1.0
4991,95.62144703424104,94.38079882852642,5098.695244179623,7.028044686597074,Sedentary,1.0
4129,77.44400496629258,98.8829826829838,8112.998766374279,4.960047013953555,Highly Active,5.0
2351,72.22014965473079,97.95527564741754,10475.126545673154,5.602610406478623,Active,4.0
2754,65.022218501662,99.4228792511404,11230.19476688631,6.903528695115315,Active,1.0
1108,43.428527126949824,100.0,2524.7222173175956,5.900558392309616,Sedentary,4.0
4350,56.285040944561835,98.42687228465986,9227.042083116516,8.37451885114786,Active,1.0
1327,78.749403515724,97.1395537054505,8078.839288958009,7.029641503192351,Highly Active,6.0
2799,77.5521298214793,96.67623067075928,6826.314821215656,6.517142024148903,Highly Active,6.0
1314,88.66113530471577,98.5403231322099,11640.62933662197,8.869653935038842,Active,3.0
4545,79.43338088285692,97.3131579316552,15747.297711110328,8.678471245212599,Highly Active,4.0
2134,70.87218182010116,97.28145552242503,4173.440268753949,6.2425626751257015,Active,2.0
3746,68.42070317231473,100.0,3485.0312575649527,6.947664849460678,Highly Active,9.0
1780,57.36861411397855,100.0,1941.2610487651768,8.622176716390172,Sedentary,1.0
4300,58.99575968823825,95.5140630671707,11768.00454036211,4.736051217696784,Sedentary,5.0
2520,77.62066099137822,99.91310134348495,23881.653032526658,6.952968158867168,Highly Active,3.0
1155,72.66448002798745,99.49106552419693,1521.188382247066,5.974925873210897,Highly Active,1.0
2496,82.32104883276261,98.3982818537616,4285.389578632623,8.708865441911096,Sedentary,3.0
1886,78.68412840922733,99.53819243996776,11812.964666993665,5.876412523165484,Active,10.0
1721,77.35849148533487,96.95589302204652,443.2014147275088,4.936282042714449,Sedentary,2.0
4582,104.48538444831432,98.75600470982565,4127.543464828996,5.031884472413062,Sedentary,6.0
1912,57.12228344671824,100.0,2258.469659851717,6.617172502114209,Sedentary,7.0
4357,60.6420731691648,95.50314315416166,18436.48457168412,6.418428718954798,Highly Active,8.0
1870,49.47177983225603,99.80352851192676,2252.4674845585755,6.11492873347146,Highly Active,8.0
1012,76.3884158102112,100.0,3271.423734626021,5.89511018601352,Sedentary,3.0
3655,45.960293951777615,94.78100509598274,15346.080937550569,5.618213831926981,Sedentary,9.0
1497,78.36256149251867,97.23293259716375,5396.340619663277,9.883223693688077,Sedentary,7.0
2756,74.15726538935004,95.61609045209175,15993.333545594693,5.951338403044744,Highly Active,5.0
3285,66.39209192872893,98.8573591048747,7571.648275012704,5.511343516747475,Sedentary,10.0
2117,82.07837248005201,96.32670965434346,577.5231138020082,7.258931015090424,Sedentary,3.0
3828,99.07645843081217,100.0,1358.394279895067,5.117686374685776,Active,6.0
3004,74.05297905764112,98.5967140282807,3276.809915882306,6.409840192175844,Sedentary,3.0
3653,40.78037120865736,97.92783872942684,16734.49132770409,7.145447471694114,Active,7.0
3708,88.94455774532776,96.9289553839528,876.3234843961201,6.969571159275534,Highly Active,3.0
2647,89.06514052859517,97.79375481840556,47.5659426496613,4.976785331379054,Active,5.0
3896,40.683788128159755,100.0,5286.729407807761,7.838175640682069,Active,9.0
3983,78.07625628551371,100.0,5724.313928990891,4.886210856148198,Sedentary,5.0
2490,84.87811599311185,98.82955297946228,18461.80587490418,5.334943599390706,Active,3.0
3675,93.02343930229998,100.0,8431.982031830925,6.236687964618834,Active,2.0
1142,84.0284676843462,99.3343306861738,12273.6768108733,6.82933132292631,Sedentary,5.0
2224,75.90848635333799,96.5021207547616,10302.766768704856,6.886403908436415,Highly Active,2.0
4251,59.724685686598725,96.76586092336774,6624.677974313635,6.435918455017549,Highly Active,9.0
3761,73.24381784384585,100.0,8162.215365295589,4.352745138584503,Active,1.0
4435,80.83235582275967,99.63867597244474,5758.056814256366,8.018097924433995,Highly Active,6.0
1564,51.20641507475756,98.3975176305584,2351.7618908210757,8.525868694848505,Active,1.0
3518,79.43174898924244,98.13286104212564,1354.621395829696,8.251268240741073,Highly Active,3.0
3431,52.90820894781809,100.0,3058.711901554813,4.82972090871863,Active,2.0
2715,78.98818358232157,96.40873610374724,6020.965605206865,7.028710201448543,Active,5.0
3973,57.7890282625748,99.73807074424109,6199.26671890529,8.54159513507166,Sedentary,6.0
2848,102.157137986552,96.64065985997,14808.396991791393,3.953420317353448,Highly Active,3.0
3355,54.26772090417522,96.49670964585964,7385.81614909148,6.443791817914729,Active,2.0
4072,86.78099222145734,97.77562306686264,16709.562777573326,4.00062696585146,Sedentary,4.0
2067,64.4891574078737,99.29012897723072,5869.7138765381105,9.78219877234862,Active,6.0
3786,59.69745875541882,99.66371774732237,13215.129046591746,6.316314699877732,Active,5.0
2866,88.8658506932335,97.9759813256593,1868.8309776839992,8.666740037780288,Sedentary,10.0
4791,81.71453970881763,99.24688006175246,9208.87333013249,7.324674574312402,Highly Active,1.0
2288,75.35330516266936,93.05937273859986,11608.014945835115,5.471777572372592,Sedentary,5.0
2806,74.15411915150378,93.57502208540672,11042.575979203028,9.21442131793616,Active,9.0
3187,76.92913554242827,95.50103508091269,19181.594372318737,7.909581431321285,Active,9.0
2504,40.84345469756323,97.21186789292588,22090.231016891696,6.4581022134518005,Active,4.0
4308,61.88643543994045,95.67269901105794,938.2132528248064,7.901780965174368,Active,2.0
4021,61.30113337223538,94.32760997581212,6852.893775130902,5.483180488812195,Active,9.0
2016,91.6127127124213,98.20563877673898,843.2083076239655,6.502335544324488,Active,4.0
1952,77.3793305056813,97.04260589900424,17910.07049060598,6.653358328868725,Sedentary,4.0
3951,75.17021215463699,96.97475952975051,21769.187336014696,5.362330306541421,Highly Active,8.0
1071,102.83453526168113,97.52997529996416,4846.320816464497,5.165837558282263,Active,6.0
4261,96.21726661887378,99.3538572334973,10174.270913162736,5.048686624267719,Sedentary,4.0
2291,75.17691629594154,96.1876860226221,8333.684214673198,9.241840433622604,Active,10.0
3154,66.98591297483847,97.64615358973036,3655.301275156512,6.448094244669778,Highly Active,3.0
4303,67.5275867583629,97.65235008748598,23227.02868857347,6.72890802106157,Sedentary,10.0
4113,97.50116463155076,97.20010888097954,1536.2515574010852,6.1253502154843265,Active,6.0
4773,78.58786904927527,99.74255682032458,11355.460175174583,7.811541754269049,Highly Active,1.0
1882,85.29690688545033,100.0,3206.0046223650565,6.08742294322563,Highly Active,8.0
1138,63.86755729093133,100.0,9795.535396628657,7.930224741623059,Highly Active,3.0
3662,76.66757716056497,97.557805278251,1251.2721008802375,7.323683697237274,Sedentary,6.0
4754,88.63940850268051,98.03328882636411,3271.059402606634,4.470078590691315,Sedentary,9.0
3910,91.89247432615048,96.43169236494202,20450.39255117791,8.242326769795783,Active,7.0
3320,54.903696138710515,96.9818888374544,5703.965252910874,6.02933181777412,Active,4.0
3463,72.81206168901959,96.80926054363756,9763.305253575883,7.206944095447891,Highly Active,4.0
3553,80.48060653861798,98.59105930504798,3777.621042455133,6.069430578915405,Active,10.0
1732,67.07992533974497,97.8104953709158,4755.048904309846,8.943013056963077,Highly Active,5.0
2748,97.88719118264886,96.90794920240164,5756.527139869434,8.143404992152526,Sedentary,7.0
4924,78.90268613434662,99.87082739669022,32227.03510276182,5.1465992698112295,Highly Active,7.0
1423,66.17994042783984,96.060807926526,11456.702001010464,7.92348025459769,Highly Active,5.0
2591,87.89114725304952,100.0,10714.962558650826,4.014398909333447,Sedentary,3.0
1389,85.8228964669347,100.0,4893.8128945249155,5.578130689171656,Active,9.0
1341,76.20855701250494,96.94049953327976,1835.6076510084097,4.506336171277213,Active,1.0
1945,69.19774465510447,100.0,13445.219741488674,6.479522469901534,Active,2.0
1613,89.32689785848612,96.73501893420064,2208.0764992656145,9.395808301672076,Highly Active,10.0
1492,67.10749127113007,98.86566440555264,2703.8710232762633,6.618061507212987,Sedentary,9.0
1191,66.35302651141801,100.0,455.4550910428094,7.192111224037026,Active,1.0
1821,80.6805293986164,99.5730851266021,11106.285112827822,5.689482495042243,Sedentary,3.0
2256,68.33501491502153,96.8755338296463,4707.2348895901405,6.397127530366894,Active,7.0
2968,71.84597724467058,99.31277149974636,2874.1933127479983,5.418888215633354,Highly Active,8.0
1226,93.7179599670236,99.06210672266172,230.5126742595447,8.004203263137669,Highly Active,1.0
2394,87.42868255879942,95.34333072638708,18342.30025856713,6.710717599103846,Highly Active,5.0
3903,70.0493378314949,95.65381053810556,30360.78249387296,7.488962035546918,Sedentary,7.0
1816,55.268443469068245,94.66115176059922,1944.2587943241097,4.7980265156627,Highly Active,10.0
4220,78.947817498513,97.6676694925258,8414.221612181242,6.6734831619376065,Active,2.0
3338,51.883914448113345,99.95443883633556,3951.963112720124,9.507465893606524,Active,9.0
1103,40.0,95.71240352226904,56.63250549667896,8.171235875127492,Sedentary,2.0
1870,61.70002782726764,96.48272765399597,3992.7485024481593,5.476228547079217,Sedentary,2.0
1667,82.25688990948011,95.14006023181923,8220.863466421846,6.992608611290589,Sedentary,7.0
1272,79.0284091818651,97.72906246033642,1332.052312958794,7.749088331910983,Sedentary,9.0
2029,74.92324867226793,97.06315076221335,7362.761322166763,6.765471076710095,Highly Active,8.0
4218,66.48340952950234,96.60631725102958,7176.028416112335,5.497878470289899,Highly Active,4.0
3231,55.22891595581771,96.08088304554212,9754.183984673584,7.341162108170609,Sedentary,10.0
2051,67.86578778560074,97.72473625718524,1985.0259727559624,7.3462703392803075,Highly Active,9.0
2573,76.54546948398773,98.67557902731735,115.223239531434,5.103345203704659,Active,9.0
1071,60.67611740066518,94.40240390848196,1617.6876777970738,7.387329057938592,Sedentary,1.0
4442,90.95163433780884,100.0,3788.615738167974,7.060013599667003,Highly Active,2.0
4797,87.7605732539825,99.54788537281742,5149.892897516127,7.814144786033906,Highly Active,2.0
4289,78.57029467242934,97.26184034550111,17197.553082873354,8.440049109014748,Highly Active,4.0
3224,99.95832053254202,98.98628172970396,2215.9698773282303,7.674565586702753,Sedentary,5.0
4370,81.0836099818625,98.2763564730532,5142.740225083339,6.715926313383539,Highly Active,6.0
4747,95.6814966981031,97.43036440679772,2584.233114947615,4.6556146864011545,Highly Active,9.0
3105,40.0,98.1768778026024,27642.77972350448,8.81178975630845,Active,6.0
2292,89.0690905872341,96.88416757962656,1744.6026775318016,6.185640935588003,Highly Active,7.0
1307,83.7851632014112,96.3471328439348,810.4711083560438,5.5911707555053,Active,10.0
4641,83.02282623959967,98.28633436594588,1077.1056473347555,7.455591011465541,Sedentary,8.0
4359,84.25775420405294,98.31784083905303,3201.5424462607634,3.7465192863840144,Highly Active,3.0
1976,67.7832505885573,98.52653367137977,5634.052568480104,5.391476665688582,Highly Active,7.0
4176,86.38316314770896,100.0,7718.57467884113,5.556139910830465,Sedentary,1.0
2270,46.83263087080341,97.2848735342592,16516.798080985514,9.402815954657244,Sedentary,9.0
3747,92.84914393720922,98.424334160733,3127.1939739181767,6.376505070131659,Active,4.0
2517,73.06775965049121,100.0,8721.677850744501,5.541671934775839,Sedentary,4.0
3130,65.10645691678674,95.7780003867728,2185.555308536632,6.427518009022691,Active,1.0
2209,56.84162030541732,100.0,8014.6455908303105,7.780556484307248,Active,8.0
3299,80.69746716131242,98.83719708051458,18208.304267559975,3.640647696354189,Active,9.0
2773,69.16607802090746,97.43079352038916,9157.405097232271,5.820571614133446,Sedentary,8.0
4943,85.00025937597407,97.17313897605176,19985.28045723438,6.904339636594895,Active,4.0
2719,74.8426147519652,94.61508983237492,7985.545056675179,4.781232704806614,Sedentary,4.0
3042,50.34787496454207,98.33780535126274,23115.086572721353,6.2303001506772135,Sedentary,2.0
2961,59.79785529948687,97.10978377712436,4498.817727927184,9.296500173605114,Sedentary,4.0
1209,68.54502836549582,96.50765421951962,2988.071395701832,7.1223470503807835,Sedentary,7.0
3863,70.22473293442718,98.14418561898223,191.5917908361309,7.881903805330715,Sedentary,5.0
4879,90.0984695699473,99.15388415425475,4403.379151121643,5.969004881975484,Highly Active,6.0
3656,75.3536746813188,100.0,1124.06719672735,6.822090133043217,Sedentary,2.0
3494,53.927353191135154,94.24747626113005,259.93741240250455,4.697297694715495,Sedentary,9.0
3507,93.0986792391298,97.05061524018572,4121.7385866733475,5.539818323173907,Sedentary,5.0
1967,80.77664139762756,99.44833315290929,1851.2737815448172,5.151709906970657,Highly Active,8.0
4791,88.10288211529681,97.63843182880824,11725.205279075037,9.060451324431384,Active,6.0
3417,74.67592653909875,99.51724748847585,21892.238746435567,7.855181073621381,Highly Active,3.0
3947,66.95394763465472,97.820778810859,14927.823708679342,9.21761650204212,Sedentary,5.0
4563,80.19859601688478,98.12955528794564,9112.550315615086,7.690679186837896,Highly Active,5.0
1922,84.34392939558046,95.7053500446522,6372.90126854921,7.130324925872711,Sedentary,1.0
1136,80.72140369452435,96.92422925489898,473.8651261630644,5.116334684519092,Sedentary,5.0
1366,87.16529198738024,98.59109284324585,2162.8856246444693,6.984972088823238,Active,7.0
3959,76.50678463969857,99.545621786581,8683.030551841524,5.788770578239734,Highly Active,4.0
1183,60.066187456128446,97.27525820409826,3589.56740726839,7.748084660431427,Sedentary,3.0
4358,95.58910955107318,98.04986200000876,768.4551135886657,6.337823336395737,Sedentary,6.0
3519,75.49098377318992,97.97910562231456,509.3807590666999,6.5261732608633976,Sedentary,3.0
2398,58.08745863026227,100.0,1649.9483014315138,9.179795424579538,Highly Active,1.0
3701,56.672177570925335,93.87510657115988,12594.695317560614,4.965309330804103,Sedentary,5.0
3796,54.91568314268629,93.07552231030571,7614.037621924493,8.252232696877192,Sedentary,5.0
4582,79.64643528607264,97.45762821521262,440.7908080023153,6.116322457985884,Sedentary,3.0
3849,102.6709984856336,98.91699155190597,1460.996783881364,7.114496609742015,Highly Active,1.0
2602,83.64216416191519,98.04063031015605,4183.393268719433,6.125307783232572,Highly Active,2.0
2273,84.54438045846797,98.94351051068055,1164.1833414809498,6.521904243057275,Sedentary,6.0
3967,104.84767514349876,99.37622374379306,10066.074147892996,7.629506118806697,Sedentary,3.0
3557,60.46812098691965,100.0,10879.183061256446,10.316951367270368,Highly Active,10.0
4049,83.29334847858297,100.0,9084.685456172989,6.8712919910006125,Highly Active,4.0
2305,79.46308407035956,98.86758133093342,22961.823499776565,4.369240237857722,Sedentary,10.0
1915,93.37145368593951,95.19494857552026,10843.924731873534,5.893153342055998,Sedentary,8.0
4431,86.4233809817642,96.62687385110009,6161.369546628675,6.600808501089988,Highly Active,4.0
4081,97.74782733551704,99.394953906972,6477.636095540737,4.942165892112932,Highly Active,9.0
4282,61.378801673710214,99.55204315455032,1379.8757110249342,5.688445585737071,Sedentary,3.0
4906,88.46059052773454,97.63364821010752,15685.65473084502,4.016061742564796,Sedentary,7.0
1151,63.41247904624293,100.0,5734.906292607318,4.5818754209117785,Highly Active,8.0
2028,100.03401384197632,94.71277202627743,5974.805509149806,6.132492051783733,Sedentary,4.0
2218,81.72183377685337,100.0,5996.556495818301,5.089088227012385,Highly Active,4.0
2977,82.60314867187559,97.64272320718852,2263.027033978485,7.131192887621353,Sedentary,6.0
4354,66.26992356172197,94.24021553472228,11702.567242518197,6.90163042634102,Active,4.0
3511,67.02937790053576,95.97411544029866,13880.752287875854,7.035613857658273,Highly Active,2.0
4184,81.07927860346375,97.03878613502552,2376.6096918392413,5.743356153598606,Active,3.0
1270,101.22396345016922,95.91682420015049,4080.8910132039737,8.123546986595846,Highly Active,1.0
2186,98.73576042587366,96.01894871290588,1381.911802169897,7.251145282567874,Highly Active,8.0
1459,80.3772015586674,99.03611093630168,1907.645940245777,6.8367887899970405,Active,9.0
1104,68.68046735422386,96.8721921941692,2866.1307569816445,6.849215034843846,Highly Active,1.0
4764,83.59363712539889,93.59516533392056,16258.756364397896,6.188703085574637,Sedentary,5.0
4627,93.81695525387508,98.5725608116719,6887.485335870577,8.477812196457911,Active,6.0
4353,78.1769880066224,96.74389498622293,6206.256962459553,8.212495788864747,Active,3.0
3209,85.18691000505335,96.48914538896356,10968.688928170524,6.747391730322585,Sedentary,3.0
1433,69.6733551892302,97.4787472923971,929.3986913103888,10.198327191318272,Active,5.0
3899,74.15787316070057,95.85033169891904,1992.8407857388963,6.117167467556734,Highly Active,8.0
1139,84.99904643584323,96.02638977252832,2536.040372503024,8.292935086100925,Highly Active,9.0
2494,71.6620067599847,97.37048746412708,12572.997345627246,10.518900300310996,Active,9.0
4203,74.44179215439577,97.6761492469874,10284.950520208957,6.97541674290376,Active,5.0
1086,77.15186791624201,97.36813754292326,1100.2406821203513,3.8871478564655497,Highly Active,1.0
3230,98.24331595545974,99.1974365260822,808.7904597688749,5.732385856896999,Active,7.0
3415,102.64366444525352,97.58592040683637,1328.673464005038,5.4694790167062965,Sedentary,10.0
1128,70.45789143265169,98.47861128341864,1941.2367134497931,9.168911055050676,Highly Active,7.0
2269,63.03589430774369,99.623290797212,16498.922634630057,4.547604474920917,Highly Active,7.0
4672,68.04012414718659,96.80524273298022,3186.87403393561,8.651976014968184,Highly Active,10.0
2601,81.68732366814729,97.99367219476456,17323.37759356475,6.164301871432117,Active,4.0
1669,73.7099860495114,98.17604679261072,9724.832637696789,3.720529420902832,Sedentary,1.0
4970,55.81792204420921,95.2019124747313,9687.447645632932,7.826058661031569,Active,10.0
4066,72.6627804057769,93.68218232078952,11389.349974412577,3.1225087282808426,Highly Active,8.0
1984,89.76957463391622,95.8995874588469,11797.319877073314,4.048302833993639,Active,3.0
1851,101.35366374614073,100.0,2037.929181011147,6.007899922874072,Active,7.0
2456,68.27866291609683,99.40964178659064,28916.22023162779,7.545497740605393,Sedentary,6.0
1627,65.64855104556761,95.94767244690368,13196.485550375102,7.133916634013889,Highly Active,2.0
4797,71.24189610458461,94.40108748413184,39882.24784832247,6.811985798005063,Highly Active,2.0
3044,64.58572574751793,97.39401802549388,19893.871097923187,6.1754730504735065,Highly Active,2.0
4552,79.90352608119485,99.40928106212108,2805.746087461273,6.927970421874506,Highly Active,6.0
1883,62.507201204380806,95.86995955066948,7536.710231666277,5.507629416770223,Sedentary,5.0
3341,87.37046681392077,98.9483918895405,11951.28963855338,7.794227940767591,Highly Active,4.0
2788,92.23692978891526,98.64967112683816,3368.524827102063,6.605964910795828,Highly Active,4.0
4214,58.11235993563729,100.0,1595.925413929134,7.573669061745249,Active,9.0
1249,55.425648276987815,98.36830663064148,15769.031732051282,6.234026001683961,Active,4.0
1974,93.99093812878851,97.4595074021703,5444.421273138059,3.4708777446179893,Sedentary,8.0
2325,74.24496547407814,97.17495150360452,11434.30952272386,4.308332011602348,Active,10.0
3836,81.2680223420812,100.0,5016.8203275695405,6.303229030975655,Highly Active,8.0
1983,61.79118773971249,100.0,5963.3060149281955,8.413020067336884,Sedentary,7.0
1888,71.23954218065124,99.14575025688292,13460.683951250789,7.18091076102891,Active,6.0
4972,80.66380382062806,98.83239712815327,5732.606045051124,8.812576580881693,Sedentary,4.0
3117,53.486164050438376,96.15059616474096,130.27652657626874,8.56410954483235,Highly Active,1.0
3672,66.08120621478457,99.89245358399988,21128.524885855448,4.987238842462558,Sedentary,8.0
1874,75.1726456434057,93.06445864011422,5855.538580149997,8.349480947252024,Highly Active,6.0
4183,68.40571398413715,97.95043611297116,9102.725791523417,6.657257327710662,Sedentary,2.0
4435,53.9674122207244,98.09217155555878,1994.3226276323517,5.72710576570549,Sedentary,3.0
2987,95.71417488868217,99.99647388075668,835.1917891841737,6.711757848132784,Active,8.0
1090,70.20540674236855,98.43060839321586,12410.545350504177,6.375562595900727,Sedentary,1.0
1529,74.01737517120762,97.3148091835505,12799.199486305752,8.353980482958551,Sedentary,9.0
1660,60.31635830015917,94.25251463526712,460.8344949834441,9.399509965228116,Sedentary,2.0
1738,78.4606651091497,98.424183834028,3467.023067589278,5.892232135036483,Active,7.0
3773,85.42601743069689,98.45513364829806,2313.567710062643,4.5563619470608625,Active,8.0
2686,61.5940136257584,100.0,4696.906507185345,7.912676881861214,Sedentary,9.0
1191,67.56608885118804,100.0,7478.498522902313,7.070718777741336,Active,5.0
2986,53.99868023448797,97.65587725043792,1990.3652006209252,4.191921006371334,Sedentary,6.0
4623,80.70338444893139,100.0,1754.4974784578872,5.311604016900519,Active,5.0
4313,86.38498700865577,100.0,8994.423360904979,6.720820797315101,Active,9.0
3185,53.511415144401695,96.68887295958022,26168.018776877845,5.575944004056611,Sedentary,7.0
1344,88.21474560361494,95.94366070534711,20476.188939631396,5.003420977825975,Active,9.0
4251,88.22588911091728,95.5767187829049,10991.056234893083,9.716643693664412,Highly Active,3.0
2008,40.0,100.0,488.96315691226386,5.000411260403469,Active,3.0
4783,58.44411549163412,97.32304140253036,1900.5851659786083,8.309812069631532,Active,3.0
1202,83.52585025040358,99.92552205597556,2454.5780672694123,7.412428631254371,Active,5.0
1572,81.56978133533329,97.37387252385118,3501.7770331664574,8.206828877105544,Highly Active,5.0
1191,61.126154694320256,95.91856437283272,21505.78007825339,5.466668102971662,Sedentary,2.0
3052,99.36877469071284,100.0,631.8266069185747,6.050323993975786,Active,10.0
2913,64.49894622583123,100.0,13825.33699786646,7.208909335312982,Active,2.0
2716,57.58712397005351,96.4751638803506,2886.8190963340567,8.974449303293163,Active,5.0
1310,72.32141494815029,97.64812262942556,5674.082659984403,6.673954076901154,Highly Active,5.0
3103,61.48057661369564,100.0,22051.49529293925,8.14071712146062,Active,1.0
2260,78.05039753929515,94.74595583789804,9265.577814452105,5.417781076796729,Active,1.0
1869,74.5281455297797,97.58716360829976,8476.166828301108,7.91874452677633,Sedentary,5.0
4932,79.83163019092223,95.84628478412246,12616.587198365258,3.0117427871215927,Sedentary,3.0
1584,79.09478050713844,96.79433176730508,4395.672644468319,8.465410323033367,Sedentary,9.0
2594,90.7016139191808,94.74047890132792,13914.56146648956,5.2505556641666455,Sedentary,5.0
3799,58.499061176382,100.0,7418.09355929467,4.577295829831925,Highly Active,4.0
2537,68.36678570962238,98.25278440906447,8109.8958735741135,7.134780567038746,Highly Active,3.0
4520,58.51740297684145,99.74471533423642,1331.657024891556,5.4848575477148245,Highly Active,2.0
1359,83.21844347704977,93.60787251292506,1968.1848932486216,9.87213156625594,Sedentary,2.0
2723,93.32749809142447,96.52293238013584,8145.745425518221,5.704855141099412,Active,8.0
3866,70.35505841169982,96.64421238947536,2161.2307989153705,6.208409161018855,Active,8.0
3077,79.22314513067786,99.99690016702802,4713.960868801554,7.282142431798995,Highly Active,1.0
2802,52.581876620079456,100.0,4712.935640083288,3.7725132813554305,Active,10.0
3011,75.32326818076412,95.62319557978466,1866.34722844278,6.589541817145478,Active,1.0
3155,49.90260342542547,98.32214703719174,5850.948413526232,8.17916810963555,Active,7.0
1130,75.90947063730708,100.0,5806.876132627725,6.378317175673374,Sedentary,6.0
2625,46.14945703321516,96.63348798555369,966.9213271455818,4.778114479521825,Sedentary,7.0
3764,100.4171817566653,96.45175376871944,3358.8482747705752,5.8487153343457505,Highly Active,2.0
2991,73.65249052015653,94.80019835854031,5780.170786759898,6.06365280083396,Highly Active,4.0
2982,103.62505225569242,93.91467613161824,9685.359673083956,8.165158593284952,Sedentary,8.0
1959,75.99092016487175,91.78586186103846,128.80934849025616,5.56347826912544,Highly Active,2.0
2468,50.85742308513019,99.37298056739782,995.4725330838302,7.548764858216644,Sedentary,6.0
3940,68.53788111671632,100.0,2516.7023485369955,4.276544996428767,Highly Active,10.0
2461,104.17761636116671,98.01499090155404,11640.359844289049,9.319086311779106,Highly Active,3.0
1731,61.57122210796746,100.0,4584.458557976414,8.196977141046913,Sedentary,2.0
4961,68.39176038161547,93.7036519100644,5006.126217266965,5.761743423383126,Highly Active,1.0
1605,98.20061925366778,99.19398392825263,3684.0427499641182,4.51542014967058,Sedentary,5.0
3504,63.43485819504488,98.28821287677498,3754.7359948639255,5.737792993037907,Highly Active,5.0
1614,73.56870822131498,96.26138713491744,26577.411431319542,6.922967964916759,Active,8.0
4806,95.25681032442742,98.72844357876814,16023.59609083628,8.129013564765259,Active,5.0
3745,66.39358082434397,100.0,9059.00224533447,3.3346296645816578,Highly Active,10.0
3004,63.021699893889824,99.82624661269482,2741.7973621141086,8.308235356631084,Active,10.0
2719,47.35485481066778,96.78486765918252,5046.320342294679,6.885299376578773,Active,2.0
4566,58.45613355684978,96.79376456163205,8185.036133900837,4.754861889250537,Highly Active,4.0
2270,69.55308288406394,99.19075262015065,5203.321092034303,6.706212246315538,Highly Active,4.0
3590,80.35928370088533,96.4104913191175,1102.3992240100797,6.829835765716856,Active,3.0
2587,74.33056166925276,100.0,687.7416099278666,5.575526131526702,Active,1.0
3904,56.526782094466064,97.88506840693368,1281.6548261408302,7.86813272734997,Sedentary,3.0
2611,95.40686542181008,100.0,9864.280218532267,9.550883173822816,Highly Active,2.0
1896,58.46959977360058,97.32463864560552,1474.719050520598,5.900783589650824,Highly Active,7.0
2462,102.0548221778026,100.0,18105.94165675579,5.380014729207206,Sedentary,1.0
1277,77.26911470734642,98.7268959822621,3218.1428661857913,9.075220902154513,Highly Active,1.0
1551,90.68050932464791,94.32287827141988,1296.1547617110134,6.168962988181916,Sedentary,8.0
2636,82.94816409585378,96.28242269066448,12210.557334464622,7.488966571458268,Highly Active,7.0
3158,97.58623323670038,98.93773101108457,4269.970493655211,5.589127535273074,Sedentary,7.0
3432,74.34950850677495,100.0,3442.4225714700033,8.210454971356967,Active,9.0
4904,71.0014648294298,98.33935914387696,2797.632213141917,4.633263092885697,Sedentary,7.0
1760,79.57072127625422,95.5597960473287,2808.6991796902616,6.717614185509222,Active,10.0
4262,70.8706545068503,97.82639902117111,7622.87292457926,6.943928150305911,Active,10.0
4561,81.8035867100186,98.76495098902554,5445.571550388081,6.226161749110455,Active,10.0
3741,98.24708840130144,99.6267306483038,4413.06863692788,5.5454879524080445,Highly Active,4.0
2449,49.64251576742664,100.0,4147.306226001877,9.189417931045895,Highly Active,8.0
1404,73.85966693165098,100.0,1072.066869733739,7.713295067257631,Highly Active,7.0
2358,108.00891691430144,97.90109957999782,12316.82715912253,5.202286898615856,Sedentary,3.0
2232,69.14551284287931,94.71971856033014,18306.48635595333,3.674225272899405,Highly Active,5.0
1021,90.20591848920688,99.89159160742064,11343.71573581074,8.717775841514369,Highly Active,2.0
1677,88.05936091279023,97.01309274943928,4201.003473922751,5.1108580337975145,Sedentary,10.0
3658,53.43242882761416,100.0,25077.42445042391,6.5927040884382615,Highly Active,9.0
3028,79.4521267145331,99.31538964537756,6748.160920045776,6.6377980952538875,Active,6.0
2231,78.29515695864629,97.5699270627508,10413.108720524491,6.928853610874885,Highly Active,7.0
3055,122.735677560968,100.0,9462.529007532548,3.967432525735143,Highly Active,2.0
3749,40.0,98.92604109913826,8612.537576595636,5.976342745793618,Sedentary,2.0
4758,50.69168579175003,100.0,7190.29067519376,6.476355750898634,Active,9.0
1528,69.63561159478012,96.05908128037515,2441.4804592536752,7.572228243403959,Sedentary,4.0
3037,61.74758869628789,93.64578068908816,15245.094358894095,6.747447518445744,Active,9.0
3649,62.704173576936995,99.8261363828105,1388.8119434710493,7.167860251125125,Active,5.0
2676,85.2641096167726,97.38591745827192,1153.8060320332231,5.60195798395721,Sedentary,4.0
1656,62.39686538252736,100.0,2340.0977061780845,9.06063050110899,Sedentary,3.0
1165,66.88360073812765,98.60424071640504,3151.33124660401,6.065989357075389,Highly Active,6.0
1848,89.95512902942872,98.6200275232908,5638.4055979026725,6.993909419632566,Active,1.0
1495,87.64693512222132,100.0,6511.628399877664,6.671373047002708,Highly Active,1.0
1589,67.83636476094449,97.60290886554458,10946.981128294929,7.176522944358458,Active,9.0
1428,53.015680442028426,97.027426496541,533.6836612912467,8.300731204175065,Sedentary,10.0
3821,88.18919713596065,95.63159581892756,1634.4267315163777,5.238692099640143,Sedentary,10.0
1162,60.90232108193727,98.12417954208262,4924.672562675797,7.738493804166962,Active,6.0
3413,94.37772324662174,98.76878782813186,2021.3629617932845,7.605826828975848,Sedentary,5.0
4597,81.29072714335898,96.95819343123291,14471.771777369868,6.760039779773745,Sedentary,5.0
2262,72.100951749325,100.0,7154.825618728678,6.840163171129509,Highly Active,1.0
1071,81.57723412478327,94.08949303550524,4716.621736939313,4.766592825868952,Active,10.0
1654,97.20345487056083,95.89715574857384,13695.5255524752,3.639137028281512,Highly Active,5.0
4893,71.86219983399543,99.63125548190207,4324.464900082141,6.040786476445773,Active,2.0
4580,77.50439286679047,98.27486804000404,5306.178338741887,6.405103616420768,Active,6.0
4866,66.3532379651817,98.29892919244516,8387.59287087823,4.401747697780953,Highly Active,8.0
2776,98.96992957760824,99.58030269346632,1205.5729457566192,8.310751763716716,Highly Active,1.0
2015,85.24782489689062,99.44112082600192,9449.04019423386,5.711884996111228,Sedentary,9.0
3722,79.65623902826837,100.0,969.0262983878488,7.05736628973266,Sedentary,5.0
2083,98.30652600555707,99.03799541921155,4865.7778717842275,4.975627606253809,Sedentary,3.0
4780,68.09241530047197,100.0,8732.104662895683,8.86938187733329,Sedentary,4.0
3617,93.47063287094076,99.99345090425672,8395.554232210396,4.851160177875583,Active,1.0
4888,55.616718084035405,98.5791620944537,20971.68256086787,4.3308533756739935,Sedentary,2.0
1406,79.94666787432959,97.9080278121285,198.6439085388898,6.659573396362549,Sedentary,4.0
2953,67.50956037384032,100.0,5176.069295138333,7.724294066067965,Active,7.0
3073,60.07043425426,91.85847277720526,1673.0302680090472,5.997517603193557,Highly Active,1.0
4886,74.89678807012137,98.43244557384112,2574.274553481234,8.232430175026243,Sedentary,5.0
4076,105.42071774570852,97.43057923817898,12704.50452974852,6.1750295276853615,Active,6.0
1985,53.618113731135374,99.066451626265,6188.426638444732,8.319510169418741,Highly Active,2.0
4603,57.93559469537839,97.48932737689908,102.45861719363128,6.227834264291937,Highly Active,5.0
1389,83.95471395940059,98.30043523089428,23539.49220643636,5.203669588564423,Highly Active,9.0
3618,55.9106912852575,98.26269150085965,4091.842211274521,7.481360058135794,Active,4.0
2471,67.93434648550759,96.45421581132854,8721.672268163835,7.030755100378302,Sedentary,6.0
1753,52.29551711467517,97.91888883191886,1602.0984718573893,6.578792303194312,Sedentary,10.0
3193,67.64751524693989,96.34712269150587,2112.157927742862,4.934297695542117,Highly Active,3.0
2411,60.42257540106266,100.0,1155.1648493390485,6.41000426182301,Sedentary,4.0
3832,79.66391372816511,94.83972850532392,3541.714321075422,5.520676711938493,Highly Active,9.0
2272,84.64700887014719,96.12574729178904,16455.099189597026,5.481796291926691,Sedentary,2.0
1525,40.0,97.25121594136404,3443.9170600638668,7.992958824949223,Sedentary,5.0
2485,76.60590884331656,97.02600337285332,2378.5841490163957,5.350470111745242,Sedentary,1.0
3060,40.45220327108877,99.66029534381722,8511.463645849517,5.2652772480447885,Sedentary,7.0
3950,75.09461699275545,98.00209419640956,14260.340902867709,6.9711175588741,Sedentary,4.0
3431,98.87285323776106,96.47716673970363,1960.1472724472649,5.125695150853628,Active,1.0
1555,69.77458763013284,97.26117385693996,11548.96468809188,5.66868067967556,Sedentary,7.0
4470,86.06081263966419,93.59628999891572,1988.7704166217447,6.249045629311851,Highly Active,10.0
1018,86.60171400573861,95.77414501295227,4483.3093169224985,7.513764789263998,Highly Active,2.0
1574,87.51656184792468,97.31983120608106,483.43111085060985,10.272881057529624,Sedentary,9.0
4562,81.52747459420617,98.4355998104085,13875.511407282336,6.799241706731991,Highly Active,6.0
3798,63.69433118944322,97.91863792990748,14519.266888266284,7.2871045744085805,Sedentary,7.0
2003,84.66637817594807,98.47147616802133,7918.889820179218,6.968862720706044,Highly Active,2.0
3466,97.34889530400416,97.73388220145516,2525.638056214863,6.012028804097906,Highly Active,1.0
4408,82.27416207712247,99.43424842503508,1276.6047247953209,6.68884355934802,Active,5.0
3466,77.8522198818782,97.41153993038344,8399.977827205319,6.231967623288581,Sedentary,9.0
2938,49.87698085660963,96.5119103486593,761.5880351943308,5.133641590835891,Active,1.0
2939,59.05349770044002,95.53276719538846,3706.5910055354857,7.749644592191165,Sedentary,8.0
2635,64.21850380212665,97.37615781544996,651.0189996888536,3.785865677665976,Highly Active,3.0
2698,58.51972286385572,97.7148844412455,3891.453640819422,6.5114746193090856,Active,7.0
4999,72.53481066155324,97.30618787705046,1011.0888923240911,6.081084674995941,Active,3.0
3169,61.07146782299538,94.6910994525075,228.9944576177547,4.945738066557677,Highly Active,7.0
1431,87.993978274816,98.53139106004234,4181.479126851402,7.434257147860657,Highly Active,1.0
3091,69.01891958037933,97.9526932948831,5870.349412853479,4.967393006492559,Active,10.0
2895,58.26491750888698,99.16816060931164,4050.498833579994,5.888256263473307,Sedentary,6.0
2943,61.15920592088248,97.52195310503876,1356.3479353603743,7.591643951733715,Sedentary,7.0
1144,75.62653487791384,100.0,9090.906807377783,6.44538429496862,Sedentary,10.0
4398,71.30148066321303,96.5541064885706,112.02469853353855,6.036350967524792,Highly Active,8.0
3410,100.76985117243814,97.38019350825876,13930.602393164145,4.4309580791736565,Sedentary,8.0
2088,62.09879169579811,97.81608535171893,14869.248522785883,6.53723959943045,Highly Active,8.0
1799,69.6004361387288,97.41419050429964,7708.132556171712,5.7956625603562575,Highly Active,1.0
4212,49.07269192257347,99.42711104728224,9173.900588638166,6.970595578240104,Highly Active,2.0
3873,84.57663218464724,97.71938364482668,2497.933391535636,5.633611783383294,Highly Active,9.0
2151,74.84464509102658,97.83074316677958,9849.115926751134,7.2567274829147,Active,5.0
3445,91.8381419325998,99.55169288101932,6692.071781694736,4.953274323661121,Sedentary,4.0
3927,71.72146502502491,96.97815465069,10804.226280010522,8.735038390068098,Highly Active,10.0
1462,55.88162641791496,100.0,14326.656077537722,6.250185140846979,Sedentary,1.0
2774,65.61008295260203,99.4784551477676,5101.022712363482,8.523186792743239,Sedentary,1.0
3045,48.08473420160655,97.51463168109112,4672.720913838731,7.630228383565959,Active,1.0
4907,90.58399317775104,93.98266435189444,3901.390166854221,7.0047740643170595,Highly Active,7.0
2743,71.2996307456159,95.67689695037448,10408.511215071348,8.296644237034274,Sedentary,3.0
2935,75.51688598135433,99.95982941797864,2121.9128749352976,4.931993822510153,Sedentary,10.0
2213,55.15852002000834,95.08357212422884,11594.951929447583,6.67257494900537,Highly Active,5.0
2411,70.00967730533922,96.37608636390787,1341.3081133423052,5.279138415688265,Highly Active,4.0
1428,94.00161776610436,99.05362213371842,13889.89149867192,7.21262144051594,Sedentary,2.0
3905,62.652688657651325,98.16092730995642,26674.39510795258,7.623631024118585,Highly Active,7.0
2307,92.36215690629992,98.76891936478796,2698.337084199916,4.154784349798502,Active,7.0
4935,84.92440492256983,97.81983400071164,18405.357936071243,6.374740104385169,Active,8.0
3284,77.08945986188546,100.0,5849.667069994722,7.1366646797136895,Sedentary,1.0
2310,79.08711444144723,95.73251279541212,4218.459734781351,9.175403847002244,Highly Active,8.0
1770,67.34549947615045,96.62593110406324,11267.973281973642,4.140560560544317,Highly Active,6.0
1757,91.56924848160322,98.32032311200916,7689.667578939371,8.532796754788109,Highly Active,6.0
1791,79.61994116446272,100.0,2082.3976621498423,3.2851408088315064,Active,6.0
4854,75.43136836578458,100.0,9057.13791240894,6.980343846227152,Sedentary,8.0
1170,79.92793036839076,100.0,2631.1864501279615,6.311705679284293,Active,5.0
3206,85.76662539504834,97.7304373317184,2813.2627214395607,6.638245836696214,Highly Active,6.0
3248,61.676141414805585,100.0,9617.302302714515,7.282216946362242,Sedentary,7.0
4558,61.66307250283813,100.0,5721.9793792010705,7.324454191203447,Active,5.0
2580,78.2305256624174,98.31394364778215,1439.1329487954754,5.703795403698182,Sedentary,9.0
1961,89.46956870122398,94.69168902973308,8133.365087733858,7.717674106041798,Sedentary,6.0
4847,71.26195408811054,95.92802855533012,2089.337222804654,3.4749972093015784,Active,2.0
3630,96.56839471541076,96.95861441076715,10004.169855054928,6.3581909643784655,Sedentary,7.0
4575,70.50071804775754,97.11361231025673,4560.233924569402,8.194003083027482,Sedentary,7.0
1875,64.32612624063174,96.47679426208286,6326.823226777026,6.928540166809164,Highly Active,5.0
3418,81.81382490380821,97.20728656255976,6431.148267244011,6.574976009088644,Highly Active,8.0
1102,66.80766069786718,98.99314423234776,1111.4152208744626,5.984057049479388,Active,8.0
2001,66.99452518748677,98.46109651124652,7358.270384975134,7.020878206557943,Sedentary,5.0
2148,78.90000991313947,96.95869008697832,14128.547416620828,6.079208901882179,Highly Active,9.0
4384,88.9780780766684,98.9711012080284,15527.83726742688,7.440436764399939,Active,1.0
4023,79.5350803373085,99.07640268051163,8165.669666449085,5.720998492664936,Highly Active,8.0
3845,76.62450954054127,98.87370118315312,24310.980591679905,8.788454445256512,Sedentary,6.0
2481,103.85373394202706,98.09671899825756,6383.932836697778,7.320394237816672,Active,1.0
4301,85.44681575799144,98.61298677668576,2059.4057573168984,9.219292654715415,Highly Active,3.0
1657,69.92263987837734,97.94754544368944,7555.2262375782675,5.9181943845442415,Active,5.0
3929,91.5405698469746,97.36913585944956,16791.827918726376,8.33659324044156,Sedentary,5.0
2220,71.40721917950246,99.2767039576012,3111.4652698445434,4.60203676680378,Sedentary,6.0
4956,84.05331968849194,99.86147414115268,2153.754721341773,7.583040078569734,Sedentary,5.0
3780,83.1020541841057,96.38554097051468,23774.36625394396,6.326410946865741,Active,9.0
1422,75.0400513455979,100.0,10183.489694333875,6.67867876832022,Sedentary,6.0
3619,64.13760646765262,95.83206191697096,357.4191594590901,7.594016182354499,Sedentary,5.0
4681,74.58668534616784,97.873781847927,5765.707416367064,7.614996202132772,Active,9.0
1170,67.88866218967857,99.22234824064417,1869.950863658701,7.757791133940845,Sedentary,4.0
3220,81.33727255849936,96.05277122077268,641.6358059109765,7.312766335293135,Sedentary,7.0
1452,80.06484507077893,100.0,4925.592931703907,5.533735743306808,Active,8.0
4410,118.8792056272274,97.58518203598776,572.7493318404739,6.750045939322086,Sedentary,1.0
4973,70.24873387522055,95.15202086294596,15431.462496749338,3.282058886538668,Highly Active,7.0
2975,89.8338302215184,95.1804112560916,10454.132544748738,7.128583163130813,Sedentary,9.0
2657,86.12954467175066,100.0,3361.8646837456827,7.804731212877849,Sedentary,8.0
3541,50.36564706537326,97.29537772593402,976.6659264431552,7.429936074585909,Active,8.0
4075,62.39061652449753,98.6263241154449,5799.668724812091,3.4328775342107924,Sedentary,8.0
4164,72.03727763974479,92.82288048318615,3849.091026251084,7.484287934605572,Highly Active,6.0
3966,53.11058672796797,100.0,1550.108123395528,5.317056457154304,Highly Active,9.0
3053,81.63419004011074,100.0,1590.2067808226016,4.5689275578172825,Active,5.0
1287,69.88450401721558,97.18374141979996,11134.627681822882,7.9225279584414015,Active,2.0
2641,95.1793711854328,97.76264570337383,5136.051553510922,4.466979249923154,Active,3.0
4217,54.606161561589744,99.40605951072226,28947.023825188084,6.242682466177897,Active,5.0
4499,88.63044559686669,97.06069564530256,21417.824176148995,9.166067714171977,Active,9.0
2447,81.32026023451195,100.0,1622.004538783715,5.499075213595143,Highly Active,2.0
2764,78.54981848329366,98.7073202785121,3470.522989120178,4.013956915773324,Highly Active,9.0
2225,59.016385347208725,98.82853074680013,1776.525608598863,6.578900112752673,Sedentary,2.0
2235,60.76479552989115,99.41920759455624,762.1345465355259,8.267216138437757,Sedentary,7.0
2029,89.85680618170174,97.74429513921012,373.6151550779047,8.599873800349952,Highly Active,8.0
3671,63.27772183221926,96.160505919253,12034.862548401,6.109290218115343,Sedentary,7.0
3423,83.69864091896952,95.04903572685508,20374.800930068723,7.243671575368893,Sedentary,9.0
4962,93.28285749018568,96.91004682875776,10365.999180817133,7.313114907302221,Active,2.0
1446,62.93615115669202,96.72844205582544,9961.836675404826,8.01225290065515,Sedentary,8.0
1834,56.25715048099117,97.155950311011,3755.149741353478,6.3637739553353505,Highly Active,8.0
4177,88.07997790662667,97.62270631580895,7174.559714857673,8.442962883984439,Sedentary,5.0
1810,68.41802654386268,95.94310989312866,2082.0438193521154,7.670330772832364,Highly Active,9.0
2424,96.42959918443306,97.08006543739832,9394.053634435597,4.99688716006599,Active,6.0
4167,70.98230376329548,98.80031418816306,1105.727403197673,3.8146889261035306,Highly Active,1.0
2411,79.16479188765338,96.70477904175938,2431.590447605522,7.418375904360875,Highly Active,9.0
2475,73.85472512713845,100.0,5429.22582114329,6.980649109649889,Highly Active,7.0
1978,66.5120861872846,100.0,355.6898496702275,5.83302739784079,Active,1.0
4972,94.52084873737294,99.06672755321787,26623.121068254164,3.852736402876344,Highly Active,6.0
3463,65.05301364120963,97.0433114897756,10092.32266910323,7.914015781728705,Sedentary,3.0
1725,66.978481347378,97.52265400613928,14867.043236166006,8.832032499092106,Active,5.0
4575,98.01787852297902,99.81155976930796,11404.919060952749,6.693330716198152,Highly Active,8.0
3501,69.64754191279319,98.12971398267436,1671.2984805054125,6.968880483998116,Highly Active,5.0
4362,65.6932572989188,100.0,18891.07599556031,5.586762073457892,Active,7.0
4605,91.50074912464532,97.36396032283476,28982.879723960265,6.256172125641497,Sedentary,6.0
2216,75.23922985131563,97.75217921793278,573.57579974034,6.833521660010658,Sedentary,3.0
2903,79.48325665619488,95.99243188697588,32444.990000111506,6.553699370813809,Highly Active,2.0
1778,59.49065840008886,93.65518870895713,11995.91933634342,6.747366633002698,Highly Active,3.0
1972,92.16634102112673,96.30065629695824,539.2489162217769,4.508624289022277,Active,8.0
3810,52.5942300069416,95.74517257605878,9228.904308077384,7.213499189715119,Highly Active,10.0
4049,62.76944993884179,94.6564358316798,8460.435516889358,8.086236694113278,Sedentary,7.0
2538,61.550541588414006,96.62052473391265,19424.33166966374,7.340344175399414,Highly Active,1.0
2416,72.88433445410045,97.07800646458972,9132.142264966764,4.777975930906883,Highly Active,6.0
4387,63.74663721114026,98.36685505269514,295.9669741404003,5.24874983460423,Highly Active,10.0
3123,94.06497864363185,93.8448115272326,4190.624051328551,6.399891885801412,Active,5.0
1598,82.8013647750106,100.0,2992.8007324882683,7.780106354332952,Active,7.0
4341,74.78069485891568,96.87836302134713,5919.624326808461,7.991776195758858,Sedentary,7.0
2553,96.0203797902462,96.77083289754616,2307.730569938019,5.053636510308622,Highly Active,10.0
3160,76.47537726205613,98.0086191680498,7573.212837170264,8.260888920408405,Highly Active,5.0
3298,71.23824616518333,98.53052096748304,2608.9792810905096,6.461317913689618,Active,9.0
4304,72.95902170099151,99.35276357402287,13310.58257681691,5.903525988438028,Active,8.0
1840,71.6716218522939,94.49155041751156,2730.5238078305656,5.769871057961488,Active,6.0
1713,91.955299943972,92.9521698387418,12241.773355883684,8.149656571672217,Active,10.0
2106,61.110841991224106,98.4919402219901,12116.858389358033,6.312301652012326,Sedentary,1.0
1124,65.21571816719123,98.57261011367837,6174.783521782595,5.4617568473759945,Sedentary,3.0
4246,65.96383316951109,96.57587361020644,3345.356795104242,7.410914505064954,Sedentary,5.0
2092,79.79795905621347,97.76785531700024,5714.159484476223,7.680998342107258,Highly Active,10.0
4118,89.97092273214547,98.38775707658183,13265.08780321452,3.9010911673239,Sedentary,10.0
3931,54.40441751460487,96.2595210182368,1728.3002683992072,8.82597319887986,Highly Active,7.0
2279,59.3044007700926,92.58082485247444,914.6294704114352,9.831979557154025,Sedentary,10.0
2750,69.8460392260744,97.04003979836531,6106.456563680576,6.652981385057048,Active,3.0
1029,83.00637016871268,100.0,5973.917675418344,6.859049251745591,Active,2.0
3328,60.885415162204936,95.88235168160269,2428.540058261456,10.090253443621933,Sedentary,3.0
3971,69.20903316549084,96.88358796937932,3989.8297648763178,4.86081666575976,Highly Active,6.0
3017,64.17791972093804,97.00950683509934,648.8644473889652,5.717525765416824,Highly Active,3.0
4308,86.3627482194421,97.00324776383071,980.9542631753906,7.371932305602907,Highly Active,8.0
4319,73.3568928954628,94.92937534766672,12335.34416899798,8.221510903729504,Active,3.0
3415,64.06946871292777,99.65320670819418,4371.529974515524,6.55709883034891,Highly Active,10.0
1494,57.35493280139926,98.62631265607652,736.0697370457394,5.279625874935455,Highly Active,3.0
4096,69.0592947375115,97.36466059124932,22866.995061857822,8.432180738101275,Active,10.0
2609,71.04066825656523,95.61803082770368,1649.5375097156132,6.488447595407004,Active,10.0
1717,87.70970138567411,96.64953847575389,2667.8869237961694,6.502094781971435,Active,7.0
4561,90.2726166425752,98.96401049115715,25163.90696914451,7.894706105782316,Active,3.0
2016,57.253849735361655,98.76168408155982,1396.7228064070466,8.758525964023377,Highly Active,8.0
4565,89.76856037457637,97.82242636487888,24254.652797907536,6.859553399000398,Highly Active,6.0
2337,85.68880512575882,99.0248529872419,8966.980593543885,7.217413499518657,Active,10.0
1605,67.03451460583521,100.0,3897.1443956708767,8.069529621952436,Sedentary,8.0
1374,86.36905530062448,100.0,6325.8540307357225,6.160386843444115,Active,1.0
2048,111.37845035205432,97.5051059949938,454.330023434029,5.119449956008385,Active,9.0
2357,78.45823257336356,99.50560340591674,11751.214850951696,4.868317728045492,Sedentary,8.0
4426,69.87325292597183,97.4128760737109,24692.3430592784,9.83157317480086,Active,3.0
1115,55.29298693388742,94.46637794626344,3929.589742848815,5.158007568490246,Sedentary,10.0
2619,76.23172306200895,98.45378357201426,1487.176855579901,6.9072317991125205,Highly Active,1.0
4809,89.96855054514566,100.0,806.3770832781169,6.371442961562336,Sedentary,1.0
3146,83.11424706940637,97.14634076842356,980.101090511948,6.674249616563867,Sedentary,10.0
2482,71.05023357434969,100.0,1826.9321739885256,8.580527864365749,Active,10.0
2546,69.02304980799134,100.0,7438.044149630085,6.305945786641544,Highly Active,5.0
2620,82.33932059369383,99.78767261658724,3762.3219127869665,6.867990495344591,Sedentary,7.0
3452,46.60220396680944,99.3583132424032,16189.890285950214,7.626304698025901,Sedentary,6.0
1684,89.80585773031058,96.23615452111898,1171.4797973050906,7.290353848325307,Active,4.0
3950,72.22793511745792,96.95982227264275,1044.711346871422,6.925523857628102,Sedentary,9.0
3550,75.10519019021659,100.0,8269.055143080206,4.379550273685587,Highly Active,2.0
4792,73.0091887436929,97.6776280663186,7034.057654817309,7.648345605714562,Highly Active,7.0
2471,103.68927837717293,94.44372087627646,8613.91259305835,8.26637301105464,Sedentary,7.0
3941,80.77266739339377,98.20380456640908,2895.442015134651,6.305661527424919,Sedentary,4.0
3305,62.01068840570676,96.59216825434716,845.3879080890721,6.940036731276401,Active,7.0
3891,76.40924162682626,94.51209378798656,233.80117779623512,9.41859401851764,Sedentary,3.0
3168,93.86789457213816,97.98602464169126,9487.547174051142,6.073131736461783,Sedentary,8.0
1809,84.91669500961275,98.49568170267452,7912.342519981527,7.433655132074021,Highly Active,5.0
1977,89.88561211989679,100.0,4762.453130987745,6.237661008958633,Sedentary,2.0
3101,58.05356242633506,99.15709172929056,312.73423178166115,7.396308266258725,Sedentary,9.0
2354,63.9332228903127,96.17459774847592,1520.9856672752762,9.193734643062037,Sedentary,8.0
1783,73.1997999505723,98.89904025904583,7126.776280026566,7.051068067806964,Highly Active,4.0
1240,87.75140553993054,94.61812564677932,7614.690461811872,6.081859745546445,Active,10.0
2778,66.47062942766756,100.0,7908.864525080335,6.122495898465448,Sedentary,9.0
2553,53.395738104139355,98.85229292011287,11373.601841126076,6.917282047424864,Sedentary,8.0
1482,69.47866407379387,95.65365608621728,175.76051048637262,9.504110916618046,Highly Active,4.0
2012,76.81589043710494,96.37259202318025,7215.274982286645,8.819846818809317,Highly Active,5.0
1186,85.24371216860887,96.94453160183592,2028.37836440842,6.096712283720915,Active,7.0
2881,61.66361061719893,97.8191723763164,5924.702339028389,6.641238177740497,Active,6.0
3703,66.68845599435286,98.6015087316266,9372.555186475314,6.716615783053887,Active,8.0
3309,78.22831985781646,97.45939013252504,8911.93543400552,3.5722480315239142,Highly Active,3.0
1952,83.18734757599955,98.65247024888292,2376.767917847956,6.15436834434096,Sedentary,1.0
2387,78.04342828187703,97.06136994670908,3072.8773377553784,6.8151901032831494,Active,1.0
1490,72.80195687218283,100.0,17448.02956527718,5.138290120182493,Highly Active,7.0
1430,63.90710160509123,99.53048350867468,13228.09710449088,9.090613536212018,Sedentary,1.0
1238,88.30701418732122,100.0,2079.477147387908,4.811265646680484,Sedentary,7.0
3351,93.2031085358196,98.72803251030804,6190.792955754684,4.977128459403605,Highly Active,10.0
3345,66.23326713740079,100.0,794.3485773795425,7.537426411419742,Active,10.0
1075,67.88401257944413,93.7541524857781,7426.544233539246,6.918171167367708,Sedentary,1.0
4771,85.25501791842838,97.96440863551014,6798.005744487425,5.821442764215261,Highly Active,2.0
2356,77.50928178681748,100.0,2144.8902205098207,8.010827074321412,Sedentary,7.0
4046,79.0652442036083,99.22661634580636,10672.671735881564,9.273729370142473,Active,3.0
2781,80.6957614027952,96.61329568526205,2064.714398047602,3.832316969846523,Highly Active,1.0
3689,68.89188542224221,99.37129621889112,10238.190932334875,5.717408216985654,Highly Active,9.0
4545,45.03027898186448,98.9561745484846,2662.529777660513,8.981480448355246,Active,9.0
1826,77.89989928200907,95.38934318616585,12809.068212450007,7.220669924402147,Sedentary,10.0
4994,85.3488675894422,100.0,216.85147189404205,6.342126913167495,Active,7.0
3330,79.28741510385504,97.63954738846948,2090.2387830803086,5.894776056928286,Highly Active,6.0
1590,63.80989246956139,96.02727666301224,1368.9022957549623,7.024735099222013,Sedentary,4.0
4334,111.85640062721572,96.96487798544476,3916.677837174905,4.3483654870233694,Highly Active,8.0
2902,40.0,97.10601582803996,1940.2125024431584,7.783012040908353,Highly Active,9.0
2910,66.38644249738472,96.20207573179484,961.614908352875,7.911297165924888,Highly Active,6.0
1574,71.74434860574087,96.62346763590924,6383.343405949987,5.856021950162871,Sedentary,7.0
4047,56.424459866401065,98.36657743538557,2331.6791647012587,5.796564480099819,Highly Active,6.0
1891,73.05234110565732,99.9072392829986,18501.40020196839,6.4949858295054765,Active,3.0
1140,77.93775965411174,100.0,1040.7973928870176,7.496001615730714,Sedentary,4.0
2789,70.72806494348028,96.20864998347116,168.55036023544133,6.055825926976861,Highly Active,2.0
1016,69.91753593644471,99.11707620720064,2698.8457569917687,6.2369264432966505,Highly Active,5.0
2086,87.70588806920274,97.67216597121188,1623.237876396803,7.271080520894503,Highly Active,4.0
1464,71.77224845237731,95.28124881105316,14781.700621656712,9.359479905879876,Active,1.0
1375,80.26866227505546,98.579956853569,343.9825918371481,5.923784752502202,Active,2.0
2827,74.97621110589911,99.37775466356308,11309.198321717093,9.18927841634789,Highly Active,2.0
4028,58.4015430611045,94.37453748317394,3883.338949447797,3.782384261152422,Highly Active,10.0
1519,85.29814822764543,95.37084145243864,16582.37141576923,7.234284552874321,Sedentary,1.0
2860,65.63471776110089,96.75921180521225,7698.344353842032,4.121591417416561,Active,6.0
1089,69.8616800012055,95.29282134658872,1261.5668828409346,4.964164171921377,Active,9.0
1719,52.2962795285018,97.82216319051687,22445.1088601859,5.038010665603092,Active,7.0
3851,87.32923237238606,99.36869103972992,1176.567187249864,4.921291677561347,Highly Active,1.0
3843,76.86995434001187,96.93339171855683,2869.404337953838,5.587887840361137,Active,1.0
1629,79.27282143754724,99.48167398523452,26977.966109568344,9.800750946766948,Highly Active,4.0
4246,87.33575000716318,96.42301799294012,6982.193089493668,4.079307395490131,Highly Active,4.0
1075,64.43547620955646,96.63177197420892,26562.753743345547,7.24055588702303,Active,3.0
4684,75.18181834638175,97.58018032083147,8173.924814527048,6.863429880056953,Highly Active,2.0
1925,73.71224422446898,94.70463419225894,7608.770998599267,9.824424564584282,Highly Active,6.0
4734,72.2909202421149,95.08759416062571,6801.620538920167,6.43881219903765,Active,4.0
3447,62.932261720627736,94.79204864614078,5674.94918450967,3.06888045395898,Active,7.0
2805,96.37541867504146,98.46974304185753,20852.69398397556,5.85886716737167,Highly Active,8.0
1969,90.21246731645334,98.67262084436442,5493.104845278708,5.82904972575411,Sedentary,3.0
2094,81.65130076030398,91.78820969250454,7619.8497089467455,4.650706319972937,Sedentary,5.0
3028,95.35203240295388,100.0,9398.29634478272,5.656090965508896,Active,9.0
4251,82.11652773283687,94.08643347328864,5251.136760645126,6.275666337191576,Sedentary,10.0
2404,68.67778533515241,100.0,161.43272271146645,4.4293363050566255,Highly Active,5.0
3844,54.32805105066943,96.70045416292564,6711.275619486464,8.953907888780893,Sedentary,5.0
1194,88.00024967603211,98.219343299782,134.0812050710235,6.9208387246067415,Active,6.0
4982,50.57289213708819,97.6300563440556,19340.982329528066,8.159551788125638,Active,5.0
1227,91.53561208805868,100.0,12256.204733652046,6.7719690183424275,Sedentary,9.0
4502,82.45051882801722,97.46987599134049,1730.58352659514,4.930291427731865,Active,8.0
2459,104.26101961174471,100.0,2821.8901937594273,6.90637093804762,Sedentary,7.0
4858,77.70120812068828,95.97185957278458,7913.977312410175,5.746166697783907,Highly Active,7.0
1460,84.83935088707224,96.75439777515258,2919.402335048927,4.83582728212173,Sedentary,6.0
1617,85.4548682250357,97.39612000681204,13602.636751084152,6.382881317723066,Highly Active,3.0
4092,61.71633650631774,98.03757487867568,1999.5549144519607,7.730553140874312,Sedentary,5.0
1063,58.98945372992161,97.89265699968348,11937.38545081626,5.989121256996411,Sedentary,6.0
3212,60.993320799119594,96.8136685452026,4373.192623355621,9.40993645054833,Active,6.0
3074,74.50903743231906,93.77731020116806,4227.920913442895,7.9263593964854735,Highly Active,3.0
4382,74.89112036022833,95.47293877160698,1291.1389672308317,5.6782265834449195,Highly Active,3.0
4059,75.510821407381,99.10297655469292,28676.34870769427,5.6326738071933296,Highly Active,10.0
1284,82.41227511867655,99.75691645932328,2960.0342333849785,9.717117699729842,Sedentary,1.0
2683,63.857545214893165,97.4332600023794,1602.5572212634445,5.995590411543094,Sedentary,4.0
3328,87.58484953447646,96.37976539776191,230.85734488585865,7.046330107299562,Highly Active,2.0
1837,81.45791804191305,94.63093033686586,4761.76543893652,7.1327000526566255,Sedentary,4.0
1830,98.7104030448511,100.0,229.53675134912348,3.9141711010889257,Highly Active,4.0
2187,81.46395524026204,99.07953334098524,4253.421958303606,3.933708475397549,Active,9.0
4969,73.9582308803896,95.54090708822756,16305.689102026792,7.784471888367323,Sedentary,8.0
3965,107.21222690500645,98.67083230505877,4823.677119621992,4.928955672814995,Sedentary,2.0
1223,73.74057244496841,98.14452313917982,309.93597509561505,6.517797583520561,Highly Active,7.0
1783,79.34258114730376,100.0,2149.1999423214093,4.234919620954706,Active,6.0
4217,81.51811394452983,98.33865162359076,349.8232471137462,6.007311652303688,Sedentary,7.0
4012,88.96582158428038,97.82126732392112,14961.582506257502,6.820607109179751,Sedentary,7.0
1949,76.28273862312179,99.23107837336822,1922.0537893823275,3.409804172413966,Highly Active,7.0
1044,97.343701271377,95.75884410033449,4674.262459174574,5.79720316234497,Active,4.0
2810,53.06447207293813,99.15716194313455,3641.861269789743,4.84933681787044,Active,8.0
1470,60.23184023544861,99.2452068748929,18328.6623832576,5.935091976574938,Sedentary,7.0
3081,51.65649166030978,98.63503179751336,5297.646890748018,5.937229068303421,Highly Active,9.0
3700,61.12166540107758,98.8371785758626,2313.670187654047,9.387359677046213,Highly Active,8.0
4498,50.45972508960021,96.97801296652663,10990.524154282004,6.318750103817188,Highly Active,1.0
1829,76.62281817821837,98.26768380466606,2220.097646806135,5.80349487694418,Active,10.0
2909,61.60667509636151,99.92076629869268,4094.1547184597257,6.315733868019898,Active,9.0
3268,97.72180648020507,98.85302793083709,11377.940814054911,7.135522268287292,Sedentary,8.0
2891,82.5400794849549,99.89264233711889,18760.346139686924,7.08021551319842,Sedentary,2.0
3581,75.99959703087097,99.85408823053557,6518.020704529808,7.174727667535306,Active,4.0
1691,78.98632055073756,100.0,4919.709683267794,7.4045701687855265,Sedentary,1.0
2390,84.69059051030143,100.0,554.6141146681198,4.3096107851295375,Active,3.0
1931,92.89076791309868,96.91159770443576,6718.393106853016,7.274725006412488,Active,5.0
4814,64.775987237018,94.33324385599114,5058.010722221458,5.565381798883894,Active,1.0
2573,54.5712034234902,99.82413487924627,713.7111582212001,6.468782812441155,Highly Active,1.0
3629,80.9879341688143,96.1317773424656,3543.7139460700396,6.761520783562447,Highly Active,6.0
3286,84.23461611809444,98.30294368136585,1146.8522561043262,6.894649562087333,Sedentary,4.0
4406,79.98036903119907,100.0,1742.3971126835577,7.475621872786196,Active,1.0
3488,83.10544075882683,100.0,17740.17857933081,6.865677622392391,Sedentary,1.0
1147,102.05062973084658,98.80026448790832,8725.950718844524,5.41237146066465,Sedentary,10.0
2032,86.92437790920285,97.34195710641713,16709.712881310723,5.2052344442793705,Active,3.0
2311,51.73322233714258,98.61736911590786,4943.040843426777,6.773299347456277,Active,8.0
1387,73.73157794600377,99.9767878501079,7.851846207007203,7.704613433457617,Active,10.0
4121,76.31341459989682,100.0,245.2701278753381,8.462968582406859,Active,4.0
2873,90.38797360852774,97.43603923645318,1094.0818641112626,7.6472120090448605,Active,2.0
4588,76.24911061214506,100.0,10621.82561350568,7.267551061721086,Sedentary,5.0
2878,75.64025875046474,100.0,749.9506115193066,5.5795482764471656,Highly Active,9.0
3685,78.59786801328792,96.998297096811,13812.61585914881,6.969357494727388,Active,5.0
4658,73.59901314540875,96.30238001817912,1816.2948960192075,5.479968542840362,Active,3.0
4748,68.71300653543317,99.79164115529016,4885.96880322272,5.10478405094186,Highly Active,6.0
1277,72.78430238474958,99.56049106054628,2903.0047303249157,4.9064254904297755,Sedentary,6.0
2977,79.57694780696602,95.6463135581519,15880.85290435428,9.147252299336667,Sedentary,5.0
2859,84.31002623086991,97.85857798002776,8539.545864229014,4.550042230469458,Highly Active,10.0
4036,116.04667149201627,99.18951361078418,4234.90439201151,6.181564568544534,Active,1.0
4371,55.0617397108367,98.08687662098868,13917.483486197534,5.408133862997907,Sedentary,4.0
2825,83.8076935352622,99.90214272865938,9081.10415763078,5.20430525146495,Active,4.0
3636,97.13662598258344,98.83525692206187,11583.84319095668,7.117149667054685,Sedentary,4.0
2833,63.39764803157216,99.67213910953085,26580.185448834167,7.734468035128419,Sedentary,6.0
3696,85.27006765614433,98.51173455329956,1589.6375631166284,4.7346503218513885,Active,4.0
1617,69.52677949836445,100.0,1583.822808754634,6.578769962758542,Active,1.0
3182,64.00302112912762,98.37206754104383,5324.113988066924,5.821729696439765,Highly Active,6.0
1579,73.63956420565783,97.96989337096196,14234.25267202109,5.099448237722807,Highly Active,8.0
2170,73.07702786839072,97.3120184625034,1186.499790176572,8.162886163084936,Highly Active,6.0
1489,86.29946317764417,97.47207202645887,3874.217422602697,4.948997784117907,Sedentary,3.0
3525,53.33782922666306,98.64298854007065,5254.115392611373,4.545733586313444,Active,1.0
2182,87.75027186141831,99.4739419447118,4367.154480933129,8.14814465342556,Sedentary,4.0
1383,87.41685666293486,100.0,486.22216244769993,6.799917186456784,Highly Active,5.0
1162,79.63418998875477,94.59728206627048,1119.9729310232694,4.72839048934542,Sedentary,9.0
2876,93.50137309642832,97.71345725460232,6344.921895844743,5.563899196232018,Active,7.0
2212,67.48663281584217,98.26927006321942,3920.869650263326,8.73324962007192,Sedentary,1.0
3462,57.15749961085394,94.10573596899552,1373.5715711998696,6.137694181947846,Active,2.0
2630,66.28489449880692,95.76368149237068,11370.659439985213,6.465433820940676,Sedentary,6.0
2204,47.57691019203931,98.27093169320769,1651.240211148934,8.655458263385217,Highly Active,3.0
2857,55.29208259718745,96.88937857479412,460.0983426134944,8.236330053449894,Sedentary,7.0
1186,78.49529524055554,98.52755952822716,13562.644484647712,7.312125781879002,Active,10.0
2907,89.06791169302704,99.15650694095535,23026.03098626107,5.670333849297216,Highly Active,4.0
2161,95.99215999728465,98.21422777134585,1186.1318869956526,6.502791838248754,Active,2.0
1129,71.22881370580883,95.82818549934908,10797.688952749775,6.180775581190749,Highly Active,3.0
3241,64.2558027966857,98.77326363520766,716.5545266175822,5.639798315935173,Highly Active,9.0
3363,95.04617287559827,96.2893084362734,22754.6380176991,4.884545604471999,Sedentary,7.0
4856,97.59639894388194,98.915619023517,4211.274852455583,8.539342608377897,Sedentary,6.0
2887,85.2395757313859,100.0,5364.204793095511,3.4082542334081944,Sedentary,5.0
1143,64.62145345368664,97.37583230340208,10104.385019113011,8.497253189100705,Highly Active,2.0
1015,55.24528486805258,100.0,2002.4238365569995,4.4935469398106545,Active,4.0
4373,91.7435129905166,99.22613252161815,3562.5044586681415,7.314736574036015,Active,5.0
1244,93.59673893793708,100.0,6674.687449293674,3.99982681098824,Highly Active,1.0
1926,65.02173180764765,98.00364289135624,11242.69929742263,8.218012622883917,Active,9.0
4159,96.11244946811073,96.76934542197212,5380.397513747037,7.694225032990284,Sedentary,8.0
3176,71.36955200546404,98.15875423704644,10161.22568107661,6.69488973254665,Sedentary,2.0
1906,79.62901583263302,96.61376094215947,1136.8618130649184,8.076403402371183,Sedentary,9.0
1886,57.582113940987696,97.27847654134231,9522.01162078856,7.439518614391277,Active,5.0
1340,57.959926477256005,96.79693499062184,31.845491626950857,7.419392828476107,Highly Active,5.0
4398,66.89763499156687,100.0,7048.058514129766,7.756358940345481,Active,5.0
2433,78.6106253806291,97.7446864777681,2705.19850667701,7.176018855988858,Highly Active,4.0
1305,84.78741924343055,97.85769652314126,12243.590557904938,6.156242355084001,Sedentary,6.0
1907,82.9454997893261,96.05205326564396,5925.661839240849,6.660154235074986,Active,10.0
3654,88.80826378809363,100.0,3563.7069711211966,6.100656990690476,Highly Active,2.0
4792,78.40524002998497,100.0,4388.408454500092,9.77905474700128,Sedentary,5.0
4296,79.60946326907941,100.0,13207.000024938652,6.3702220037829465,Active,5.0
1320,102.60605647534126,98.83241449701526,1986.7538902802105,5.242298539771357,Highly Active,6.0
2204,82.46193464349683,100.0,3223.484560480917,6.646667968015199,Sedentary,3.0
3665,71.7397554520065,98.72688905998788,6263.38102754149,7.452201258300341,Active,8.0
3758,78.64455150628251,96.3436391082488,5998.0767842987125,7.272784192246535,Highly Active,6.0
3181,69.075105696258,100.0,5929.1389145967405,7.918535886353688,Active,5.0
4863,72.05701669790982,97.35209686475405,4241.4941674660595,5.90185794436035,Highly Active,8.0
4843,101.84431967793287,98.01153508283218,16884.687185719293,6.570871427387399,Active,9.0
3578,99.3511657871864,97.35494570096672,3983.5563833074534,6.275347717706924,Highly Active,10.0
3457,60.41808556509068,98.2568491810206,1660.768978447261,9.1908673566952,Active,2.0
4367,77.08446297794656,98.68175688871726,2826.9330940484197,7.602812399532794,Sedentary,2.0
1817,85.81049388350837,97.65712851180751,2004.2853371332471,6.340567385743963,Sedentary,3.0
2194,86.58242672478352,99.46589151083512,7754.682236161907,9.517548226297832,Highly Active,10.0
4402,58.75505238292017,97.3906429750213,8607.735365182707,5.585848281809138,Active,7.0
3540,56.763406788645355,96.77153396264666,2267.866113919375,7.014129358104291,Active,7.0
1194,84.51678235735491,97.96238421184437,12337.859941418135,7.0909338689751,Highly Active,5.0
3537,96.536955452877,96.70309035591498,2423.104519229539,7.364039159930251,Active,5.0
3842,65.15853334152622,99.7182992490618,3731.414502404628,6.195906816680267,Sedentary,10.0
3928,67.16699781090922,97.90198929505128,7649.49556848988,5.245864297160416,Highly Active,8.0
3229,44.60727968596872,97.53751012588371,5709.840024757101,9.248352753055627,Active,8.0
4009,87.01653404446226,96.85033319016608,4939.400390797384,6.6521822434990385,Sedentary,8.0
4888,106.9561086693959,95.6253423034528,11066.604927751056,4.944459156961526,Highly Active,4.0
3959,56.29721226199338,100.0,8610.32120286795,4.966586076823038,Active,3.0
4387,95.03177822693286,95.26262056922062,1837.2583425105904,10.195863285256976,Highly Active,7.0
3741,86.7597566014998,97.82209555358844,115.1698612969256,7.004956029168097,Sedentary,8.0
2619,71.34885980933278,100.0,2332.804832941835,6.998873068722821,Active,1.0
4749,83.28590062549212,98.62964989883318,307.2736262676048,6.041557542707714,Active,2.0
4867,82.84677730728376,93.95508204540964,1989.0744908358156,7.360407690760508,Highly Active,6.0
4864,71.24230618777685,96.04233931120926,7734.813785754011,7.025132735951476,Active,3.0
2119,81.9060783118927,100.0,6209.011211682182,6.451328282349539,Active,1.0
4452,69.58350806552684,97.9518677751754,1620.9524178514123,6.373421128903697,Highly Active,6.0
1777,73.31156425724049,95.86790708863484,1442.4801703957046,6.169844405170045,Active,4.0
1443,71.9572742309435,95.31563269266726,4113.2196354481985,7.922817571139072,Active,9.0
1807,53.57233991867817,96.16277402822725,16.67187092611145,9.583349193588958,Active,9.0
1844,80.38888227534821,97.22324208651992,2754.259596660772,5.932602110839266,Highly Active,9.0
2015,40.96226317233467,100.0,169.44342577244254,5.958962519660558,Active,4.0
2384,88.06536720804725,95.8288948178689,4310.812542849461,6.426378743248213,Sedentary,2.0
1553,68.92172347987993,100.0,2059.7993324587324,7.776881965745737,Sedentary,5.0
3350,82.27154742914254,95.90179404814322,2023.7061652894083,8.276698643459905,Sedentary,9.0
1420,79.01422587722045,95.140198443582,4417.5815366293855,8.42533659706661,Sedentary,10.0
2269,108.47846407888716,98.6138889974851,1124.9683782968464,6.187899222731773,Active,8.0
4791,82.53632098648274,98.13495545061724,7111.60431426368,6.169267316926197,Sedentary,9.0
2260,76.5864663543069,100.0,12795.58216240716,3.5133375770949837,Sedentary,5.0
4605,91.42419523481104,95.61456510334808,1514.2659003345354,5.514686391558105,Highly Active,1.0
1184,99.11538040082536,98.44880045017594,7525.6338363473715,5.102103292879698,Sedentary,5.0
1467,106.0801692488867,98.88950929410557,15325.083368674244,4.839168703637379,Active,1.0
3801,66.03652583818024,98.23275858769873,16336.978938471886,5.769593062436969,Highly Active,4.0
2306,65.68253997009981,97.90628381182268,1156.5491355267486,6.462933568948418,Highly Active,9.0
2576,109.8173257798304,100.0,7534.633724999076,8.53937965404754,Active,7.0
1335,75.70959705036262,94.60525658172982,9291.26193576334,8.248253841513032,Active,3.0
3209,89.35610981454705,100.0,9825.904256619588,4.812725911066026,Active,3.0
4231,72.51966279799397,97.0117543925496,19062.75520920421,7.142096343460373,Highly Active,6.0
2497,82.48654521518895,95.71362081738944,6686.566191307649,5.300368712345332,Highly Active,6.0
4393,90.60255624639797,97.72429829261374,4887.835063782452,8.466471046214739,Highly Active,4.0
3059,94.5395153331864,98.2684114644674,2715.529693919286,5.770515685536297,Sedentary,3.0
2447,66.11135137029748,98.1572441217414,412.79765527532425,5.018956535233285,Highly Active,2.0
4144,47.85179959828169,97.216229122444,8847.693883274265,6.577223037142995,Sedentary,9.0
1587,97.24308884847194,100.0,140.3455630503365,8.480342745782398,Highly Active,2.0
3795,95.34027739130156,95.72772220069352,463.82538545988064,9.50780891805169,Active,10.0
1200,86.86534896156502,97.27208896227992,2846.5947452575624,5.575883376566682,Sedentary,10.0
1521,72.22303450364461,97.9397439176881,18722.09049887662,6.697372056715491,Active,5.0
2887,70.79917213595128,97.9111244437839,4619.800732568633,6.9131124571114135,Active,10.0
3552,95.0104902399728,95.77894809111396,1696.0944329499011,4.367925474300681,Active,6.0
4809,70.18867911146923,98.19551999016008,15914.517457460375,4.285841411423356,Highly Active,8.0
1787,74.92087505426525,98.81891703844744,3232.169837517364,5.936449296438186,Sedentary,5.0
4110,79.91920586111652,98.86818346286508,8804.617955447562,4.397959142487997,Active,1.0
1059,73.38983300355585,96.52189099616486,4072.763421919507,7.530465846793813,Highly Active,7.0
1577,75.14537506071862,95.77738042365908,9164.779071746963,6.591610963934549,Highly Active,6.0
1320,101.872685237084,96.19332379241573,1724.6754654303645,6.517278426550696,Active,1.0
2458,82.87122024695279,96.40106312941172,1139.135000900164,4.857079646835238,Sedentary,8.0
4707,80.74001982318269,93.31795018905562,4325.461274681049,3.9404346079178114,Highly Active,1.0
3933,87.32665809055871,97.57489085878991,2695.490734698133,5.603008578562142,Active,9.0
4479,58.21771291208729,97.72668925051514,6504.797150462978,6.573065421371792,Active,7.0
3037,90.26409726932816,95.9462952505962,10884.408586220294,5.43687447663809,Highly Active,8.0
1922,79.54295050177505,98.9871778441332,16224.199319822825,4.8543121995513765,Active,1.0
2409,65.744053127267,97.51694550166836,10005.22400965857,5.941937371208896,Highly Active,2.0
1568,82.99741386074157,96.89552573119252,9097.369554347562,8.622058760772742,Highly Active,10.0
2101,76.29292916619747,96.90826657416822,5283.463439596475,6.72533694675923,Highly Active,6.0
4265,91.2924699403358,99.61798505307526,16557.23006950032,4.299372807934675,Sedentary,4.0
4356,63.72734524717805,94.96309514492496,8590.234736997476,3.466710192353632,Active,1.0
3571,63.569579035961496,98.83796285533478,569.1958080825514,7.0097140798978,Highly Active,10.0
4227,77.01257713991374,98.64910041182296,3179.3763986490576,7.246793764461057,Highly Active,8.0
4411,70.02821321011093,95.9697010950435,1288.2753298405871,8.27002848225644,Active,2.0
1870,54.70416103426578,94.33594094786336,3294.7587135832528,6.15936045613234,Sedentary,9.0
1279,55.82418543199558,96.65866070940866,629.5868130264787,9.27260393629655,Highly Active,2.0
4977,62.833485589906616,100.0,7908.206652498402,5.145281260395624,Active,5.0
3669,69.24284306980802,97.45404368275976,7307.655241820767,7.000485572897574,Sedentary,9.0
3893,94.91266041529816,100.0,2131.0880800826603,7.660157610327939,Sedentary,9.0
4729,79.49401640320083,98.3826500299614,357.7623872669119,8.165871641226657,Highly Active,9.0
2751,57.2280322033312,93.8231104135909,21442.655878494148,4.062658087644255,Active,9.0
4981,54.97604312437862,97.83676704207866,2773.70165193896,3.4218365358292373,Sedentary,2.0
2151,85.12404498410595,96.69530960385131,11769.5584593007,4.905962291665775,Sedentary,6.0
3361,86.83546809495328,100.0,2857.6772136929367,7.123606986124055,Sedentary,8.0
1331,91.66445647285587,94.48111461253248,8292.568980637005,7.0344623240402715,Active,4.0
2173,72.34082285568302,94.42354696572134,4492.194693307572,6.962743281945679,Sedentary,3.0
3039,79.12452189991814,98.21064359106556,26300.451236937497,8.336486996139783,Highly Active,2.0
2477,69.21970988874837,93.56132350057275,7122.208827080474,6.026754333209671,Sedentary,5.0
2708,61.33025064734828,97.59169035376752,7112.195777220107,3.995980229511485,Highly Active,3.0
2443,82.51217381914691,99.38257073138168,1741.47084251092,7.940755147887472,Active,7.0
4093,59.021675089346225,98.1556444846475,2560.9169627979045,5.748165444700598,Sedentary,6.0
3686,50.903462152970505,97.81301352552369,612.0233658077476,5.986318074293463,Sedentary,4.0
2379,104.61175225739905,100.0,6765.114571435042,5.946096884502372,Sedentary,1.0
1439,66.6202019587871,98.76722897747442,38138.14334651579,3.252939099751772,Sedentary,1.0
3776,71.3649050211137,98.58968412548812,18194.43354981942,8.360287280232681,Sedentary,9.0
2119,88.00054573096676,99.40570265003016,12495.797490631554,5.524452346609196,Highly Active,2.0
3988,75.66907628292351,97.71504419289552,4863.532492726252,5.938614627864453,Highly Active,9.0
1163,93.33181588741068,98.70005740381472,11434.113891513984,6.210461608649218,Highly Active,7.0
1147,80.9036426069876,96.6347835650399,5729.827385126196,7.286655046518166,Active,6.0
4601,88.1328862461352,95.38679336531334,4293.351278360011,5.760567569761877,Active,2.0
3341,45.33423766487137,97.78819473520896,1770.9233151394624,8.098836624715723,Highly Active,10.0
1194,76.37932929944473,100.0,21101.596457961085,9.311791131655475,Active,6.0
1662,58.38256885593889,99.37959322127764,6382.637690165958,8.953977912625172,Highly Active,9.0
1122,71.55539059902371,97.21224558450342,3945.291435763887,5.595157457879961,Sedentary,1.0
2423,63.23712135326187,95.18209586558896,23399.73576766859,5.945382637520913,Active,2.0
3746,93.81239190235657,96.5049498787833,9922.170914806027,5.2236069645769145,Highly Active,2.0
1964,90.1082999601086,95.47338077197034,15007.965493836493,7.123724119833331,Active,7.0
4523,54.42152370149718,97.29865823507576,3527.876228553,6.160308347525201,Sedentary,6.0
3708,86.43700177791203,97.0164931508203,481.50063454172624,6.475508546413834,Sedentary,8.0
2485,98.33319460734172,100.0,2507.965398977463,6.883904895266156,Active,10.0
4814,77.32343079648778,93.73068292059666,5236.264939694793,5.969900441157002,Highly Active,2.0
3014,85.71296108064574,95.82796403748618,1493.4884434600408,6.277524038997881,Highly Active,9.0
4789,78.21056917081938,98.69227169915573,19427.326136146516,6.275907456601035,Highly Active,9.0
1709,78.29289206254249,98.5470422944779,16665.652875537613,7.506129509986428,Sedentary,8.0
3443,61.119964929553866,97.34085092501608,2122.8995350583327,5.332859034259401,Highly Active,7.0
1911,111.8084564283798,99.92880989452836,7378.508755040547,5.801930584389403,Highly Active,8.0
4052,64.11644277528502,100.0,2014.4099218111085,4.887463412657302,Sedentary,2.0
2734,72.36614644958156,98.0401985953456,2859.5249516357426,7.287602477235448,Highly Active,10.0
4629,86.80332020666485,99.23031264286246,12245.239193246489,5.179131062950274,Sedentary,4.0
2823,56.73191147175276,96.08074640138446,6779.188969038619,4.069717653906241,Highly Active,8.0
4598,72.94560800697168,98.7173764755286,12511.29822633217,7.0465395714791885,Active,10.0
2579,72.47912003787899,97.89705218150556,2990.885091105692,7.751034285056246,Sedentary,7.0
1680,75.55117859500896,97.3024502990704,1754.1020007225852,7.523640543538258,Sedentary,6.0
2333,68.61704893907846,94.67828272081124,11789.70306634218,6.176421292994152,Highly Active,1.0
3542,89.51439582890484,99.4186087899029,2667.4581649626175,6.1164577855228295,Sedentary,3.0
1555,82.94062691874983,97.97491224491831,2696.181280362213,4.820201314270023,Sedentary,6.0
4844,75.98829172006246,98.27297121959911,2247.9288912797733,6.363189344994004,Highly Active,2.0
3156,69.16396684891062,98.32945098875288,11519.068382154976,9.880065283028308,Highly Active,9.0
1371,81.78331164998227,98.8127909228587,6483.583782454908,6.4963078785790875,Highly Active,5.0
3902,72.90053894350474,100.0,4197.927233338014,8.272992576057554,Highly Active,8.0
1615,81.57846113393644,97.37004494700678,2371.4220007589306,7.827613892488632,Sedentary,1.0
3815,103.3316967564746,100.0,2158.1499343660453,4.3189988262991985,Active,7.0
3253,88.26832507595569,94.92962910905416,1657.5501322592193,6.646533122609504,Active,7.0
1846,81.21353262953353,100.0,2968.6658994519394,5.44938386471468,Sedentary,5.0
1042,71.75799363993539,96.31029162236425,281.22616395874326,4.948873615936503,Highly Active,4.0
2853,64.05561638663225,99.6128197182062,10934.636673777128,6.279900539096643,Sedentary,5.0
4358,79.36177488186061,98.447504081858,14404.999796330663,8.222814231122257,Sedentary,7.0
2378,96.6570107165942,100.0,339.789187660729,3.121794809227166,Highly Active,2.0
1475,79.50672425888996,99.63252961824776,7232.990073130039,6.793698275696558,Sedentary,4.0
1082,64.16983218630551,99.3044337405664,4935.82721686475,6.29217530695428,Sedentary,3.0
2133,105.81460674004548,96.20253603298671,1096.199219393675,6.665603199234796,Sedentary,5.0
3237,65.71060618458947,98.01952885226324,2077.3538025715447,5.8124309845041795,Sedentary,7.0
1935,48.42382014115993,95.86096988136842,5024.236244939687,4.116067083938589,Highly Active,10.0
4980,98.55992315077113,97.61141070927629,5055.812718975745,9.646493892572128,Sedentary,7.0
3298,44.49162064546209,100.0,1000.9041910291152,7.126484617140945,Active,2.0
3338,59.06765816209868,98.5303262383901,6245.837762418937,4.900932297753547,Active,6.0
2668,95.93265582327948,98.55229811360464,913.2041617193812,5.617053542070788,Sedentary,10.0
1325,79.0044036268395,97.89436439107372,2673.590986075399,6.9020775541138,Active,8.0
2534,53.32437944130622,98.0255133368515,5800.955262837829,5.330799128668368,Active,3.0
2686,90.4345786495324,97.65322418771684,5730.417997590533,4.492827443930917,Sedentary,10.0
4678,74.76027062664268,99.6029856346951,789.2965588306922,8.166266914614173,Sedentary,9.0
4861,97.61466011687588,97.9910999330332,4036.064637141099,5.15537365818934,Active,9.0
2985,84.20242403572982,98.43175738948794,1630.2569300953326,7.864798808764837,Highly Active,5.0
2964,63.599536372776576,95.23019455598411,2837.062919876442,5.242118212516004,Active,7.0
3778,86.66994368232609,96.83912126012224,484.7304615363273,6.184705576873267,Sedentary,8.0
3119,64.90192724566104,96.22717579514658,46201.727025200795,8.947820617414308,Sedentary,3.0
2270,89.20748603187803,95.5323633366024,1284.9041415425177,6.212393340186765,Sedentary,1.0
1640,81.09890869408227,98.21284648281508,8040.205033912338,6.6816950425349315,Active,1.0
3987,82.76743582038137,98.59337050730694,13008.072008423336,6.629936088223152,Highly Active,2.0
2878,87.43529345806299,100.0,8605.688308804418,5.423203134061003,Highly Active,2.0
1607,61.00782290384545,95.46186988060924,16845.274650580646,4.946577632391525,Highly Active,3.0
4658,77.85128735089783,98.06533458950602,228.3097315944866,6.987441794031134,Highly Active,7.0
2958,90.1112801691716,97.90475481205024,464.23870539767313,6.834705958119276,Sedentary,10.0
2367,91.7126675039299,100.0,309.9570051400045,6.574032098959562,Highly Active,3.0
4996,61.71115082468569,92.789499466868,894.4188043743584,6.429177359670381,Active,3.0
3101,106.17370990921664,97.2112145912366,11885.996668008527,7.27646723845976,Active,5.0
2753,101.47627001527472,97.98306096889344,15874.406764980078,7.977281226656222,Highly Active,1.0
4603,85.27722888439955,94.53440145687506,3794.303484741043,4.924736824784678,Sedentary,9.0
2581,64.17839103740327,97.62450545326315,1321.023711155067,8.10527235696142,Highly Active,7.0
3240,78.17586908586391,98.71113672086628,3816.899332868909,8.500190964812164,Sedentary,2.0
4508,44.54197884883233,100.0,6377.356530122708,7.609544044039218,Sedentary,10.0
4182,87.93970562934737,97.40612252791702,6651.322907669377,7.400323988813383,Highly Active,6.0
2872,74.05380752413242,96.18816663026958,12549.5138187771,6.564832586751455,Active,4.0
1705,77.2181791333528,92.00919451948562,3153.2222801153653,6.419177306407999,Highly Active,3.0
4996,77.2662792177872,98.1167859241839,299.0917506634014,4.77177704223758,Active,2.0
1851,66.220202657523,96.2216412187475,1760.6280159978428,5.6041305339012215,Highly Active,9.0
4397,112.04250592016793,98.37078099376618,3031.95281690773,6.895992943403879,Sedentary,5.0
1007,63.263958613562394,100.0,22576.627187340655,6.1735151798187085,Sedentary,2.0
3076,88.91922037696825,98.40340554612663,15366.788706460522,7.898014979697436,Sedentary,6.0
2135,88.85021162649304,98.37014859492967,152.34323075289294,9.140790295286523,Highly Active,5.0
3994,68.13209275227997,99.98427661354744,30523.3008340167,7.917896691336243,Highly Active,1.0
4744,60.954141475714614,100.0,2080.5419326435986,7.170535435728914,Sedentary,5.0
3178,73.40288522585632,98.4065049369422,10453.17125267427,6.2769810382262285,Active,7.0
3756,102.23779235528016,99.1029535570858,4928.50198271041,5.679547381378945,Active,6.0
4435,66.54926118860588,98.07795718823746,2966.1036703007208,4.174487470087827,Highly Active,7.0
4275,88.22522188504468,95.602106582842,14459.073611229896,8.421007543093214,Active,3.0
3259,49.97532968721989,98.38387925507118,19716.63578626795,6.904880142084969,Active,5.0
2644,66.55321277198456,99.54740588741232,915.2671550654492,7.296953806795092,Active,7.0
4144,74.7862855367847,98.5178496270481,990.2214300744358,9.33468659049564,Active,8.0
2702,67.3846136317151,99.5092802506696,2916.731423241808,9.1379508030213,Active,1.0
2795,47.63753752662925,98.64666417567292,11986.526107655638,6.474974590773964,Highly Active,6.0
1242,96.22029027034704,100.0,2870.0321484376423,6.457734367342905,Sedentary,3.0
4858,95.4291399470009,96.59384899391502,16656.069585022047,6.169888438101342,Active,8.0
4173,50.032328881938,95.92418106863757,3710.9161835518,4.827870832841448,Sedentary,3.0
1170,83.39195695404509,96.60091720491556,4077.5464284934783,3.1744779655661777,Sedentary,10.0
1652,79.20898987776873,99.6193947050396,9455.301181316132,3.0825821258146875,Sedentary,5.0
2932,53.14114331538121,94.1839740512538,6404.467255816397,6.403642600865126,Active,2.0
3235,87.03044902906436,96.571414131194,1583.7880696300929,7.748630977624662,Active,8.0
4512,66.72041418347284,99.90527110488463,4856.408942476231,5.344574919661923,Highly Active,7.0
2109,40.0,97.62209792319553,564.0586293800907,9.1245445719333,Sedentary,8.0
2499,77.98803888945642,95.50342024024322,8634.898601373217,6.078171809565964,Highly Active,8.0
3099,51.5521598131776,97.01234347964323,5122.365104208123,5.229342942315724,Sedentary,10.0
3158,92.1715959321643,100.0,913.758018542422,4.36421566557609,Sedentary,3.0
2972,70.63476669239213,97.6254257102676,10189.7967972207,6.646317676687634,Highly Active,4.0
3924,76.18386901699684,98.61408573047213,11427.574072476478,3.484584295781401,Sedentary,9.0
4925,82.79522662272737,97.59975186930228,9265.332144363018,5.375345609126737,Highly Active,10.0
2066,76.5740390907861,100.0,2793.4988539396936,6.566958214905205,Sedentary,4.0
3258,66.13455469369363,97.36635760819873,8990.418858617679,4.403853824618508,Active,2.0
3035,91.94370799310578,96.8629045163947,6034.4250389694025,5.715999559293138,Active,6.0
4271,73.37168067561106,99.43137524656451,5494.987733274087,6.537143362667692,Highly Active,9.0
4881,58.13714226418658,99.17827057232545,7323.658937849158,4.673729778754797,Highly Active,10.0
4823,73.7923519658323,98.38747879727534,11236.223088938848,7.912627418350837,Active,2.0
3674,74.65570230271665,99.38174347540458,29873.179420286782,4.983986062920718,Highly Active,3.0
2049,76.88625840046734,96.87821883698705,9069.48152140125,6.199458707024991,Sedentary,10.0
4990,75.83967426809656,99.60170467897233,4080.923387947394,6.313235014055748,Highly Active,6.0
1923,43.787790344792455,96.85942932031509,1219.6910152741025,5.416493177967544,Sedentary,7.0
1136,75.00881980946389,97.9819018111522,1812.9289174650653,4.914907035462599,Active,9.0
2043,87.4776953037441,96.25950117695037,32467.96281025126,7.754721759233712,Highly Active,9.0
3487,51.53712852359524,96.92521819373862,10080.781828693634,5.631643781300973,Highly Active,8.0
3799,53.900521889519496,95.8816621998694,4829.274823014225,8.070698626769918,Sedentary,4.0
2574,87.65639944302717,96.8239330243386,1681.4340494104956,6.716924688096755,Active,7.0
3482,75.1618321909339,96.31320014593604,2472.9025947891755,4.966500903621546,Active,1.0
2230,50.94703441326091,100.0,6397.217783459009,5.045359881062872,Sedentary,6.0
3713,58.81402717447315,99.39775746943285,4815.749443193612,6.192744935015616,Highly Active,10.0
2065,58.460787363181666,97.78211262641244,6393.630387158272,5.574036241462511,Active,6.0
4594,69.21588840918854,99.37726775950588,5085.817921048613,7.476908674282572,Sedentary,10.0
3853,70.10874761430053,96.78386131054867,2915.632248882489,5.438088286402107,Highly Active,1.0
3657,79.25600054715456,95.7471317753175,2418.549799827222,6.236565236848899,Highly Active,3.0
1426,103.76614613730398,95.6457233097531,1704.3087912121798,5.793695570009132,Sedentary,4.0
4346,95.43159581492088,100.0,22959.249776901772,5.01582847257575,Sedentary,3.0
2471,70.1961634676925,96.95209889677548,6465.645512128282,6.735937996404439,Active,7.0
3949,85.83170809203443,97.08942924467524,2532.0464327844084,3.679829510644761,Active,2.0
1941,47.29432029250411,99.13647977633994,9568.5554201608,5.06117283034091,Sedentary,2.0
2907,77.03849830295856,97.87344425362988,2390.2870605894423,4.7550759565409635,Sedentary,6.0
1741,71.45026642543708,93.45774516473185,4905.965862228335,5.144732969030448,Highly Active,7.0
2490,89.4518201284846,95.86244126922276,184.23729139411853,4.8712605219976,Highly Active,8.0
2243,84.32895549039932,98.38481041487798,13121.590342693857,4.0757542574288435,Highly Active,9.0
2600,79.63317632323086,96.0837470075412,21953.33064597346,6.062449009970229,Sedentary,5.0
4938,81.90368122921323,100.0,14056.639131163338,5.943257590579597,Highly Active,8.0
2255,68.49683970384777,95.46501615373856,1313.7061890465177,6.484684202668882,Sedentary,6.0
1327,89.51467268108694,95.75883974806985,12211.648210386997,6.853556256651003,Active,7.0
2466,81.9020550621751,95.90418367981388,2983.3226133101316,7.10852568452282,Sedentary,1.0
3099,72.56630169216814,99.00898558634512,19272.982876407485,5.293211070263192,Active,6.0
4957,76.48113702874905,95.55704147548435,2487.509647065775,6.592523442554866,Active,8.0
2966,87.66134767258578,100.0,655.566972794238,6.107035948510682,Highly Active,5.0
1375,89.0803950280507,100.0,13417.473163311308,6.338475537212567,Active,9.0
1262,69.86640120041163,99.8104931729124,868.208941701807,5.813878254050435,Active,3.0
1266,61.59423820862506,94.67503693802284,5457.573880117617,5.296593055936885,Highly Active,3.0
4388,68.93807998775434,93.66538163257684,9898.658784499388,5.785768163195802,Highly Active,7.0
4979,67.94201190523165,99.0049416097318,457.6119986332442,5.08921970559702,Highly Active,6.0
4737,80.82028834820035,97.13027196623489,13682.02477779878,5.694088267443692,Active,2.0
2901,75.28669584405111,98.05569395608568,1731.9119753763043,3.7688863277823534,Active,10.0
3699,79.54442875369038,98.411934630443,2485.69145113042,4.084543793912662,Active,5.0
4634,93.02386612347428,99.15569362375273,16312.738780300771,8.079765559919242,Highly Active,2.0
2444,40.0,98.32149272819122,11326.60016865455,8.678972101227686,Sedentary,8.0
1045,72.01322946253055,100.0,18032.670577648252,6.971105662824607,Highly Active,6.0
4892,98.5365506699093,97.11602638327086,2014.2850260223788,5.8533975681991155,Sedentary,4.0
1599,92.13124503996738,100.0,12081.90119972069,6.088413303737726,Highly Active,7.0
1719,86.85942925053742,94.86541226846548,1229.562422857893,7.101535879688792,Active,10.0
2912,92.69006487565392,100.0,114.50800352604226,7.90277746105507,Highly Active,5.0
2292,87.36034269055263,95.46478257627632,6494.547164836546,7.3049464467019725,Sedentary,3.0
1380,58.23745589537046,98.5842387573563,1138.804545717829,4.735206333121836,Sedentary,6.0
1117,74.1021128322975,98.12032650105678,5028.788901231264,6.91678507656556,Sedentary,6.0
4637,77.2133128990744,96.49901391305812,3408.529406367298,4.423926067893136,Active,3.0
3163,75.810701164345,100.0,555.2583222499123,3.643472987468358,Active,5.0
4701,66.34399073032532,96.2688575797808,4961.27019564196,7.81135420607444,Sedentary,2.0
1259,77.19480605433867,100.0,6158.641491175718,6.88667000032417,Sedentary,9.0
2098,49.496509749282126,96.00418925719698,1713.896447725901,8.82290980788796,Active,2.0
2503,81.79749168767513,100.0,9423.585294414064,7.957242186260611,Sedentary,4.0
3054,42.35938928800014,96.55728149768808,5605.0516336437795,6.870013519999058,Sedentary,9.0
2657,98.22172121082784,100.0,4009.8142048276113,4.080124143930952,Sedentary,5.0
4419,71.35434425325519,93.7678680027736,7759.668014318908,6.208534526226401,Highly Active,8.0
2461,50.66833791738154,95.52756390275265,1128.4034620923885,8.521759084134008,Sedentary,3.0
3024,78.85581340081693,94.03172568594438,15219.71392577273,6.662865336558158,Sedentary,9.0
4286,88.06561846723513,97.3442049793926,3265.802444824239,6.917054808483375,Sedentary,7.0
3476,62.86139124921439,97.27505571769125,2922.2451468537893,7.365172375574098,Sedentary,6.0
4569,72.76976282393765,97.73233518444977,1608.4812485744956,6.1437666425107835,Sedentary,10.0
4611,93.59112858427882,100.0,17193.090392912683,6.863389581480595,Highly Active,10.0
1746,54.02742748122182,95.44988272790508,4416.322534008147,8.369013745653909,Highly Active,9.0
3414,68.19186424829502,97.32190599764986,3504.07932753013,7.257289729215547,Active,5.0
1312,98.56064614398092,96.783877141184,1312.4735798143329,6.525680734114229,Sedentary,2.0
1537,64.08967945993219,96.83912784808132,11360.551058429037,5.883911199187527,Highly Active,3.0
1920,69.08247699319656,99.56382240136446,21378.8059061764,6.322714155256174,Active,5.0
2077,77.70195149846246,99.25544274441656,14259.643929660626,5.204554684503955,Sedentary,4.0
4612,109.90757746641069,95.04991773037683,1232.9595285139203,5.026591961127964,Sedentary,2.0
2490,58.239400095434995,97.75808076444116,9749.44083470322,6.143450125336451,Highly Active,10.0
3829,59.88675943422858,100.0,4637.941777699645,4.806209634912297,Sedentary,6.0
3381,67.29839260600401,98.86370796073012,7768.716653315031,6.515875187146972,Sedentary,9.0
1797,66.75387943262226,98.9285723651089,6511.289345998998,5.028018346464717,Active,6.0
1347,76.99372373837222,95.9900343922987,12989.405901584132,5.809998119572649,Highly Active,7.0
1272,64.23755183491838,96.88185776645794,1641.2936322511264,7.639111780245323,Highly Active,4.0
1719,55.534476108802366,100.0,4835.260549100204,3.4745831307166406,Active,3.0
2773,55.907414387897774,97.2641926343907,12453.772205291256,7.6612804044504,Active,8.0
3547,84.16624991391828,98.36593029638424,10267.298472983392,4.091059986406602,Active,3.0
4164,77.90694538697426,98.94875058326906,7955.035214730477,5.1831526495015545,Highly Active,7.0
1684,63.38440390669576,100.0,6732.479953551433,6.310555230101128,Highly Active,8.0
3126,58.0264581106242,98.20005354794218,4977.574718120474,6.968550207931358,Active,10.0
1621,90.50715652629007,97.76537714587025,3230.012270557015,8.04286683443617,Highly Active,2.0
3039,95.44864887362186,100.0,5039.710503296702,5.147939296112682,Sedentary,9.0
4288,82.61586576224805,97.87556415183847,13455.616813311985,5.822974250785822,Sedentary,9.0
1946,80.33313758062299,96.07148292200752,5917.377867961824,7.82548773456623,Active,10.0
3405,42.93301717555954,93.619823530668,29686.53765994047,8.06739746752675,Highly Active,7.0
3665,83.90459196563447,98.7377403023247,1076.4096112047246,6.014991397965521,Highly Active,5.0
1506,98.82622185683604,97.72515682936633,4073.1794464877744,5.700857964772719,Highly Active,10.0
2582,91.08319551649734,100.0,1564.4595426821572,7.24983865865474,Active,8.0
4252,90.27085011088649,97.55645449206963,3180.013395067596,3.3931269057391504,Sedentary,9.0
4317,64.43531685749791,99.5360018744606,12191.769247083455,6.459634271603406,Sedentary,8.0
1243,72.82740765704817,98.18361772662033,225.63145633106325,5.798183031395832,Active,7.0
1421,57.60187448028066,98.44698127129652,14383.077547254466,8.137810570911311,Highly Active,7.0
4391,81.28673808985387,98.47876110911628,16474.920740885358,5.036070339929939,Active,6.0
4158,89.95112252470821,98.3130431283777,3309.9830224494513,5.408027376891533,Highly Active,9.0
4021,90.5687680281085,98.16302290924004,1291.6962103168007,4.3215421247241625,Active,1.0
4590,78.34879575184694,98.11589492934895,3538.921325896526,5.701362935857281,Active,5.0
2872,86.9224622068842,98.0834083842612,13929.041360240526,6.783701289430684,Active,6.0
1649,84.18081657243188,95.69791866136306,18316.020869780907,4.754853460294294,Sedentary,2.0
2464,69.48022534233482,94.41243605212496,782.3838859731202,6.56822821232323,Active,7.0
1390,83.53918526017601,100.0,8860.346606423635,8.411579050013216,Highly Active,5.0
2519,81.9913094738298,97.29265450455242,7255.516967304194,5.7529446532555015,Sedentary,10.0
4377,62.69777837045038,96.3857860436558,5823.164622761841,7.544143808505798,Active,1.0
1741,92.72931146327304,97.63231294816936,3014.635465483549,8.532289390666932,Sedentary,2.0
3010,71.06404966528156,100.0,2245.303301594817,7.770364436245551,Active,10.0
1819,70.2217726642496,93.20686941927192,20363.108398924116,8.705497876857718,Highly Active,9.0
1672,83.72728151869828,99.7228561267355,4074.625477045222,3.038700149120539,Active,6.0
3560,67.23335436555813,96.93753456716423,12924.701914090429,7.132042545820315,Highly Active,5.0
2771,78.42960208320159,97.90959035475883,8987.575444955213,8.42620632408135,Active,10.0
3996,69.29635853095684,96.51911734204128,7472.54191131435,7.175455047854365,Active,9.0
2539,78.9273440175632,96.2121585793327,9244.00337237672,5.399645412167672,Highly Active,3.0
1912,80.30738902861076,99.80161702678932,13264.439593462252,8.749384714100186,Highly Active,1.0
1643,43.8667725793958,100.0,329.47645891564184,6.445704456584438,Highly Active,6.0
1426,54.739860428499945,100.0,39210.9926621822,5.554657715610247,Highly Active,7.0
1729,76.10852801398565,100.0,8486.782350172563,7.198846000438287,Active,9.0
4584,76.2688509943217,96.82753959396244,10081.908838099616,6.451901931599652,Sedentary,4.0
3118,51.45304294732864,99.86114325811934,1826.0750963999717,9.088368599318686,Active,1.0
3525,66.40058469320152,96.67662297650548,3149.36372513864,7.695122130999607,Sedentary,2.0
4249,78.80369409610802,100.0,3743.187070465764,8.464486132426048,Active,6.0
3236,90.10281696618952,98.74903832716905,6465.811351433119,7.569402684505722,Sedentary,1.0
3178,81.97908143815727,95.653877185576,10854.906129068662,8.494885069546992,Active,7.0
4591,82.92413287489842,97.49727156182244,13746.469662225982,5.256632641636442,Highly Active,8.0
1919,62.2440134187885,100.0,2233.310063153882,5.466271600156885,Highly Active,3.0
3339,75.73383347796026,97.431175753063,2947.557699577781,5.586945965899577,Sedentary,10.0
2969,90.30138836949436,97.86584678395435,94.18346786793072,6.277996899436633,Active,7.0
2658,71.98340472538379,94.93792799778932,3110.882329463302,5.94457070587978,Active,10.0
2834,74.10537895407207,96.26038009296452,5216.8355682605425,7.528986348153799,Highly Active,5.0
2567,92.25759863348318,96.2334734902179,3740.962183500675,5.336370685181544,Active,1.0
2869,99.22679346119564,96.18663922423391,6368.9599126914,7.679467060391625,Highly Active,2.0
1376,81.5899266323291,99.48380444948842,11400.889948189471,5.125487131007545,Highly Active,8.0
4729,50.46470372220195,97.08042511502576,10180.586631642922,4.843285509612645,Highly Active,8.0
2179,85.10098685506485,99.16576994632584,3632.669905229244,8.301429651563835,Active,4.0
2436,58.2225765588304,98.48513197679952,267.3452105480812,5.989793323139816,Highly Active,4.0
4426,72.17987261898486,96.56342082474065,14412.337385879844,5.651792318667471,Sedentary,4.0
1558,93.65767838636611,100.0,11474.772681701032,7.523105370161036,Active,9.0
4258,68.49499201371592,95.62356244013787,14999.864466996798,4.977349270700308,Sedentary,7.0
4102,51.481172173280456,96.70007873602717,6661.236142494959,8.043520100354833,Highly Active,6.0
3307,80.09305621818403,97.28311500259788,11333.558920299502,8.630997079368504,Sedentary,10.0
2552,80.15951802759827,93.1348753700828,1142.7928194572487,9.919484638296291,Highly Active,9.0
4622,67.26418862157122,95.70955265909846,3090.0819289150313,8.463540569552253,Highly Active,4.0
1941,70.09195499412195,97.5390557073105,9814.466624056637,5.9327059715054995,Highly Active,2.0
4110,88.2797188255747,98.53997973235462,11725.02894644538,4.42070139918203,Highly Active,9.0
4560,53.210432845269125,98.45750335553215,9468.742506989744,5.8359353268970775,Active,5.0
4715,69.89161833003519,97.51682455398957,4532.499513403953,6.858830417777513,Highly Active,6.0
3589,52.91510287593213,96.49455724393876,7628.291729377424,6.560463122664835,Active,7.0
4741,68.86150389141477,96.81052579551088,2452.0155051552315,6.546218880319361,Highly Active,4.0
2301,74.78664906289688,98.30466967989872,30845.216487929178,7.996007431262085,Active,3.0
4274,106.50691363425778,95.81377274037564,1289.1910459380847,6.749962726652817,Highly Active,9.0
1283,64.9843218887252,98.79165229089875,9001.40827399616,7.527527226076913,Sedentary,2.0
3155,90.40605371595186,100.0,1178.3554628166155,7.170014944662869,Sedentary,6.0
3315,49.34485099861165,93.47868815353768,2307.954358727378,6.930338898579633,Highly Active,3.0
3269,75.59690177460759,99.07039016017784,9671.26017695661,7.882455822660345,Highly Active,9.0
2553,86.17858706792502,99.01971671339872,930.799457708382,4.81050165673901,Sedentary,3.0
1692,63.2264459308572,100.0,1595.6773989886983,6.680695864156652,Active,5.0
1254,43.79844825790249,97.62017656430513,25273.476409045365,5.073942241791643,Highly Active,3.0
3300,65.3691125694895,98.80695180675762,24.398445828286587,6.891264073640949,Active,5.0
1256,90.38152396911887,98.26890602836836,1636.3758611890194,7.381679760579118,Sedentary,6.0
3430,82.67659818930609,98.35765464377556,1825.9678666381608,7.940875052881642,Highly Active,9.0
3646,78.06781632773011,97.4220444685269,1611.2363773088032,6.658608550341512,Active,1.0
2113,77.84932836878804,100.0,3726.634184386952,6.261593492756078,Sedentary,3.0
4820,67.55829019557864,94.91214393045556,1332.4052607668923,4.2988504356561545,Sedentary,9.0
3437,93.4555075554034,96.37487143700746,7695.239212302397,7.954989978313363,Active,8.0
1581,86.72004935552398,94.56788524336024,5886.767774123368,7.4143263048648365,Active,6.0
4115,105.4610920480516,94.61049731490102,6935.1783874002385,5.651545878780375,Active,4.0
4735,103.03327984342592,97.5488699359267,3567.6401031576547,6.484709088133968,Active,1.0
3645,102.69205502742966,99.06100786707078,1698.7166948141244,6.762718616844482,Highly Active,10.0
1018,67.6267783688216,98.76255718468587,46910.32185410545,6.08863951976282,Active,10.0
2124,52.95682222621585,99.2229981064201,418.807861098916,6.66960654999787,Sedentary,4.0
4985,100.29879315547625,96.74594105352143,11638.001876700277,4.221638176789754,Sedentary,7.0
3654,85.40734602575967,100.0,1238.6356395923383,5.891385041859011,Sedentary,4.0
4837,82.8191210592911,97.93358048457732,7650.887021036191,6.961981309309449,Active,8.0
2380,68.27028051542139,100.0,4494.467394377955,5.44230790191177,Active,9.0
2565,80.95727055601486,97.17079455331104,12785.567939309973,7.083547286707999,Sedentary,7.0
4832,90.25583505876948,96.62319723444224,9193.67834509539,9.597823440816128,Sedentary,5.0
3080,84.87879516984954,98.56192522308724,1324.0351572643062,4.768082860778668,Active,7.0
2993,65.79264864419142,95.43654383623404,7660.494469399696,3.750914383530834,Highly Active,10.0
4300,98.13523430043968,95.41207330113738,1713.1715056105854,8.308877688483472,Sedentary,6.0
2547,76.8724251492722,100.0,1298.1567198310593,9.639598807983756,Active,3.0
4701,85.18774432359957,98.21095425616932,615.0592704497597,7.056871157427634,Highly Active,6.0
1861,87.60867063132713,97.38803979712776,844.5512670875579,6.509429284837229,Sedentary,2.0
3745,106.97593831892011,100.0,8518.871189944446,5.5318640308059726,Sedentary,5.0
4494,81.216950282419,96.54475266076987,33905.43476881907,7.308848222070731,Active,7.0
1904,74.21595749955003,100.0,7884.597034186778,6.476866041946032,Sedentary,9.0
1404,91.61989960932854,96.47083002881224,10685.649771947394,3.930775663094753,Highly Active,2.0
1843,79.59128567136625,100.0,15388.292514618248,6.990573884579352,Sedentary,8.0
2782,78.64621549007062,96.57061018759256,2181.239376594953,5.248753853825509,Active,3.0
2564,45.599250258884446,98.13921146116918,6494.040064946671,7.920980624862482,Highly Active,6.0
2184,73.6879549045793,100.0,1709.1130724170882,4.782492900480328,Sedentary,2.0
1746,53.96345363401162,97.31031104577296,5220.484709781976,7.444354765929854,Active,9.0
2725,40.0,97.99839757405552,1638.268432220627,5.6268205870447705,Sedentary,9.0
1270,54.278180976621904,100.0,646.9912963960486,7.774491461350037,Active,5.0
1769,69.6735197620227,97.51300076472248,26196.66941081889,5.305470452163285,Active,2.0
2715,79.62090539080728,100.0,42.25384485201539,4.2486084297036335,Active,3.0
2510,82.63731444920984,97.52848124015048,8202.007543202317,6.60899177359957,Sedentary,2.0
1273,73.1827850583373,98.39106551087644,8619.763974264279,7.025117146991807,Sedentary,1.0
3306,59.013872149830505,99.12889180699727,3003.5076446282656,6.93494685195272,Sedentary,10.0
2158,96.05047324957664,97.99796773155197,5269.757939437335,6.675284358724825,Active,10.0
4793,57.9122885321636,97.2656793261549,302.8012715378825,3.5074878386624264,Active,5.0
2771,59.23473082870755,99.91309715751294,2175.938063997314,5.355389202720664,Active,3.0
1421,75.10415339630585,97.1229672229942,784.2569943483387,6.916317415111052,Sedentary,3.0
2444,75.87232166324524,100.0,4795.21748938557,8.054086702636416,Highly Active,5.0
3411,89.90690832666137,98.29383603377195,26285.051962197453,8.252448194537171,Sedentary,2.0
4678,60.57521035861972,98.61749662872688,1182.643490160916,5.484131157753229,Active,5.0
3425,90.05397587866612,98.28054863173216,314.4742421247953,5.5781981198022255,Highly Active,7.0
4594,73.59069500073518,100.0,1042.3340441054306,5.942456095655372,Active,7.0
1579,87.938315857909,97.31162615973432,24260.71484095768,6.3759818231327605,Active,9.0
1890,65.616368335499,98.87932703742952,2700.965039496215,3.83739537513977,Active,10.0
1721,86.6717659801594,100.0,2175.914299470844,6.4684410736270275,Highly Active,3.0
1880,99.71018706005894,98.76906528665909,900.2079791568024,5.580580665421221,Highly Active,7.0
3007,57.3942362021327,98.8586810234805,25634.430090652117,7.383795195044506,Highly Active,6.0
3069,77.52892628932611,99.01704142157864,2349.5105010193543,6.716617988678558,Highly Active,2.0
2473,72.77053620024441,98.23502874038556,2195.262500386372,6.713961655643277,Active,3.0
4243,54.94421137939818,97.48509129007869,7043.561315724998,6.445161642648793,Highly Active,8.0
3181,45.687180822735876,97.8362952880349,7419.867352150495,7.521015096021173,Active,1.0
2449,58.054696739351385,97.75841703125737,4234.094960238704,8.93194737321413,Highly Active,2.0
4096,73.15572558051433,98.8030263791878,1424.5447499256827,8.739158384600568,Sedentary,5.0
2590,80.30402599059224,98.06604705357346,4663.3965778292695,4.874456814135664,Sedentary,3.0
4256,70.14325004616319,96.61912559421084,48272.57898219481,3.3334457244691915,Active,4.0
4156,82.0734919088131,97.31028590819028,12776.025418417312,7.295630063296591,Highly Active,9.0
2590,60.620551408072856,95.25141048699746,25591.939510675384,6.532030850031631,Sedentary,1.0
2786,81.6564047193232,93.78011200373211,18231.636529986383,6.409765573032758,Active,7.0
1143,73.8418030661901,98.10652391998336,12019.74939689804,7.071383550551159,Highly Active,4.0
2886,71.90987061608293,98.53374978745497,2853.0884303793205,6.133407955890194,Highly Active,9.0
4981,74.94658221192522,95.71062545544524,9163.677414049273,4.070640852618109,Active,9.0
2702,66.01115766631281,98.96932149520067,3477.746220044601,4.7872213964185715,Active,9.0
2654,85.24062808639306,99.15589427694364,18665.01252508986,10.401892840103102,Highly Active,1.0
1432,97.254565613255,94.01137888970756,8418.352275854355,3.6553789897674154,Active,10.0
1264,68.08234919450224,97.6245910929918,469.7036070124941,5.738410332448203,Active,2.0
1953,72.58832066740267,100.0,907.6762352114208,6.774937185824332,Highly Active,4.0
4733,68.9591076628236,97.00757630412215,11222.624106361134,8.783173053526273,Highly Active,8.0
3463,65.59945381428724,95.271458345617,11018.725806915903,5.462085206161735,Highly Active,7.0
4524,73.04396654321216,100.0,3872.796025873318,6.55051153066326,Active,8.0
3774,68.63259953521421,95.34799209531472,2093.6486084046783,7.172293916015715,Active,3.0
3244,64.82168630250571,100.0,10848.548529145855,4.1134429766657785,Highly Active,4.0
2577,53.883615614508514,97.17893533753536,20185.34641308592,10.148514648734892,Highly Active,8.0
4124,98.88939175787928,98.35128393069137,4110.554711337639,6.700532562798972,Highly Active,7.0
1479,83.26069774681439,97.71166322370738,1033.62593259169,5.989123552472469,Sedentary,4.0
4514,99.24677064011848,95.56018398908996,6586.403585011148,4.833486164049397,Highly Active,7.0
2353,89.32046242557934,96.40587753889426,520.3122391890311,6.80709080814178,Sedentary,1.0
4878,49.9481423756704,93.70569487105804,1329.195614156171,6.70882063725232,Active,2.0
1889,61.36324771983288,97.65922889635314,5079.390023746388,8.595009140976966,Highly Active,9.0
4854,69.77009242086032,100.0,6875.0358530738695,8.247850699792671,Active,9.0
3170,47.705682328606535,98.91462242280708,12293.26789634208,6.082489752506645,Sedentary,9.0
2410,72.08894273270721,97.88017617528148,1179.202159755068,8.273036891926907,Highly Active,7.0
2362,98.84879433928045,97.15589956278237,4364.103007324035,8.799496430918571,Sedentary,5.0
1777,64.90320463538184,100.0,23180.55170156276,8.944276826439918,Sedentary,3.0
1028,60.348520598380944,99.02357750702078,2608.444253836088,7.629705025301146,Highly Active,8.0
4022,71.63389295458265,96.15912647696376,1946.0176815968184,4.424863208395871,Active,6.0
1034,74.48435598730576,96.70444048375136,4621.889465476417,5.805147803371243,Active,9.0
2419,40.0,97.3674060914796,18294.21777429085,4.770123459669587,Highly Active,7.0
3670,62.82921089961798,96.74105332681498,6651.216866095437,6.862959250074619,Sedentary,4.0
4365,78.7037009710103,100.0,12660.192749118582,5.462181037821528,Sedentary,5.0
1588,81.27031479998288,95.99505984507698,8336.784516792128,6.929924786804615,Highly Active,5.0
4420,57.343783474364216,100.0,749.3795032445448,4.68689771103717,Sedentary,9.0
4218,74.42217662877181,98.4901659435859,15565.48093916248,7.226058738739439,Active,3.0
4138,75.19279603733405,100.0,1557.9586614923649,5.854740026144575,Active,9.0
1903,97.07371168077508,96.48452802200332,3197.091452482399,6.062439192315182,Active,10.0
3567,78.12671800536481,99.91244196163514,12839.529502755962,4.5493542646575005,Sedentary,4.0
3169,72.87297043020071,99.77946654275569,27113.955262813954,8.028462998406528,Highly Active,8.0
1339,64.44413889559695,96.85075432046206,2603.6550973735852,6.710731190368545,Highly Active,6.0
1174,84.11437081260567,97.23465672488352,3382.7324391478237,7.309689390590591,Highly Active,7.0
2923,71.17749096733633,94.95820890549322,4653.464384358002,4.585114222779064,Highly Active,3.0
2714,66.50085108271274,95.84815620237622,4823.969680950173,7.513565957285957,Active,1.0
1450,70.5468458492727,97.6765667497913,11892.427089407996,5.755968633995565,Active,5.0
1556,85.47753474668875,95.2998137598001,33001.643145316324,8.56533268057505,Highly Active,3.0
2159,67.30397543007416,98.91966747294074,11415.657667104111,7.113250219369796,Highly Active,2.0
4926,75.51663582319141,100.0,2494.5391388948888,7.178847477703689,Active,5.0
4087,66.64606079405131,100.0,3103.811579245259,3.5527237294358,Highly Active,3.0
2356,77.55615435507734,100.0,6737.402334699786,8.121857630198518,Highly Active,6.0
4266,76.24911944272195,94.1718742906504,8122.773089485232,7.171366131801921,Sedentary,2.0
4567,63.1922320346809,98.92384420150204,659.8820073440784,8.356565662096413,Active,9.0
3056,87.47770761932071,94.25516350022482,2947.728900944537,5.610962059193246,Active,7.0
4899,53.15852113856861,95.54414623336268,1585.377808760015,5.429940523326999,Sedentary,5.0
3381,92.02847695860808,99.90691483187788,4962.795178036885,8.922369823314773,Sedentary,4.0
4404,79.93743248410958,98.75731699041307,1293.3319501012645,7.937599149643368,Sedentary,9.0
2016,83.81820454931025,100.0,6084.872218698656,4.357105527104256,Highly Active,2.0
3374,50.24050175727177,97.669780316183,4408.532054036826,6.524316997779923,Active,9.0
1838,98.00583363569412,98.58093263962525,7327.843851610543,6.766849194334484,Active,4.0
2637,72.82015072786847,96.18252216045208,3768.836637796565,5.675243831989006,Sedentary,3.0
1225,76.95472425546807,99.9357970872789,3567.20809619866,5.496852092944695,Active,4.0
4496,57.83764711285012,97.98977886532982,7371.226230120128,6.596551759786463,Active,7.0
2813,53.41387867127669,98.5296707329628,412.9484177807435,8.031866806320478,Highly Active,8.0
4479,78.45576879368164,100.0,3965.384265109901,5.006986986027564,Active,8.0
3160,64.8287669942721,100.0,1521.8746944067466,3.298576489928015,Sedentary,1.0
3020,66.69336617835864,97.31365709507664,275.35603217154016,5.8916362038884005,Highly Active,8.0
2451,75.9478623983251,99.20106715395572,247.0891117835165,7.175214950338033,Highly Active,7.0
3313,82.88573834195833,96.6414861033828,3983.400545908608,4.979332938863674,Highly Active,6.0
2514,76.49483926642262,97.76464699489316,5854.25052728442,6.904570436493108,Active,1.0
2231,88.30688817372044,99.62228543700785,11123.991981524736,5.542088046962261,Active,1.0
2645,90.65872627565378,99.55657213636826,6549.960009314649,7.603293795281582,Highly Active,4.0
3999,100.02463973586164,97.46988674390684,259.3103858056459,7.7575629335556995,Sedentary,3.0
4440,58.69129800310414,100.0,2475.7523145671316,6.6009541920144,Active,6.0
1305,52.00480333019311,94.98100697051512,8249.746022948182,7.250070113479418,Sedentary,4.0
3059,95.75094333920224,95.32688255542246,2207.9103672872184,5.835918253914405,Highly Active,7.0
4416,64.49897744970934,100.0,6315.677031271662,5.434962928546856,Sedentary,1.0
4536,40.0,97.4687632095129,6482.639086277794,6.073356011415373,Active,3.0
2723,70.11155986841989,94.04473855707616,2548.19141573199,7.424928410747563,Active,7.0
2689,93.43000121134068,97.62843963437363,5933.799915637632,10.286153314496904,Highly Active,1.0
2517,70.38792255021404,96.8448347880072,847.0588327300246,8.390215449738761,Sedentary,6.0
2391,48.371673941855725,96.3118400644606,9087.248711330842,8.779964955787051,Sedentary,5.0
4917,70.65589334983854,100.0,159.49717714039858,6.343043674809651,Highly Active,4.0
3984,72.21466572397452,94.42799689977,251.7480530952884,5.694828285924499,Sedentary,3.0
1419,69.95881554979844,96.69268745138886,14295.472104950722,3.194440714665239,Active,9.0
4005,64.21332845495138,98.37054797359366,6077.292250133781,5.602862767004087,Active,10.0
4862,64.9245696332868,94.84291732131874,1244.8004561188468,4.4307700955085725,Active,9.0
3218,85.91600247887902,100.0,6442.762147681803,7.652936034608503,Sedentary,3.0
1133,66.30181597767566,96.34679875209112,3232.558727552755,6.204895510977241,Sedentary,10.0
3030,77.42120554131657,95.62177442199308,2201.7079555989503,4.5202536819448955,Active,6.0
4012,77.36767609955864,99.252700915621,11674.094371188785,7.319956085636648,Sedentary,1.0
2450,65.75593250213163,99.17495634802457,4541.348270705747,6.975385287531188,Highly Active,8.0
4096,63.71410291440749,97.97407722821644,2431.7579981517943,4.7994645151863855,Active,6.0
2553,76.04926566221252,96.07147536060783,20138.743979269868,8.76990298966297,Active,3.0
4261,50.21555324837189,97.01916901620952,1262.476254498605,5.371057969721717,Highly Active,5.0
2164,104.90800177150176,98.06158753994558,1072.1208128064743,7.39485257674694,Highly Active,8.0
4626,66.40938006321457,96.28161059453905,716.5849822940856,6.31267675921154,Highly Active,8.0
2819,86.04864405693952,100.0,2039.8179594513472,7.881807146430198,Sedentary,7.0
3705,72.45295208411399,95.27978710374556,8392.99290612902,4.852747399164048,Sedentary,5.0
4386,68.73650911478839,100.0,7800.157880834312,9.229494184613918,Highly Active,10.0
4515,54.94015769144066,97.58593935892516,10091.515683248808,4.599784474330995,Sedentary,1.0
2342,76.52859226634197,95.2156401706068,5999.073890200831,4.911059573944451,Highly Active,4.0
2464,66.7974406605812,98.974229511682,4749.337903281486,8.935177078346983,Sedentary,7.0
3226,71.92031418245979,98.83005616944472,14536.152815718428,6.968240210608765,Highly Active,8.0
2178,89.2525730790269,99.34169085764933,15548.44169361538,4.884920161590621,Highly Active,10.0
2695,59.99959919159684,96.54688212365946,2256.298110717043,9.320871998997074,Highly Active,9.0
1110,76.59392341005245,100.0,1198.1704235498405,9.791732160130714,Sedentary,5.0
3184,96.073201210172,97.28551361673128,2061.9369372425067,3.69739281598782,Sedentary,9.0
3279,70.36794227581994,99.56727687347872,4838.408294662507,5.825190639955337,Sedentary,3.0
4039,71.92920740672663,99.48171816697068,18215.214957529544,7.519792041679781,Highly Active,7.0
1467,89.01984047696433,98.7339724979538,1366.2274020091654,6.3322783081632545,Highly Active,4.0
3779,96.3836086224935,98.86140459597166,6070.86518617609,5.685028550809722,Highly Active,1.0
3528,72.94015603839597,96.05538994460902,1718.8081992020614,7.3427917687529884,Highly Active,1.0
1813,48.92150733414981,95.96711744061446,4378.878220141498,9.038030527612555,Sedentary,3.0
2272,61.460215654120375,99.87305136131582,9257.6581346004,3.8987200763021943,Active,8.0
1993,67.83664797516066,97.02025905169924,13570.885208369897,4.987271413306365,Active,7.0
3031,90.84752377962258,97.17917694332516,2853.081351953424,5.369030463375248,Sedentary,10.0
1322,78.45698230738805,96.90909175527106,19485.690042783637,10.09516533073301,Sedentary,8.0
3969,64.87450365973822,96.99895848951464,4423.340061013079,8.76494485533075,Sedentary,4.0
1903,58.11073226565584,97.71188636193418,19311.827576692984,6.91262388093004,Sedentary,6.0
2541,52.59676172904676,97.26953559510314,1835.2166727995327,6.373766347594405,Highly Active,7.0
2999,82.74293175812393,98.37215686982292,15917.014509966722,7.161273125811544,Highly Active,4.0
2815,69.15891514884193,97.61158747766945,2841.6508252014464,8.26194191759336,Sedentary,10.0
4558,53.496826666730705,99.56813559427,24134.217120864192,6.91063913758994,Active,9.0
3653,81.40777463566887,98.56119911269025,17025.82336290932,5.994731401733767,Active,5.0
4340,65.79673702100237,98.08994521681828,2960.7843768104326,3.8156911010920407,Active,6.0
4780,66.88525447084172,98.9390705863808,6638.7441064083905,5.46355138859792,Sedentary,10.0
4608,76.54404151163486,95.63095036206028,8564.690665162994,5.94123296715237,Highly Active,7.0
1147,74.52725659545793,97.09230262680364,5439.456757593962,7.154979471948446,Highly Active,5.0
2141,61.62541019771248,99.17307138257208,13209.072072882183,6.902824864990689,Sedentary,9.0
1849,82.73409603773216,97.08236169370824,420.2350158346802,4.413426016196654,Sedentary,10.0
1366,93.0759407083456,100.0,6407.695597294445,6.514145376164431,Highly Active,6.0
3897,71.34144539117833,100.0,5214.6634740806285,5.6810377544474875,Active,5.0
2089,83.72507314441408,98.54952340676178,281.1175557342678,6.125859527300838,Active,6.0
3038,72.608964486323,98.12939010545094,89.5485055747424,6.620419156007622,Highly Active,9.0
3860,111.15379777849928,100.0,6522.13581508942,8.421544026251512,Sedentary,2.0
4441,75.2082400173269,92.90171383101836,878.933159864461,5.809913631493339,Active,5.0
1174,85.52142545244459,98.70670416844288,10243.179837121112,9.0173865950246,Active,2.0
2854,92.50896294877936,100.0,20865.751674524912,4.549918604344214,Sedentary,4.0
1587,65.38728650418777,94.55602128951163,1367.1348034999178,5.183764649719759,Sedentary,5.0
1494,85.58993637583393,96.30140241535042,11216.340552247477,6.355640171929786,Active,10.0
4020,87.93555558182571,99.91128252223292,6265.451817972999,4.7463225452183355,Sedentary,8.0
2137,81.44797197015114,97.69544700202874,4158.686958059142,4.520597119137852,Active,2.0
1976,86.44807927301653,99.00619552793984,7354.723564673525,6.61030330953134,Sedentary,7.0
2784,65.27814268214772,94.05755285747344,11348.38236940221,4.513144329114379,Highly Active,9.0
4510,107.20939205981952,95.0706582275567,24698.110421274912,5.060595117231695,Sedentary,4.0
4786,40.0,96.9972810921196,7561.830267207385,6.3763528808285725,Active,1.0
2170,62.381871916521895,100.0,9618.628788953098,9.054365158873068,Highly Active,8.0
1034,54.934334609023246,99.3996687599454,6546.870336703305,6.212066050891503,Sedentary,1.0
1998,100.84348932927918,96.08607389143904,5827.592560936718,6.695681995194651,Highly Active,5.0
2332,73.03557025564913,96.30955217463116,468.8285623940221,4.775457202847572,Active,4.0
3585,60.82996490076359,99.22466129185518,1179.545712614,4.9274441285830655,Highly Active,8.0
3797,65.91609169359016,98.21322690575754,3337.8198925287084,3.061738015745573,Active,7.0
2037,52.12659690117971,98.80678137308097,7338.833347921848,5.0245250687188765,Sedentary,2.0
1373,84.41117439621299,97.13206805888775,551.7435962260288,7.647405146469577,Active,6.0
3604,85.9202953471821,96.91602718629434,5502.631078800718,5.637516220155737,Sedentary,9.0
2751,64.26095650825798,96.48574243503,10169.835315155193,6.834795788959733,Active,10.0
3280,97.89156482594424,96.48011681317982,7695.889273365015,7.604062594360564,Sedentary,5.0
1704,86.72794953761462,94.38182852217274,5147.639018627244,8.989300638693317,Highly Active,6.0
3986,72.09292719317207,95.61517649391088,18896.335923841907,6.142535024502533,Sedentary,9.0
3934,57.64746253415893,96.6627876740362,16603.288234136395,7.695198661517577,Highly Active,7.0
3773,97.0786077413227,97.6990372449296,11016.853822687804,6.956120823749689,Sedentary,10.0
4734,68.27390721046945,99.56291762351346,2868.698543845092,3.1425334268079608,Sedentary,4.0
4511,54.311278744295095,97.47432545228132,794.1163054138973,4.7009043425435575,Highly Active,8.0
4573,72.80732655954522,98.16035281716609,2714.3899853001703,6.162592919827581,Active,2.0
4346,98.84721208888324,97.1975842407089,9759.220376085015,5.622258328614451,Sedentary,8.0
2873,87.96715856242967,98.29080292713172,6609.24486364932,6.3155182771709235,Sedentary,4.0
3729,72.38973066517796,93.92181509100234,779.0982982604951,7.76185909392138,Active,8.0
4803,89.92433431460964,97.59861721872512,1207.5430641682728,6.424912500899453,Active,3.0
2883,95.91979780492184,97.77234568911882,7641.174034252729,8.324384543056803,Sedentary,10.0
2312,69.67698614657392,97.2100042419065,3490.6594436906857,4.946265412055293,Active,8.0
3962,67.68640952633943,99.4280572287336,11125.384331216248,4.69227071507088,Active,6.0
2563,95.13040891180216,96.4773353847581,8405.770806843373,6.699069205964957,Sedentary,3.0
3938,54.67529245964447,96.79414826742182,784.626211064765,6.503308362112644,Highly Active,2.0
1691,87.07531192136796,100.0,2954.9753031957075,4.037416792476728,Highly Active,4.0
3300,40.768623798302905,96.02795907360624,7842.401452725451,7.910128959171116,Active,8.0
4197,64.12301639218322,94.36006316085216,26145.695294818244,6.574918875071913,Active,7.0
2200,75.5062673018706,99.69444699607824,17033.10164333008,5.740829343638024,Sedentary,6.0
4108,55.331973010322955,94.86930319654842,1997.6781103450671,5.195581681635776,Highly Active,5.0
3457,108.05686255156446,97.55600320085688,478.1990691946419,7.634675667592036,Highly Active,10.0
2634,64.24094288657606,98.66606530871024,5961.118150759716,5.456351279368003,Sedentary,7.0
1126,64.59643131614729,99.12528400313492,1418.15607841222,6.247574274966062,Sedentary,5.0
2506,83.75474761775563,95.98071143762704,7381.776678096137,5.704515059859682,Highly Active,8.0
2191,88.61086654706094,100.0,1223.398778579212,4.552952195401929,Active,8.0
1293,79.74975235014833,96.27934364503732,11078.469897015451,4.992295755255163,Highly Active,10.0
4916,80.91728787834684,99.84525674568629,8070.720886274581,5.2075909650595795,Active,1.0
4709,53.380721644157624,96.08587317864134,6539.802736874856,8.508128747598922,Highly Active,2.0
2366,73.21355617764405,98.71444976688434,18697.98848742686,6.347144474030472,Sedentary,3.0
2019,65.54167100708017,97.23838159866057,937.9851795621864,6.979887359776444,Highly Active,4.0
3357,51.65080268438064,97.2500988785308,8220.054219687529,8.771140985140264,Sedentary,7.0
3709,78.19858879380463,100.0,873.6096231304665,8.734577969215902,Active,6.0
3575,90.22246316111608,98.241640633263,1026.3129882172166,5.676644558206329,Sedentary,7.0
3587,75.65809813524443,93.49304433230913,4942.57773574376,8.227946498862988,Sedentary,3.0
1418,40.0,94.8592643754526,170.83956944123403,4.0948538018500145,Active,3.0
1684,61.596290792801675,95.1226817977646,66.66846992052712,6.566747666360648,Highly Active,8.0
4629,101.69614531627136,96.7226154935942,6456.426450672499,6.373390644339779,Active,6.0
3887,69.9128004610367,99.60374054350105,2617.8660941103576,7.471317968543119,Sedentary,3.0
3283,50.79233651836122,97.63818049761583,608.5574039326415,7.313858445314644,Highly Active,1.0
2462,74.31278635634105,99.41530251952771,10625.72454220236,7.537416397111397,Sedentary,10.0
3261,84.53243492510514,100.0,3459.215092489,8.903481723847664,Highly Active,6.0
1084,76.48389504055855,99.3768082628433,4109.161474818298,9.444301714241574,Highly Active,10.0
3841,62.960201669041325,96.1143314745189,3284.1892721351655,7.816381770503693,Active,8.0
2767,68.12012990960223,99.63608008850746,611.3481558220716,6.467345784242077,Highly Active,2.0
1084,86.48320985038241,99.58293671579789,4312.230553178303,6.191698720381162,Highly Active,6.0
2944,76.51726900010573,97.87387642858609,7664.531920479105,6.4782509922266085,Highly Active,10.0
4560,105.37657661771637,96.16779542444483,16358.512758495604,5.638909252189633,Active,7.0
2669,52.07985102785278,98.27941937122498,578.2589172867872,8.061065269004061,Active,9.0
1662,72.00467427821144,95.6378286977004,1269.0097363868708,5.548400501870295,Active,4.0
1063,51.71420837267543,97.21271458673525,889.979619751407,3.8466895463056447,Sedentary,7.0
4414,76.95783686405461,97.93151870719922,4584.590262162956,6.364033894209436,Sedentary,4.0
3986,68.72843295641712,98.73244765023335,1736.8968054375946,6.557758972973771,Highly Active,10.0
4946,77.2415379762463,98.3778880713205,7307.604197736106,4.839081879208614,Active,5.0
1918,102.45156060779404,97.76770616283586,230.31194302869952,5.708130443234088,Sedentary,10.0
2375,73.06046422519427,96.02518120994662,13626.443903275716,4.770257222341076,Sedentary,9.0
2181,90.36804407411552,100.0,7924.6136844985085,4.138340718410134,Highly Active,6.0
2612,72.12591805391247,100.0,24333.972865118576,8.72264112214188,Active,6.0
1490,81.2317353711589,100.0,21378.02288613896,4.142042387986617,Highly Active,4.0
4534,73.02644486870217,95.83898361068978,1757.9439401575464,8.632566223710517,Highly Active,1.0
4296,96.75543042733588,97.9366807484548,2276.0593639616204,4.908124244938945,Highly Active,10.0
2940,84.4786763044538,94.55494626777912,3894.107120426487,8.416939605083805,Sedentary,3.0
3662,88.62846760295088,99.08524941025628,8033.147166741748,7.359494370785272,Sedentary,8.0
2882,91.75034462065688,96.12022657554184,6601.106666212231,7.41650344210188,Highly Active,6.0
1812,57.3040014773479,96.3931728299556,427.0747992995811,5.107265790700505,Active,6.0
2489,77.58461371085592,94.37171142099136,288.853490064583,7.459731861872013,Active,9.0
4954,86.23570731725437,96.18795196327244,3812.871580196352,5.30801504263127,Active,8.0
1679,59.62669563751031,99.29691284324748,702.2045249496261,4.46683694198025,Sedentary,8.0
1434,67.92296069825653,97.54285714059908,18932.324524532687,7.039511499494656,Sedentary,10.0
2158,83.46837148315011,98.90658616124688,3531.56556932846,8.314472275833873,Active,7.0
4175,68.39853424256144,96.93771976171423,1949.548434954392,9.651200850708308,Highly Active,10.0
2455,71.26234155155569,98.53346482997767,10621.744875122791,6.933504244408922,Active,2.0
3387,56.2431977653867,97.91236800286585,54.54197582051927,7.0814123457149245,Active,4.0
3394,60.18272124078671,95.52266401525308,785.9448630753391,7.381468769770894,Sedentary,4.0
2370,69.77452003835258,97.22420438840736,24159.8363971722,4.855256512969518,Sedentary,10.0
3156,91.74843561465872,94.12358749985242,8784.22590516453,7.339947204058924,Active,5.0
3580,92.32266151530236,98.32041078401974,6016.552937956667,8.351666955523655,Highly Active,6.0
3159,69.95054043826646,99.51977807360576,3953.4645002771754,7.125250170952016,Active,1.0
4884,98.85712558453426,99.26013451226105,25423.964475311823,6.462213054052102,Active,9.0
2612,58.8497055351014,96.8138998249625,3347.2408146726593,5.187711668932984,Active,4.0
4248,70.69115155121321,97.62699740899546,707.0025093803106,8.677349552511615,Sedentary,5.0
3390,81.11501152866518,97.992317488621,2393.7433885248456,6.274797830831373,Highly Active,4.0
4731,67.96227202190578,99.1992572841094,22547.61934853327,6.842498394055759,Sedentary,10.0
3148,78.41315731247542,97.41329723500618,3913.33129941192,5.407597239479415,Active,1.0
4829,93.71566144959874,97.2881672315937,2659.33834213318,6.418452005020159,Active,5.0
3676,80.65041643176374,99.58914211440192,2605.0996699604225,7.895922368488703,Active,6.0
2627,72.32467990515943,100.0,63.74155966374797,9.568948716539126,Highly Active,2.0
4472,93.39452018406512,93.64136639462409,7019.001531056438,4.309718613556337,Active,5.0
1027,82.68680020032444,99.70287302061726,9018.339674141213,6.533324607260358,Active,9.0
2560,69.48507254378733,97.687595136667,9507.779300075104,6.675877433905179,Highly Active,8.0
1057,87.64634247319245,97.23055633184713,6429.26925036435,6.74462563019925,Active,1.0
2521,88.20951524287246,98.1678463883505,8517.438250568319,8.956833674879022,Active,6.0
1296,93.97976561409487,95.1388225063087,10271.091116516169,6.159090212114674,Active,7.0
3181,81.45349444482716,95.92154176914818,5241.3573966735685,8.84277975792507,Active,8.0
4402,66.83566535554853,97.0514824550398,3550.1704289194904,6.870401138293526,Highly Active,1.0
3296,79.96131510009874,98.05654184137882,940.4327308329777,5.734358260491857,Sedentary,6.0
1901,96.14707458547448,97.55411596761488,20677.309122706505,6.798070195009837,Sedentary,8.0
2964,92.71880617145705,95.71719637638166,1178.0604261528129,5.45374025763,Highly Active,1.0
2677,74.66025554688854,98.90196701659276,1927.5427919429883,8.203283458098586,Sedentary,3.0
3881,88.43906091811726,97.02311840842032,22026.879997231663,8.08232740370282,Sedentary,7.0
2191,65.38882532112855,97.44424656657466,6323.754627199847,5.256938888535162,Highly Active,8.0
1770,53.07337921778054,100.0,3969.09323055933,6.2978935954428295,Sedentary,8.0
2526,79.07832640567274,98.31383050308712,2981.3757091301154,7.074885850907271,Highly Active,5.0
2378,101.76272947970622,97.89808675221713,8774.535752921616,6.782310895620362,Sedentary,3.0
2554,85.42015261666302,98.83048391395386,6367.610353999555,8.82011583453339,Highly Active,4.0
1145,45.38161375613993,94.24430807847756,1302.652868727705,10.327806159124997,Active,5.0
2983,80.0900368953872,97.03101727480852,8038.301872722308,6.608913804376814,Sedentary,1.0
2264,79.7078586866118,94.5872871543625,14771.823519624164,7.062952595750919,Highly Active,2.0
2907,60.10493302505523,98.7673500584187,32567.571182985255,5.089500151604821,Highly Active,10.0
3940,77.47653163222952,93.79358119198623,8087.744796236894,6.242981136388127,Active,8.0
3391,61.075314189338606,94.91867947678554,2392.858395875177,6.768497388610211,Highly Active,9.0
2772,87.77858789754686,97.87774005240335,5833.011379828715,7.5477468835438,Highly Active,1.0
2058,77.79356639183808,98.02920877356657,5065.012938402011,6.19299177769882,Active,3.0
3048,52.03695100800272,100.0,573.1782302237317,5.937153685774756,Active,4.0
3019,61.9788405804551,95.15476444753864,1514.4431588658551,8.013349069702132,Sedentary,2.0
1152,67.72492875656746,96.78915656668286,5198.06908744233,7.122277849281552,Highly Active,3.0
1507,79.06428278338224,99.96832895978716,1404.4231249266309,5.8096006378220775,Sedentary,4.0
4197,81.37736401358107,97.24832541033348,1256.2439072225154,6.374264693095819,Highly Active,7.0
1490,65.26278818035289,94.15784561847346,9985.595099106897,5.9390915464681875,Sedentary,8.0
4553,46.45563250389472,99.58323664587635,8210.802133043611,7.803280087925437,Highly Active,7.0
1344,63.60105290324355,96.9373230133183,4646.588924884115,4.466949445514108,Sedentary,5.0
2935,96.1229340841964,100.0,361.7203661723238,5.440341860887539,Active,4.0
2761,65.69416307426829,98.79422638860214,4479.655321333428,8.31027066624643,Sedentary,5.0
1220,77.65792105218927,99.606828793776,12606.3934352225,6.781374439188491,Active,5.0
2938,75.9141014999433,99.3680683133144,74.74821209214647,8.334237051153625,Sedentary,5.0
2942,77.75496139692211,95.97479592410107,757.8252472000852,7.744956423094983,Sedentary,1.0
1722,54.970540576366545,93.811922889432,11600.702467808474,7.898898291145487,Active,7.0
4096,87.27034714485859,100.0,5213.322636312985,7.131381138718603,Active,4.0
1527,73.50965560008997,99.3402855451703,7598.496961781463,5.513637684014985,Highly Active,5.0
4253,109.65424191819504,95.8715491778919,9566.865149034902,6.613179018426058,Highly Active,1.0
2522,69.40581531135189,92.79163165915423,2498.804565257991,4.627808163805236,Highly Active,9.0
3888,89.65683462744755,100.0,2475.5106618224568,6.251819470294558,Sedentary,10.0
2664,69.18147129730264,98.41555732805564,2145.2551998151325,5.6823485148621184,Active,7.0
4113,103.7882459417554,100.0,1281.1923890278206,3.7082718416160287,Highly Active,1.0
4986,85.96071462149467,98.8763244639488,2544.324160266236,7.139540429462059,Sedentary,2.0
1480,55.72072333135688,96.70404099900838,21378.030077791253,6.991861108359915,Active,8.0
3977,96.10586846320676,96.7518294443513,629.2912421484725,8.393243884436234,Active,8.0
2871,86.62869382184766,97.8241361636413,1926.919385929623,4.664640971258427,Highly Active,2.0
3919,50.80245438781077,95.876975043268,1169.128895963756,3.021029465636726,Sedentary,10.0
2462,92.96968753545052,97.7366111295349,563.9285149737498,6.279135805065131,Sedentary,1.0
2425,100.9144863617704,99.61645419977611,1235.972820378031,9.46443953599614,Sedentary,6.0
1344,88.04477093591345,99.23859345908475,6357.433226556612,5.397783081614891,Highly Active,9.0
1801,83.36431505254222,98.63421030269072,1696.7809238643006,6.374935200394736,Highly Active,6.0
1044,90.88597120553756,100.0,4905.487127957604,7.772739243595893,Active,1.0
4717,71.07051668901931,98.95173240480456,43.743520447058856,6.0769638155570185,Highly Active,4.0
3068,47.78028914226939,96.10751014495848,6449.450006565309,7.088443352610083,Highly Active,6.0
2657,86.3863074940136,95.0864615976422,9.138726172344455,7.071265570581289,Sedentary,2.0
4141,80.88884370011232,100.0,7205.758475145,7.323489172494135,Highly Active,10.0
2887,53.946040506290885,96.08477784440387,4622.337633198158,8.054553052517457,Active,7.0
3095,76.22057470881283,97.88179196888515,647.9136374573463,6.631186668736718,Active,5.0
2514,72.66892026535864,96.7604259304964,48.39722652661883,6.984181609167612,Sedentary,3.0
3598,71.39996396304309,100.0,5615.1873275929465,4.719356931229022,Active,8.0
2001,63.82284526037483,94.8833043027014,13592.076116524178,8.541169746999078,Highly Active,9.0
2033,85.30884321942122,98.5984461148935,5895.385519861246,7.532554556514682,Sedentary,3.0
3589,85.41796889733718,97.6621637706364,15272.975442352155,4.420730618741594,Active,10.0
3040,40.0,99.05488224735548,13862.47215016158,5.893248557487367,Sedentary,6.0
3803,73.97006679387098,100.0,8386.459918251088,6.576799639527092,Active,7.0
1273,78.00187223503097,96.50435837939716,3157.812401507764,5.21484182736261,Active,1.0
1955,86.22122851177492,95.43207610471303,12289.031217999378,9.717348146754624,Highly Active,7.0
3647,83.23476780648635,100.0,3479.3391973041603,7.114364480302906,Sedentary,1.0
2751,48.73606183546063,95.69443174720892,3613.9685353231657,7.897383863047651,Active,10.0
1838,71.10800941559685,100.0,18409.722955324276,6.66794107845286,Active,3.0
1478,91.1228582359542,97.31154873661802,4852.307183043376,4.698829275904238,Active,8.0
1515,74.9614199602681,95.88572166786136,1075.756691144199,9.517069243940677,Highly Active,8.0
1190,88.06990340080178,99.10475321552572,2519.145069118429,5.932721054575589,Active,4.0
2191,86.4061575283891,99.92501880654731,4282.965070142095,5.650067863542317,Highly Active,10.0
4592,72.68410838967274,95.92084605870076,2473.3870062202914,7.7581212195538125,Highly Active,6.0
3668,92.69645072697853,100.0,8711.566863176917,7.885890522772442,Active,8.0
2160,64.03373843238701,99.88762032266688,5476.175965193568,8.217221851193417,Highly Active,10.0
3201,85.98244337858104,100.0,3654.757104371193,6.288061315765973,Active,8.0
2411,88.47319765490909,98.45506183153792,1680.2920846319732,6.284546394345969,Active,8.0
1271,94.54329255221336,98.47714532960278,7848.156750216101,6.575382779307591,Active,6.0
1142,50.27160174658576,97.738641500988,10732.871546808245,5.654037260101119,Highly Active,8.0
4682,80.60602161803595,100.0,32855.28139893252,3.1899185206881944,Active,8.0
2912,67.96777766422133,95.49329937122936,1841.6415396505795,9.340857730982563,Sedentary,7.0
4891,90.18524695881858,100.0,106.59057899807532,6.862344402309697,Highly Active,6.0
2092,79.94684560791876,98.43721213464464,4858.254871060098,3.824970077753693,Sedentary,8.0
3126,93.07514190468548,100.0,2694.605817995094,7.949990883903697,Active,6.0
2681,73.45212696108412,96.37912490690836,3473.859184902354,4.652248818944724,Sedentary,4.0
1622,58.66172252340456,95.3653247803182,20658.707740513648,5.6835770018065865,Sedentary,3.0
4841,68.13882735337162,98.06601106699635,4326.509862099686,5.197245937022599,Sedentary,7.0
4676,73.2784250869674,100.0,9045.09507242304,6.5271230138539895,Sedentary,9.0
3572,40.0,97.28732620721206,5587.29052221035,7.6631016220742145,Sedentary,7.0
1937,73.54488555531235,98.20171025997035,2672.570138537919,5.138630454531569,Sedentary,4.0
4692,89.46060653128478,97.40030256246128,14663.011412686994,6.224002838183788,Highly Active,10.0
4401,77.40780279920251,99.16376423798656,5572.811178285898,8.06518977483062,Sedentary,4.0
4260,51.88055620069329,95.35116407141668,2588.9383180298237,7.266020320527407,Sedentary,9.0
2118,76.19135024144421,95.56868395107712,272.6317319819545,7.099368728928692,Sedentary,6.0
1616,73.20225475073708,98.74019210780271,93.07402455045124,5.183230068481722,Active,9.0
2031,64.71451429492896,96.873048546749,3051.8285489140785,6.740107161715993,Sedentary,2.0
1066,69.14551908027212,100.0,1700.7496437652526,4.797674444897927,Highly Active,2.0
4567,75.39770350822849,97.17528307554105,378.820825081463,5.261344878409863,Sedentary,7.0
1190,40.0,99.04791635726822,5633.9698316801505,4.281339261959874,Sedentary,9.0
4437,80.40083023892085,99.15321691883506,31436.041520581384,9.092764562880522,Highly Active,7.0
3815,84.05999982819311,97.11300606043564,3841.227640355096,9.153272158835234,Sedentary,2.0
4893,82.5137916399906,97.90528770053686,5622.499049043297,4.993808906696323,Highly Active,6.0
1989,70.7782962206493,98.1588677599841,1737.4715334198656,5.336482015765093,Active,3.0
2140,104.4621202343404,96.00388560935268,1605.1579564730937,6.023514386069871,Highly Active,2.0
3314,82.66479982681597,100.0,2786.369810856951,8.327743217506603,Highly Active,2.0
2634,68.73214919755299,97.09360629676698,12614.858074172338,7.411614114856672,Sedentary,6.0
3532,56.41697576139241,96.19791719473946,22633.72410289784,8.572102728586657,Active,6.0
4580,54.526095285479414,98.2836312169621,9422.12174740592,9.030645319202064,Highly Active,7.0
4369,80.99810381293888,100.0,145.3935374495212,7.225379993936317,Sedentary,10.0
4980,85.82785487415258,97.82387778839023,4038.9232283003216,6.947453864407661,Active,7.0
2187,76.86403106671992,97.68550745478736,3821.5722625752414,8.542948764582562,Highly Active,10.0
4579,74.15151547925531,98.34193386782562,19155.1798194675,8.120839255150873,Active,10.0
4339,82.3894811332796,96.3424640675672,8771.914109834728,7.212735156720216,Sedentary,4.0
1548,63.360189413687706,98.26383257371415,5823.262558817134,8.062528989262162,Highly Active,5.0
2097,74.70659746591207,97.49358797523858,7265.943714182667,6.04966185563604,Active,2.0
4579,76.388841288914,95.24130111119352,8395.421817089944,5.648875445136599,Sedentary,1.0
1072,83.65175943503988,97.52036971852117,5629.423955505302,5.991520230383856,Active,9.0
3355,62.72567034642247,97.41006430503954,13042.56724015356,9.907948865478492,Highly Active,5.0
1198,59.935057058708395,97.61319491875038,263.14722680485636,4.934567507627182,Active,3.0
2781,78.1051399559155,99.23250464645056,10397.783131201488,9.470639085822702,Highly Active,10.0
4895,74.92068854271697,100.0,5269.713031189047,7.095672922954475,Highly Active,10.0
1571,40.0,97.87290378166706,13779.211685816934,6.022623053362794,Highly Active,1.0
1790,79.98848034254463,97.40815766241948,12321.034463219736,7.333817579176112,Active,4.0
2638,113.52627050534451,98.54335133817428,3805.735073257169,5.760003579731657,Highly Active,2.0
2831,88.7730918977992,98.51683965334522,12820.032588600949,5.135431291553624,Sedentary,7.0
2855,45.65829577567617,96.70588529311206,1460.6995057452507,8.518876529689393,Sedentary,9.0
2510,68.91903653881958,99.28770096412624,4433.612256763388,8.422778168906214,Sedentary,8.0
1983,72.07059888270999,96.67458817003234,1850.29611465964,6.022177649563276,Sedentary,7.0
4740,56.41632956369168,97.55785963005756,15750.145232701832,6.824434839153613,Sedentary,10.0
4277,61.60450465614484,98.39177408546244,3200.4053282167824,6.356514157084528,Active,5.0
1178,89.0074082734104,97.5282874326722,8072.591246201359,5.273049999541711,Highly Active,1.0
1734,73.32519785226054,97.84724020316467,5498.721942196593,4.3124871199915,Sedentary,1.0
3136,89.22143211527843,100.0,2994.425055987771,4.698820431691117,Highly Active,1.0
1798,65.14756479188814,99.7907167398784,9503.31392143954,4.940156427403357,Highly Active,4.0
4505,69.85755058605395,94.82403006243877,10807.63451951922,6.8184668949049865,Sedentary,1.0
3795,51.72883386510341,96.357237853986,13743.477931250642,5.333735157577891,Sedentary,1.0
4254,71.16253327581224,99.0854884438398,3072.8313423758523,4.619611441970271,Sedentary,9.0
4201,76.75822941595001,95.30256208259588,4261.398198341808,6.380392327586158,Highly Active,2.0
4084,101.53386568517216,99.99921725815229,5944.569934826012,8.753380578853832,Active,6.0
2657,71.30046220459546,98.73459577224324,12836.061921115202,6.579147242411454,Sedentary,1.0
1731,89.35658630783801,100.0,5323.602789397321,5.325943812289716,Active,9.0
2605,74.01514159174359,98.0046868122172,408.9371785369707,7.152229946464086,Active,9.0
4778,82.72980465924579,96.93509869468234,15742.39815884418,5.270329586970333,Active,8.0
3745,66.1157835588863,94.44615282188636,4942.108742592928,5.3912894243049045,Sedentary,8.0
4170,72.44923929335397,97.06444965339406,9668.899316493957,6.420539100827522,Active,7.0
1593,76.40318131617441,98.94798708457262,2846.6419738463046,8.928257365079126,Highly Active,8.0
4658,71.18308987071849,97.59810500613104,3393.9418429112834,7.780805046665598,Sedentary,8.0
3933,72.21782539207624,98.74596132403082,1481.5398809000694,5.405384632552624,Active,6.0
2215,83.7148893314419,97.47925217262782,309.8509590180924,5.273695695195831,Active,10.0
1324,82.77003263727265,98.87129081814444,3423.792572984552,7.46573546377237,Active,4.0
1978,50.3474057326766,97.62535950741916,2852.62979793355,6.827307986798274,Highly Active,4.0
2749,81.44686088650803,97.15848801555248,11739.408575271733,7.478219101959269,Highly Active,8.0
2850,62.3907632728279,99.1952821789464,4874.318765669359,5.729397984457267,Sedentary,6.0
4003,104.87235992432944,97.8222829934378,1296.7557374800442,7.003262513735125,Highly Active,2.0
2490,74.86219916872922,96.28585709289976,4979.360060835522,6.906144849317788,Sedentary,7.0
1893,72.0585928363711,97.706457457863,1884.4632965114351,8.398065118808395,Active,3.0
2390,97.78509879570612,97.20345419876088,120.82872648974612,8.869683686452543,Active,3.0
4389,93.12871363564516,96.09007465194334,5505.209065871494,7.855615573390978,Highly Active,9.0
1143,71.44180108495354,100.0,3128.4705894347157,8.39585894499299,Sedentary,1.0
1383,57.35028128524392,96.6394081045999,1910.8308607055296,6.470249587526565,Sedentary,3.0
3263,48.54554554592486,98.52449869601811,1323.2077236207356,5.451164015655674,Active,6.0
4432,59.28829855754032,97.49738514334516,4232.026149625173,6.454168218692908,Highly Active,3.0
3371,79.81509899007419,100.0,14261.15843528474,6.301648033930718,Highly Active,4.0
4086,72.78497919066442,100.0,9935.463572839682,6.200652431640473,Sedentary,5.0
1216,60.946373435001114,98.98947329747602,32.48489643511942,6.484530335024452,Active,3.0
2515,69.11726189315704,99.56715714648143,9195.215613438082,6.243979422040506,Active,7.0
3998,100.75468732965838,94.7387075888246,528.5136636453208,5.813005108606799,Active,8.0
4618,91.79420274200706,100.0,5558.532974522754,6.3038582385000455,Active,3.0
3230,101.29049199585424,99.38158446498082,10600.370514292472,7.702612072769558,Sedentary,10.0
2490,85.54872668713057,97.6853467967452,19632.67006077705,8.123652524875823,Active,1.0
3917,97.02540979719944,100.0,207.92054285668817,6.629931619950156,Highly Active,10.0
4590,63.258610985709296,96.5915794899712,14299.245357690908,3.233572264411154,Highly Active,6.0
4613,61.47364259233724,96.60337763497132,15215.496894291182,6.6673152046198405,Active,6.0
3514,74.80044009285568,94.17123810150387,3264.6722679664776,7.517595570518716,Highly Active,9.0
3352,76.16044520510432,99.47971576180215,5438.699736853899,9.158954597145154,Sedentary,8.0
2167,79.09040848323419,99.54155748957196,1257.2027673290145,5.892045252321159,Sedentary,2.0
2013,94.408344087657,100.0,4431.792526552312,4.673865671516336,Sedentary,3.0
1231,54.70802217823648,97.6323045363848,5812.208008979841,7.398200147279378,Sedentary,9.0
2714,94.36051913306032,96.73108077368724,879.4189978719298,6.510493550101083,Sedentary,10.0
4655,70.15650788650056,94.84797008656082,6678.357288728861,5.784484148611668,Sedentary,6.0
4663,92.6323612925656,99.84262271184753,15853.468855260213,7.951563225371662,Sedentary,9.0
3642,58.46401703922781,94.27117187392024,15937.143739141293,6.495336750767632,Active,10.0
2577,99.8418242611384,97.49904521092446,8506.278931961637,7.7741039219464865,Active,2.0
2296,86.29370199683909,95.92918110350598,12438.819767470566,6.103344159806156,Active,9.0
4774,52.832342608026714,98.1520768402364,8406.55442611098,5.38798205806561,Highly Active,2.0
3220,78.02863940571523,99.8643847729865,3915.4960599186247,4.578408894011343,Sedentary,5.0
1972,96.07185440501678,95.95620199637992,2819.80162540321,4.938501486348474,Active,3.0
2030,83.37629030509447,98.87861465959588,9271.735756787495,5.535018569890256,Sedentary,5.0
4226,75.463727048048,100.0,2478.3873776887194,7.941626803105219,Highly Active,10.0
4593,92.26314858113057,98.32354192403729,446.9698429977435,5.394348838747994,Highly Active,1.0
3593,80.52990552392771,98.94048807181788,1985.8934694411,6.177583634858635,Highly Active,4.0
3595,50.105739737922576,96.49817307678644,9852.170225201702,4.956429621946993,Active,5.0
4992,76.44075655720691,100.0,11032.731905398488,6.580376587557936,Active,2.0
1517,82.26337632491025,98.96414676148552,2266.623127026014,6.930323675616412,Highly Active,1.0
3532,78.33821628330648,95.98390639534009,2781.677324191677,7.032381016472782,Sedentary,10.0
1913,68.92931176604955,100.0,5579.271868535791,9.13430951597999,Active,2.0
3181,77.7543622790191,100.0,6522.91579813366,6.939576102655103,Active,1.0
4197,55.10603943785085,98.09619628523706,901.7993721212872,9.7585599080189,Sedentary,10.0
2944,79.65231481531916,100.0,1177.5410863008942,7.770963973914103,Sedentary,9.0
2872,63.331626663289995,98.737939088176,1286.6662786862196,8.133757735252942,Active,2.0
3733,86.05583132558357,94.04493049003264,25640.478146138677,7.623110490313618,Highly Active,1.0
4223,82.50673449724577,97.4274319206652,7518.199738603473,8.205391198250457,Sedentary,9.0
3378,72.16445875961399,100.0,1382.8313810841976,6.218894864345864,Sedentary,4.0
4609,81.40240683428446,97.5804553666704,3860.3563435858528,9.89798077687487,Active,5.0
4186,88.14830830677374,99.63523419746856,8075.834079237523,6.087829067209647,Active,5.0
3941,88.86224821742724,95.41887845653294,14136.407601200695,9.09712713994541,Sedentary,1.0
4553,59.37115415961035,95.03222686359184,3585.429784695888,6.243862094434519,Highly Active,4.0
2307,64.00642230805605,99.29735073018766,3920.566217898755,7.494063631560024,Sedentary,7.0
1898,97.14889746739888,98.84614769320387,3557.9070060243675,5.792408861230024,Highly Active,8.0
2098,88.24333693847359,96.10566435864,4174.997023288404,7.1691840236517965,Active,2.0
2189,84.57824163954223,97.36229103490098,255.5709671627915,5.959820104710931,Active,6.0
2212,86.91701251182492,98.45167464011156,6285.799599411823,8.252977499950003,Highly Active,6.0
3125,92.07140426031104,96.64200894118494,21261.418756625902,6.93605585960292,Highly Active,4.0
3994,77.005290049959,99.86769582226113,10770.329209435458,3.874939368913626,Highly Active,5.0
4673,69.31403703328589,97.99060756941974,13833.718568442191,5.280111255809417,Active,4.0
1687,83.41592063213447,97.59844192221765,1821.7025084254024,5.037612970693413,Highly Active,10.0
3068,74.60424042931702,97.21011041086308,6540.827483877755,8.609187325987644,Active,8.0
1565,98.2382989036524,98.94205198035031,15642.549727920728,4.637841313593939,Active,9.0
2207,98.0155566722349,97.7756686781567,497.5125261541644,6.0978034257215965,Sedentary,1.0
1826,58.57395222542311,93.61638646756435,28550.023914038487,5.218096501120851,Active,10.0
2351,55.27337664263162,100.0,613.5728202951725,5.173710593911281,Sedentary,9.0
3226,77.79811603329672,96.25187145230866,3211.6907388268264,5.029169509788998,Sedentary,7.0
2811,88.84514222568035,96.85917113637235,393.3857629700319,6.8095382183970745,Active,6.0
4183,70.38277693982629,100.0,409.13732595023225,5.756407262525819,Sedentary,8.0
4807,65.30515355109425,93.21731867765874,14084.269247171183,6.845441182444703,Highly Active,5.0
4797,76.55685480258481,97.781671203894,460.0400688506501,6.963796205290653,Active,2.0
2350,78.98787664817986,96.7650984796514,16617.14637991008,6.721532355008661,Sedentary,2.0
3952,71.35141177909064,98.71923686149589,19138.946805707717,6.629108107205266,Highly Active,5.0
2644,65.1441570398166,100.0,13967.955322582004,5.342205273019461,Active,4.0
4968,76.72935265475171,97.75125538265095,21733.25410546492,4.330917219821866,Sedentary,4.0
1190,52.21350416002413,97.92584806571476,39805.48063517527,5.327577984594432,Active,3.0
2223,77.52193298835901,96.8694219414792,144.9101405403389,7.964181236855625,Active,6.0
2335,43.51539408239924,98.91699432237368,1274.9703073463434,4.624668241022523,Sedentary,7.0
4106,85.42808104128,96.52044842857616,9537.916210071206,6.732454422282888,Highly Active,10.0
1378,90.3346871174728,97.4710469889807,637.3543600048586,8.390981582737403,Active,7.0
1386,67.128899287409,95.6650930334118,2423.96029913017,5.91102633475752,Highly Active,10.0
4829,66.96915325513316,97.22513254009428,7114.256317125326,6.776191827317718,Highly Active,7.0
1615,58.46351863788626,98.5115615455409,1025.1047731702797,7.6444665944987085,Active,7.0
2542,77.43975427524886,94.37643383025348,5160.211436852214,7.05026220235413,Sedentary,1.0
3330,59.96125851598924,97.57621068023676,2915.639924683951,9.212416985421722,Active,7.0
3048,83.34756937025426,99.52531706605306,6172.197426465103,5.904408700638401,Active,9.0
2754,64.24909224180718,98.91666708089434,5412.850861962363,9.09630288623703,Sedentary,3.0
1463,70.20507840799971,99.64364074255846,31899.442856328507,7.534466760505232,Highly Active,9.0
4301,82.49062905787333,99.40396683264612,13940.898140191544,6.867858133147728,Sedentary,7.0
1966,84.53191570382917,99.50167153116148,25.71879205711097,6.9852099911184595,Sedentary,3.0
4158,78.95429256520586,96.4510687731228,17104.006417351095,5.421412182495883,Sedentary,5.0
4624,58.70033195389737,99.67203046587058,5427.449707100018,6.71859197162267,Highly Active,6.0
2321,68.68902188561069,97.37309332858348,10784.747277693805,5.52449354804247,Highly Active,10.0
3622,74.4792011830726,94.26326257150826,14260.4142925635,4.417245851091395,Sedentary,7.0
2507,70.50385524184098,100.0,2161.3775764588736,5.1941551642447745,Highly Active,8.0
3212,68.13912404760183,96.66909839983389,3216.1144690962897,5.225202087720566,Sedentary,5.0
2722,57.85607808338643,92.58494702127922,14187.53352390839,4.483178958760106,Active,6.0
1382,95.13450374966374,99.68432184010216,16686.146008833235,6.98466614558797,Highly Active,9.0
3256,76.72208929851678,97.81081464223509,5351.384030670046,8.70145210644007,Highly Active,9.0
4810,102.18412389761632,96.21725676295723,7511.948051834163,10.656359299333744,Highly Active,8.0
2412,93.44472875047263,99.13937432610696,1841.356314630242,6.66804100570352,Highly Active,10.0
3271,96.16530550908725,97.9654500996682,2125.2988535749505,5.928857175520959,Active,7.0
3050,73.10300329861602,97.13287017921836,6089.257260901362,9.778479105103536,Sedentary,9.0
1371,70.83517848542508,99.04457833195772,19097.59133848635,7.807196166390116,Highly Active,4.0
2710,68.69288720230476,94.34546939268893,5014.836418798063,8.322271996876127,Highly Active,4.0
2469,69.74140676627992,97.2275935239206,686.4575081932221,7.471755647243967,Highly Active,1.0
1610,80.99109647788978,95.00730948453,15830.76016409436,8.102221592176184,Highly Active,5.0
1115,109.49671234479632,98.5449901501984,6155.8189361513405,9.40787862803515,Highly Active,4.0
4341,50.40996303081805,99.71985540262736,516.6626021046116,5.814887837365232,Sedentary,3.0
1446,104.15109859861768,98.08190051852314,74.09024867176073,7.60651216010446,Highly Active,2.0
4324,72.33437761302203,94.96177172700264,897.1300950010141,3.446444044251356,Sedentary,8.0
2340,67.53511690405212,98.66108675567274,6930.2147132496375,6.897338775770344,Active,9.0
2808,65.89218955566515,96.79145160044264,5041.633635265448,5.541059485645567,Sedentary,1.0
3939,73.45242420651694,96.13458036279197,2042.963982755426,6.705465220318314,Highly Active,3.0
2047,74.55660481552103,100.0,361.1357882907887,7.135232432490904,Highly Active,10.0
4699,86.41707117506648,100.0,73.92219499116509,9.442767611722385,Active,2.0
3710,84.77040073513356,97.86957043254144,18204.89187286603,7.30280253635904,Highly Active,7.0
2873,78.58012771912705,97.85152208489838,1092.5866417501384,7.380904731447113,Highly Active,3.0
2073,74.34563201258,98.41394240421064,4840.76573152145,5.376293517844938,Highly Active,8.0
4569,81.67449482951365,100.0,1576.8580259396997,6.05574696299232,Highly Active,8.0
2358,68.91372184847025,98.36552557721171,1847.1436847590892,6.590384212313286,Active,8.0
4150,91.58471380138278,100.0,1387.01927451629,6.823527255684844,Sedentary,4.0
2605,87.52305752046522,99.288258476897,1211.5705978230253,5.273094487948803,Highly Active,3.0
4098,71.31064422948901,97.8243056656361,4248.210976231069,3.1380277202339784,Sedentary,6.0
1561,76.42508648907365,100.0,8575.441694333773,7.90600066481912,Highly Active,4.0
3851,64.61531074542376,96.78172169562296,2774.1355208907826,5.9353993820993995,Sedentary,2.0
3294,85.75865191026067,97.39277644416327,6843.651072922687,6.388688310784207,Active,3.0
4847,78.23863611021685,98.49545938785997,16.600437912943303,4.108933849945178,Sedentary,2.0
4662,49.909029537547994,96.5017202961057,15341.888018319443,6.686553949155524,Active,5.0
1386,79.42150423307044,99.97991204060504,14268.213683163847,7.114142299044554,Sedentary,7.0
1701,100.72666675053144,97.23903964225916,5498.151329846561,5.645055116172711,Active,8.0
3606,72.70812991475083,97.0582604909935,1952.1694634264288,7.946605358160446,Sedentary,6.0
2384,69.85428872033921,100.0,11648.796352651952,9.673748933830176,Sedentary,7.0
4937,76.08118560138529,95.7519343670105,119.69583005450744,5.109732602729265,Active,6.0
1983,98.10196004790603,95.6210439580708,4439.410502198948,6.929481790626851,Highly Active,5.0
2511,90.83293470189602,98.17840098968256,753.706331038852,4.718553383656868,Sedentary,10.0
1351,66.36278804931094,95.06058641569228,992.887871968216,7.406651011660317,Highly Active,10.0
2724,73.90845180731095,96.74687076822968,9.164545174978205,7.226289655564792,Sedentary,1.0
2951,74.8833124436239,97.699668904858,8146.820342396953,3.6090849015154407,Sedentary,1.0
2279,81.17494450404519,99.9562525752465,2037.338450060216,6.908250816863706,Highly Active,3.0
4293,81.45128399513148,95.34980038094774,2545.3198357130314,6.201275173533414,Sedentary,4.0
1752,56.327166670932414,96.56596681440936,55.83369184285041,6.061934922664694,Active,5.0
3828,73.28016911903825,96.17606095983253,11015.888274133642,9.592824874394816,Highly Active,10.0
2024,69.5631550972076,98.34980107614844,7580.749002828867,7.360094720959488,Highly Active,9.0
1545,61.53829803696573,98.93507845377268,3372.4761477421807,5.259455872940228,Highly Active,9.0
2469,86.82581707233949,97.74764182464322,507.2293456985222,6.0030425276501775,Sedentary,8.0
1078,75.28822274181279,98.79334115661273,10466.770079916394,3.596930755405882,Sedentary,1.0
2259,59.50878802274616,95.79662919695852,18259.551423416724,4.879469745462593,Active,3.0
1888,81.24746130820262,99.20771963339868,1047.1961746331876,7.875296426339556,Active,2.0
4420,86.87911619174113,99.27619462178258,7399.598734668113,7.176598523134741,Active,1.0
2105,68.4580858901991,99.4170439804831,1266.693956253823,8.625152034984303,Highly Active,1.0
3549,83.15485281273962,98.93147370496216,4453.829719839072,6.980516262169854,Sedentary,2.0
2990,46.052393494062514,100.0,2004.75598852926,6.075042976934839,Active,7.0
2500,89.43540599833226,95.69732407202208,18636.270826750064,6.362695842433382,Active,4.0
4998,73.97893999097319,98.65492171769864,11583.642280771852,6.107405783965366,Sedentary,6.0
4775,82.90088214950075,97.25535137036054,2268.165601868815,6.087662667556954,Highly Active,5.0
3812,73.9471030305296,94.5348988523656,23229.753996699943,9.044722415916016,Active,8.0
1920,102.26553860886467,98.18202827793476,3327.0271838619974,4.914708447513119,Active,10.0
1549,93.36255063423496,94.29682224621354,5881.357415653667,5.7424237163861624,Sedentary,6.0
3061,40.0,97.46190725936005,5810.997417572563,3.762742300220381,Sedentary,5.0
1391,83.29151099375987,97.68314099172856,7340.481204626232,8.01640341810388,Active,4.0
4418,70.76995876004182,96.7000357486676,1954.5589880852865,7.01377489870099,Highly Active,2.0
3357,83.88407799877147,98.47122017171604,17861.93394859726,9.107643997622615,Highly Active,9.0
2380,73.26307052887819,100.0,10159.888447759738,4.752783084364253,Sedentary,10.0
1973,59.709100216145835,96.859832686185,14930.572167670536,7.183514846198357,Active,5.0
4639,79.90928019245669,96.30022995020089,8705.901853809857,6.9501692070210535,Active,6.0
4164,79.55912201069599,98.77526131468169,10536.16930001271,8.65837122768573,Highly Active,4.0
1339,59.10282985858634,95.87358935178582,9864.276094586816,8.397492672508008,Active,8.0
3644,84.49227248605386,98.48530933605888,3700.607657069791,6.629129227532931,Highly Active,5.0
1756,51.658506345990745,99.2180426256072,3348.508140673621,6.301450231940078,Sedentary,9.0
2045,76.20441342395438,99.719370749419,664.533058847009,6.431332462665173,Active,9.0
3338,86.39416336559933,100.0,7109.020136153153,3.2537455219204143,Active,9.0
4556,63.772279179122386,95.46809566157528,17095.52333727535,7.2604737568744495,Active,3.0
3353,75.67481765364151,96.46628128295367,6081.186472118267,7.8202870519522145,Highly Active,9.0
3681,64.31131549234016,96.37597042877232,32747.28825344968,7.571345843525399,Highly Active,5.0
4199,40.0,98.3191423522586,5463.729120426601,5.376893508922162,Sedentary,3.0
3672,73.50985588021814,95.87368460964198,2970.728075118748,6.211763366363331,Active,10.0
1938,73.90020112102134,97.6443154398768,8537.42870815768,5.78295315625384,Sedentary,5.0
4344,94.71330877896216,100.0,5158.63448465949,8.06704900648467,Highly Active,9.0
1847,80.08252702900516,99.598484967399,25051.254633117824,8.860115604927929,Sedentary,6.0
1441,67.0506790999394,95.35235356029324,15976.39607445578,7.697761033032565,Sedentary,1.0
1129,88.11819928802312,97.51895785620528,7.157484307627693,7.285856195621662,Sedentary,2.0
4203,76.76154854413772,96.75671712914178,2847.4794010252845,5.038182095213646,Active,4.0
1596,69.08962886637336,99.11775646693586,6907.37783157781,4.418561719259484,Sedentary,4.0
2958,66.88260382162385,95.8946589572753,2580.4088231510264,5.120133081304749,Sedentary,10.0
2505,93.65167602974552,98.47437875466493,7478.830776870901,5.819700323212761,Sedentary,4.0
1861,95.8693767959474,98.78055116904592,8785.675125540702,5.483879782776032,Active,1.0
4461,65.59913143662676,97.80627490848828,6833.843658589919,6.5815159207912215,Sedentary,8.0
1998,71.79868568477372,100.0,8352.447465292755,6.61200316819882,Sedentary,5.0
3372,78.39147190194058,97.67961720203166,10610.881114806984,10.16235576061954,Sedentary,4.0
4140,76.08651845273975,99.67500438700466,8337.137501940817,7.813907546084893,Active,4.0
4731,51.384844376650506,95.7497696947801,11699.315303246793,6.904317690004838,Sedentary,3.0
3495,97.99580523908182,96.7716163347068,20595.59233870441,8.092786913757461,Highly Active,2.0
2551,47.09349231056676,96.3226577346391,757.0832912602282,5.289771564031977,Active,6.0
2511,42.26074949485545,97.82938585201254,19976.164915177906,6.684030548505756,Active,4.0
2736,75.9095623235208,94.81738001159673,6774.426139106333,4.785730813740453,Highly Active,1.0
3756,96.2179618966575,98.99755224270815,615.4753027238419,5.789216488678531,Highly Active,2.0
2449,72.52953070713042,98.64338755212523,4841.22167630883,5.8857353005228745,Sedentary,1.0
4768,59.88555271289749,100.0,15733.246873662272,5.778530970204715,Active,10.0
2875,96.14390163107429,99.11928833816488,3718.3235651931855,9.71748054966749,Sedentary,8.0
1264,87.58974963041825,98.34889452032414,13185.186306393072,9.681346428761373,Active,6.0
4946,62.33205933671227,98.85082670937464,11065.379131806802,8.207458305930224,Active,5.0
3659,79.83512453109259,99.79682002407148,16583.4768787342,6.644797375585445,Sedentary,6.0
4413,91.18533960413065,99.69578922878148,2136.8701117599235,5.6191304867933525,Highly Active,9.0
3879,61.44165384635956,97.12068931050092,4803.967411348738,4.9480729891536255,Sedentary,9.0
3721,57.11247253919356,98.01813690910085,135.15666669991916,7.667121571753806,Highly Active,5.0
2462,77.49354301168371,97.5798201333576,1936.4855239621947,6.652860219035492,Sedentary,9.0
1156,81.48558561304172,100.0,25557.37837946222,7.50190831982483,Highly Active,3.0
3966,62.756698614109254,98.84570128044808,1332.4025107419063,6.0834351195193115,Active,1.0
2632,67.65596915195812,98.93263776804692,8380.996049974956,6.006016922784302,Highly Active,5.0
3577,83.3760342470635,96.55994338546904,6479.460631450981,6.955302394823483,Active,8.0
3374,87.11007953291488,97.35179525338964,4879.020751278815,5.8749092276227195,Sedentary,10.0
4008,40.0,98.12710367765166,7845.16797534351,4.785157480862169,Active,3.0
1894,87.44050894037366,99.2877683058816,1278.575779434737,6.671935225434667,Active,1.0
3144,75.13416214070148,99.0163578766322,4036.1026174028866,6.955495982325457,Active,5.0
1512,71.05349422724449,96.76476600576848,9711.375598019156,5.9463425920692154,Sedentary,9.0
1215,73.15503184609926,99.0475638990098,6063.440620358,6.466988284365226,Sedentary,4.0
4153,81.4655041615726,100.0,349.9161489074059,8.62306705330137,Active,10.0
4354,107.41596433778622,96.59187515215208,4543.168630202265,6.180524480020371,Highly Active,6.0
2706,54.74674909079705,100.0,4028.455388770573,7.600792284805972,Sedentary,3.0
3106,81.6509576941094,97.66178265388795,2074.8265604712415,8.267669759746617,Active,2.0
2567,67.73996302649053,99.21060837497846,6249.995326100005,6.537043010334787,Highly Active,9.0
3208,82.26751604107251,96.82307610194697,2015.4152932017505,7.016485525140254,Highly Active,10.0
3331,87.99957805333841,98.90848288909436,1706.290544612215,6.713960207834495,Sedentary,3.0
3153,63.97246285105761,98.7025552076235,6814.065755466358,4.101427758335188,Active,6.0
2128,104.3269596753758,100.0,20295.610198241742,7.080496373011131,Sedentary,4.0
4510,94.82355139723606,97.30739960621668,1586.3239932224344,5.087929705199543,Sedentary,5.0
1227,86.82323947622552,100.0,1413.2903664067112,5.21247777576081,Sedentary,9.0
4771,69.64841845968135,98.89363829412542,5128.315716418768,7.286416057453557,Active,6.0
4653,66.68208733425291,93.79000081030055,890.3656915803685,8.43963629296142,Sedentary,1.0
3365,81.59411301408271,98.61288952573813,2437.8532060769176,7.671184437063895,Active,10.0
2487,69.08795813930764,93.15623570732856,32789.380381121286,7.373137080882719,Sedentary,6.0
1801,67.14430388787645,95.31472068885655,12873.873636264148,7.006372004499458,Highly Active,2.0
2622,103.72823451933046,97.38609111388789,8572.150718512074,7.803110648744207,Active,1.0
2905,83.21319135074545,94.45033093093372,184.58168713442967,9.026266945900582,Active,5.0
3921,87.35326928906898,96.42179955848822,2155.893813122758,5.634699349704493,Sedentary,4.0
1471,103.14890200183196,97.77369515047964,5902.396069495172,5.684009783299072,Sedentary,3.0
2079,76.24678524492289,97.7932004116134,8671.904318706258,7.596693665213687,Active,9.0
3672,65.51272687834474,96.10347066592443,7726.254540904526,3.942461193841739,Highly Active,5.0
3060,58.947292533892465,98.24474213375362,1435.9375246901302,6.351587168160221,Active,10.0
4511,95.31689826497912,100.0,4395.270099342268,6.891613673858701,Active,1.0
2041,69.40704051297048,97.7977009850687,1548.9487041414914,5.685938330777982,Sedentary,10.0
3741,40.0,96.9187291604216,17999.666082812015,3.6236471204938887,Active,7.0
4020,40.0,98.75623227102274,5705.869367803672,8.578103297096291,Active,2.0
3160,52.867616834728395,95.92211290783004,3463.0501292120102,5.60056883290096,Highly Active,9.0
1228,69.36418490434856,100.0,17508.848022922557,5.667438700820205,Active,1.0
1170,71.60208309654894,100.0,16401.00959640514,8.49246949377446,Sedentary,1.0
1188,57.9460150354208,98.99885211009511,8125.899172761347,8.76684926435745,Highly Active,3.0
1976,88.26161540443755,100.0,2573.7808125797924,5.1658082935874265,Highly Active,3.0
2102,72.8404377144715,94.82979905387376,5582.746764719827,5.7660615302355005,Highly Active,6.0
3705,68.02888308172152,100.0,13124.98354785028,7.232333033182258,Active,9.0
3430,62.00031148751275,98.29194943740092,6364.509235058177,6.875920856230366,Sedentary,8.0
4253,92.18910633903796,97.00911247588355,4300.856615203473,7.977080382467239,Highly Active,9.0
1498,54.450665069295155,97.1858634426944,7637.457201985685,7.24671190407044,Active,4.0
2821,98.65395478942924,97.64487447118512,11710.1053072184,7.745614587348258,Highly Active,1.0
3809,74.6613694514395,100.0,10836.505726728086,11.658063796339746,Active,1.0
1865,59.41982750244076,94.30491624522315,3240.876501542312,4.108735931818153,Active,5.0
1825,87.61137884005731,98.82175533836468,19204.930643511812,8.513627636182568,Sedentary,1.0
4779,82.622258425147,99.60545169082889,111.18895934547967,8.718927612798316,Sedentary,3.0
2858,81.2357068024936,95.8276494683302,4194.908799827226,4.853024014825916,Highly Active,7.0
3118,85.56047704662093,100.0,16665.74659093931,5.3018503522928215,Active,1.0
3295,77.42956696996238,100.0,8335.2335098334,7.2530768353943,Sedentary,4.0
1145,81.88154876625836,96.6140272274662,8521.57390453892,4.625318112399048,Active,1.0
2641,95.41095230120509,98.45502711466604,1191.122473005751,5.578386558974719,Highly Active,8.0
4846,78.03791993510467,96.08024517091604,6106.849129728424,6.8588359737833065,Sedentary,4.0
2319,87.29492293269516,97.2320058525574,23867.918557344354,5.474468347316018,Sedentary,4.0
3629,42.006120632912186,94.88675314495788,1663.784873137831,6.158612662440754,Highly Active,3.0
1469,79.86412568924315,98.10954124261426,2773.9523706957857,5.199356019594487,Active,8.0
4577,112.84272344449565,95.47922600078192,3444.282294427718,5.086509842777237,Highly Active,1.0
1192,48.19860574705953,96.0231981527938,3122.782717528274,7.207306191333531,Highly Active,6.0
2091,105.00597727211444,98.87441647251867,6904.170611466874,6.348208760684202,Highly Active,7.0
3541,85.81573695983614,98.6308259516505,1871.2549842665635,6.685072058430082,Active,10.0
4888,49.542288330718726,96.192060893587,4932.1404365214285,7.556249794624456,Highly Active,7.0
1051,75.60672015516465,95.04623298654164,3578.569712759511,6.775727503284837,Sedentary,7.0
3410,88.66958421637463,99.39284280352062,1938.9575208892568,5.179284561504695,Highly Active,4.0
3964,85.44353901340719,100.0,9439.381159019717,9.49156388248429,Sedentary,8.0
3521,95.77893904180758,98.70734835859788,8265.326524474898,7.820691852627473,Sedentary,5.0
3568,92.89791336715048,96.88172971385224,21890.546492934867,3.463112517614336,Active,6.0
2786,68.31675372853475,99.20028002021868,13467.546299060095,5.397326931947064,Active,7.0
2454,85.27991256302401,96.11531109703918,19487.55931407067,4.1941138354672525,Sedentary,2.0
2867,109.49666801445991,98.88553784312592,123.64961262935276,4.57284616924164,Active,3.0
4767,58.27453670972953,98.45607574577464,11588.201357265409,4.762560629597524,Highly Active,1.0
3738,93.82063437388408,96.25504030041952,11966.276779782163,4.747813017511357,Active,2.0
4269,45.347316444109715,97.84142089959887,342.63106620865995,5.504630321434357,Sedentary,10.0
4199,66.48103672482992,97.7757485880858,6336.680924275202,5.536166533749507,Sedentary,5.0
3579,109.60416188092996,100.0,13321.126931409684,6.106459790356887,Active,10.0
3007,67.58105147812002,97.48098841413956,6197.163774191064,4.399181776967339,Sedentary,5.0
2434,74.0846160214129,98.58267331374452,3880.274454425285,7.977445379742463,Active,10.0
1839,93.69696771594852,99.0119628972893,559.2133851237006,6.918509177567007,Active,5.0
4136,72.92057687151548,97.4631765159654,9172.379112804005,7.120757532125867,Sedentary,5.0
4765,44.51494688340152,100.0,543.0169051938858,5.8400745273781,Highly Active,3.0
1240,58.94632419396761,98.23970530148144,6377.63167950393,8.11167587868725,Sedentary,6.0
1535,97.07191323368552,98.06882821613662,3802.361231418089,6.7855901332382675,Active,7.0
2407,44.89235966404095,100.0,10292.758157412343,7.997308096941911,Highly Active,10.0
1082,64.91528601280125,98.8449395941648,72.76402640535957,6.791007996291707,Highly Active,2.0
1981,69.28914736333788,96.68166616306556,17250.785076643187,5.495919375859979,Active,6.0
4902,61.066446578805966,97.68428585327229,1464.511593137558,5.410447960055131,Active,1.0
4768,76.58867960847472,100.0,2325.812460156366,7.698758401627975,Active,8.0
1950,66.40492696080372,99.5399804149584,14323.383180890653,8.55777157746355,Sedentary,3.0
4899,68.5719682839184,98.65613635450124,8121.728399220109,8.408627953744304,Active,6.0
1610,58.00834920600697,98.24129696011876,3254.922814124878,6.510158084066833,Highly Active,1.0
1573,86.75637092279446,97.72454023692391,643.8829995918096,6.014337565261624,Highly Active,6.0
3333,54.19240062088859,98.5184940568042,3416.975955691549,8.361312882436465,Active,8.0
4605,90.04956812213221,98.01622610878935,773.5185790689338,9.045554365900474,Active,7.0
1458,104.86398855553406,98.6157814192644,13101.609810088892,5.920973034017752,Highly Active,10.0
4283,82.50732571059568,95.74148758255464,2754.423747023652,6.425494831336291,Active,1.0
3173,78.39305762992983,96.32040095824802,7440.62261238528,5.700186437741187,Active,6.0
4484,49.64476614352495,100.0,6989.028638659931,6.552379209791902,Active,7.0
3472,77.14427814830469,99.00837250459855,390.75795689913554,5.941269414778002,Highly Active,4.0
3657,80.93135643898957,98.64028348789324,5840.536614174179,6.340434016727921,Sedentary,7.0
2566,75.11853516030578,97.29916006817858,18203.92790753909,10.210982017972247,Active,7.0
4229,69.53145538209407,98.50817506344995,843.1042219297894,8.87245025406075,Sedentary,9.0
3159,85.90487884706467,95.85179992633088,14568.920633987813,4.752419451575449,Sedentary,2.0
3449,52.49571302964043,96.1829396195839,1864.2707896458496,5.567667303475044,Highly Active,1.0
4830,52.175142866860654,96.39873769055669,16845.603817162566,6.242567385889291,Highly Active,8.0
1121,62.29308246445565,100.0,9946.01886771305,7.497054176331316,Sedentary,3.0
1272,93.73067578210542,97.9840414594634,22756.87912211778,7.20844532220446,Active,1.0
2317,81.67901172681543,98.71447332477136,4080.3686335693496,4.851749328856901,Sedentary,3.0
3518,62.9910198226467,97.6799707411102,9303.443563043698,5.905115572590898,Sedentary,3.0
1984,73.80868558252857,97.00199781978162,4798.640040647457,9.20739654928082,Active,9.0
2230,81.00406748930286,95.51323338849984,25688.67018566803,5.593888621068352,Sedentary,2.0
2133,95.41340515676472,96.40362386809836,1954.871396371433,8.085156059964422,Highly Active,8.0
4511,105.79198024989272,94.77585056546933,29988.72311477841,7.063543564137239,Active,5.0
2301,73.11160986756111,98.40750640930712,11703.611696476995,5.216599387118862,Active,4.0
4639,108.0316460233765,99.93686850403176,6701.561357136426,7.381482405318143,Highly Active,4.0
2910,76.19460464964526,97.28651260914349,550.170977571288,6.774863067363824,Active,1.0
4986,79.53502024849217,98.99569128887096,2101.7108888880057,7.883159083970863,Active,4.0
4874,98.63102462472634,97.70970162526334,23019.931203267028,7.71329437771918,Highly Active,2.0
4185,55.713960528413224,100.0,3538.3974431737142,3.758344239188336,Active,6.0
2916,76.83318245864403,97.20416621208076,15740.25535777367,4.768636609558154,Sedentary,5.0
3944,93.82690318104903,100.0,13854.692871824493,6.560441156988057,Sedentary,7.0
1819,58.979609349462194,95.25538197333822,23697.47555718215,6.770041040367722,Sedentary,7.0
3900,46.919626124173554,98.2511956197915,2226.5110739033476,6.3566570352234475,Sedentary,10.0
4548,52.70707617871517,96.8619787832727,4775.898314070011,7.697492501040285,Highly Active,10.0
3757,73.17480628149714,98.9483826338834,591.0052546482735,6.349612577016541,Sedentary,3.0
2956,105.3243996003055,95.53470996037362,6256.856760593186,8.033915405727864,Active,10.0
3368,52.37276091083022,96.03570717978428,9225.80265531455,6.985244697515121,Highly Active,8.0
1178,57.51308612974958,96.6345432501595,1902.768307289077,4.823187590420796,Highly Active,9.0
1896,67.45037515817701,96.42535650180042,1301.3750978862547,6.742565433994497,Active,7.0
3266,60.09985930506875,97.42297228140198,7142.439066272503,6.382376695635603,Highly Active,7.0
3836,57.38389329982954,94.5208857049121,3496.0588490833843,5.493368256897671,Highly Active,7.0
1491,104.4026142898707,93.9161849478456,5014.543317535345,5.228189559253449,Highly Active,7.0
4962,83.32173781976721,99.86987348040786,1522.966220225082,8.088143779232972,Highly Active,7.0
1060,92.64445137411452,95.9267701779048,6034.903494439705,6.012726005395738,Sedentary,9.0
2077,65.92760171205632,96.9688811054732,501.2010030110014,8.333175436297614,Sedentary,1.0
2703,62.36193949541686,97.94402599280404,843.4032551115639,4.9666662781759126,Active,10.0
3585,82.8213253126317,97.21303727985504,8702.110642946598,5.441008021066356,Sedentary,1.0
3895,76.25840644861091,95.94453084558036,9202.622254425523,5.6564871756163475,Highly Active,8.0
4035,74.16647665912444,96.64612943981956,2167.784170588081,6.063032728324759,Sedentary,8.0
1064,100.15927749281929,97.75136632211613,1429.361381561854,6.860496754848295,Highly Active,3.0
4683,62.92248748847412,97.29097444694597,388.5352264898801,7.440110108867756,Active,3.0
1585,60.8490654401539,96.87018835421377,3799.659935978302,8.383528879988512,Highly Active,5.0
2727,87.77391444073079,97.10620557885416,4979.819578284246,3.201009440379948,Active,10.0
4344,59.339020559703734,97.93770339963676,17.240920847739307,4.908663989024246,Sedentary,3.0
4960,76.18550065529281,94.89145416003308,3644.4966301717145,6.650350686854214,Highly Active,6.0
3383,79.47024420875869,99.96312380908722,15234.993843219265,7.463373022573255,Highly Active,10.0
4462,67.97579859644736,98.40289923421376,1527.438223148654,8.18071388130418,Highly Active,2.0
4398,57.901025625792414,94.68197374426089,3364.453153445083,7.125554029853722,Sedentary,5.0
3155,92.92152381194506,97.12890747342246,6632.979615678194,7.625269927505893,Active,3.0
2870,78.93528478846005,100.0,13670.621647496717,4.643107690542455,Highly Active,10.0
4233,89.90455061814212,98.99797916204474,2193.6088700055116,5.434898532193336,Sedentary,4.0
3499,46.98076257027468,97.55515956436165,880.7935044873948,5.091380378663786,Highly Active,9.0
2229,75.0872848051948,99.63661151854716,26471.64826771147,4.948011053639572,Sedentary,7.0
3637,92.92650489427666,97.50895755907352,5445.108651803481,5.103223954957698,Highly Active,6.0
2039,45.284634352552715,99.84296079763756,2224.326140309715,7.501423508620928,Sedentary,3.0
1326,76.93873941030415,97.66610002653913,3143.0353925090144,5.35014053715395,Sedentary,2.0
1607,83.65711873717248,98.5720296109734,14067.116798341152,7.767241773481774,Highly Active,3.0
3706,69.23338744636162,100.0,7840.091515093186,4.148963281438077,Sedentary,7.0
1001,89.91813001350495,98.37766086986234,5639.600618439145,5.519873341302322,Active,7.0
2033,90.07002724644863,95.6554307478025,9031.98784602413,5.914335275034905,Sedentary,3.0
3481,65.72770286006283,96.03821983348558,9869.035766210178,8.279242355534556,Active,7.0
1124,69.19784248706796,100.0,1511.531541329406,6.592085414346353,Highly Active,1.0
2104,57.57816668218125,93.62023557174784,1209.4784712979967,6.937369733666529,Active,3.0
3532,79.76482332788432,96.50156358758449,23814.625517210126,4.85410115792436,Sedentary,4.0
3699,78.03737985967066,100.0,1438.2065248642389,7.777207796295885,Highly Active,2.0
2861,75.03501371238217,97.29847133916326,4375.305066760668,6.411708842748221,Active,6.0
2173,76.5100752063998,98.64747603407557,28432.07578132648,3.8698528081445,Active,10.0
3847,62.142074926293866,96.44798930012792,3779.528556226325,7.550862888835772,Sedentary,2.0
3920,53.56703039819312,98.8924956552846,5063.06599548206,6.937537220743751,Highly Active,6.0
1128,72.02805869569141,97.2888336345656,2912.7823512821737,5.982463195147417,Active,2.0
1437,59.53352664188619,98.17832774790638,3947.54026433603,4.89438495588938,Sedentary,2.0
1750,64.12461079471102,95.72282354560149,2826.086324644477,8.237918460258975,Sedentary,9.0
3548,88.7781571098495,96.93848632834766,2371.813408464798,7.59055183792054,Sedentary,5.0
4129,87.9217003507802,98.0137620982607,4468.201817235922,4.912396543287271,Sedentary,9.0
2221,84.94418957486087,100.0,9589.788323243323,6.575918382423588,Active,6.0
3258,74.38094071504855,95.13489889825468,14137.022963109484,5.436159242938608,Active,9.0
1901,94.834259120032,99.9379215332381,2709.9767575795277,8.833155855474102,Active,10.0
3092,70.14905152667163,97.37426978280143,16980.601213772647,5.969404115469237,Highly Active,2.0
4168,79.05890603641586,99.341840854797,2865.5298545086735,5.238446505966749,Active,10.0
3582,71.42618139069246,100.0,9665.511667267016,6.137768997692404,Active,1.0
2433,40.0,100.0,357.401045574118,3.319849190101817,Sedentary,10.0
3508,65.56872601139504,93.72975293946942,1369.0343404838925,6.271582548856947,Highly Active,8.0
1390,52.14617645370413,96.98072721518162,5954.288923459985,8.316271138201035,Highly Active,3.0
3086,66.06363603122182,98.26904782568,6309.695993582515,7.222770603508513,Highly Active,2.0
3841,106.95535647791633,98.5617504774477,9280.660368176596,6.88436184739761,Sedentary,1.0
4168,59.67918730985723,98.57221954286904,4773.600405827491,5.133062830486841,Highly Active,9.0
4022,76.82869745286699,98.27505088521592,5759.640208854123,7.752043849771907,Highly Active,3.0
1547,78.29082951960812,98.782974294523,517.6476268661033,6.702086605653687,Sedentary,1.0
3668,60.752768925727864,99.17970476799394,18391.651709699556,6.559906375834952,Highly Active,2.0
1566,91.55220508641062,99.04462203653536,7853.443109490109,6.94359484319548,Highly Active,3.0
1703,99.6949323759376,93.0127360942391,1174.7642823998128,5.905780291682272,Sedentary,5.0
2242,92.9921801688624,95.65198987560922,1958.048982895492,9.303693683065063,Sedentary,3.0
4140,64.45753831970843,99.14261732690264,2145.749676601669,7.724137148912339,Highly Active,8.0
4900,44.597176242613834,98.99130148912064,2664.9436705657436,6.699618687871539,Active,8.0
2590,73.34774194244756,96.35018311413228,4532.6331665535345,5.929632546653636,Active,6.0
4680,101.45005484970542,99.35271463498816,635.5037593165255,7.826716494038643,Active,6.0
1598,77.0768555792097,98.15980042431984,14550.165884445258,8.179371020160774,Active,3.0
1805,71.61140362836667,98.7547262103789,3829.125064932416,6.950281873912109,Sedentary,1.0
4702,72.7292614839662,99.376979860932,2384.956951921622,5.624613222768117,Highly Active,1.0
4791,98.46422054146304,94.24788966632646,4128.667109034451,3.9611201943899106,Highly Active,4.0
4996,83.24626719265689,98.94066102013691,17596.717327671824,5.413915955643905,Highly Active,8.0
4225,82.10988191398293,97.49592368217247,474.86483228910623,7.289980041090154,Active,3.0
4618,78.271178594172,98.11499658337372,5263.131630788566,8.692694534295597,Active,2.0
3126,63.4937568432259,96.8717475537509,7145.925611373594,5.283149770834252,Sedentary,6.0
3626,103.07536870860356,97.02912664881065,123.41422962416644,8.517045096713588,Active,9.0
3460,82.96691172382519,95.61704772924094,452.2294686577067,8.724570092520345,Highly Active,1.0
1545,78.80713707359611,98.43311509144895,2401.073404588512,9.231062884886551,Sedentary,5.0
2632,43.326016241444776,96.58931114793224,1609.458775002888,7.8496433040222655,Sedentary,1.0
3216,59.36760439925252,94.2792243857195,4669.63165387532,7.157674261355404,Active,2.0
3728,76.70961158387868,99.77965236029912,7456.40828166805,7.835705607294099,Active,10.0
3630,81.04543869079271,98.4236736034646,2539.9482653518285,4.508369135488648,Sedentary,1.0
4385,75.25355535834952,97.06549674792744,26.98914561916993,9.932621930877325,Highly Active,1.0
3079,49.38774184080323,100.0,13030.093402653083,4.753289892075841,Highly Active,8.0
3334,87.5386465970689,100.0,14733.919387779231,7.938827546215321,Sedentary,9.0
3641,81.7648250134999,98.43269987583656,745.2485612322215,6.333526290752108,Sedentary,7.0
4114,82.46500389911408,100.0,71.5963360833075,5.964272012520806,Sedentary,2.0
2926,73.63989452114835,98.1739703334141,11275.363763064886,9.033456033735348,Active,10.0
1616,64.54331794455034,97.9385300507047,7165.729659983851,6.639105685645172,Highly Active,8.0
4072,98.6693343758372,98.2717079914407,5685.793308078507,7.89904080614491,Active,4.0
3317,73.92850516884523,100.0,10403.111276514752,6.186405922108983,Sedentary,1.0
2203,66.42972034804839,100.0,2430.185798241621,7.21028649272643,Sedentary,8.0
2759,49.0732044236677,96.2565729598745,3449.9218649220184,7.556797175589315,Active,2.0
3565,78.37739540196,98.6585558136936,567.3402070305933,6.016550822398286,Active,9.0
4174,64.97267280173388,98.30918927866128,5845.067285980441,7.238079471743314,Sedentary,5.0
4081,67.80563573231316,99.23329166343522,22675.607402884143,8.191976643321063,Highly Active,10.0
3630,89.46018527071823,97.75566628366693,2337.0615462455776,7.673837775364339,Highly Active,8.0
4161,60.56471504981016,96.44253171272652,18540.19312018007,6.675417620989091,Sedentary,7.0
2763,44.29573265190899,99.0571880760438,7610.681853928003,9.251888609332427,Active,6.0
1916,65.12891900968992,99.2352177667512,3192.528136637434,5.067855457707682,Active,2.0
1081,80.35180714608313,100.0,913.1691226750668,8.251680443378158,Sedentary,6.0
4003,77.04924655144937,92.67206573139666,681.1423415024375,4.6608472314076534,Highly Active,6.0
4280,77.74503461350484,100.0,121.64339996050452,5.054899284841126,Highly Active,6.0
4168,70.84405979701617,93.7986191089552,11189.77955275894,7.520061448345109,Highly Active,5.0
3121,67.48325724906239,99.19356382197756,15130.622981128654,8.831415424270055,Active,7.0
4698,56.40679316342564,98.73830097636312,4611.7385779254655,7.4760589778839375,Sedentary,9.0
2214,76.9420463042098,96.0187487830712,5136.701594542992,7.034875819030848,Active,4.0
2842,75.21234745435315,96.7872289408456,8449.037144072832,3.308159255388972,Active,1.0
2983,63.588071373768045,100.0,2742.258435494729,5.851366003490485,Active,1.0
1055,96.9572562105174,99.02702930732686,3939.957949261589,6.422298047198503,Active,4.0
1719,71.93964389876734,99.73073027243322,8358.4702302032,9.816248879514468,Sedentary,10.0
3079,78.29722972410917,95.78115007259808,653.7341018459767,6.042972824318594,Active,6.0
4598,83.84405102523671,96.4481730935349,6212.468306127961,9.005534765505072,Highly Active,10.0
1666,85.45838836848989,99.9296775516108,12191.980899049033,4.858583389104628,Sedentary,8.0
1283,77.4913580889996,98.83608380919254,7693.220355995782,3.1773641403843342,Sedentary,7.0
2744,62.49359480401438,99.27687821103054,8349.516878331768,5.910793194639516,Sedentary,2.0
4903,60.25091771968279,99.55796179400956,10040.115558525957,4.982485900082919,Sedentary,8.0
3234,84.22883190104208,94.75553130910282,2485.712337051784,9.931029875248097,Highly Active,2.0
1497,65.24171685354025,97.27443519905484,10781.474067518804,4.981146748959463,Active,2.0
2465,67.64057552106071,99.99816531432316,10515.692864784616,5.529772904963805,Sedentary,5.0
1129,61.719123213555015,97.3499069131,1014.7211247269177,7.8703385622255375,Active,10.0
1638,98.4119231683078,98.23920396436468,16314.17924815548,6.9415122851856275,Highly Active,6.0
4363,71.66850673188442,99.95680669007167,1750.12317229694,8.748180622079172,Highly Active,6.0
3161,85.07456169496508,100.0,2561.6178729277285,7.728015329897945,Sedentary,5.0
3060,60.72491070015807,98.05063832416305,23587.323457642,7.272058830380518,Highly Active,2.0
4342,86.38467557286401,97.3102845683325,2491.3405790117945,6.674627962342361,Sedentary,6.0
4672,73.60281345900698,97.88613336469744,24881.07337666355,3.8599114315907608,Sedentary,8.0
4286,96.08514695369752,96.9244003619422,7111.592703031602,9.743086927972012,Sedentary,5.0
4861,78.21423195066866,96.79903656404151,5649.586231277688,6.338615148731419,Highly Active,10.0
4583,84.51587968665139,100.0,14975.191684290516,5.7920771491070795,Highly Active,4.0
3494,64.73183451826928,96.53834872052263,5773.559032177358,6.6751841352930725,Active,3.0
1992,72.88957944926727,91.9732180068452,2367.2804811448727,7.367892639768775,Active,5.0
3762,91.40715481068436,97.91912620585032,1782.5062153743231,5.786448430274988,Highly Active,10.0
3121,108.26961213944024,99.84434987501604,941.567938263294,8.123282985156255,Active,7.0
3584,98.6535326971606,95.8302858065488,2775.0491520618284,5.481596657094741,Sedentary,7.0
1100,96.57188512356925,96.20430860594352,7573.582219901074,5.702358054094663,Sedentary,1.0
3223,40.0,99.12090592826522,3374.644989495339,3.9199028258511,Active,5.0
1426,76.99030282356749,99.3790095913322,4106.413193986871,6.844902827697725,Sedentary,4.0
4188,75.95938496844366,96.29715564750158,2706.431327698509,8.779917170810139,Sedentary,2.0
4237,87.01054754191249,97.78890048027948,36385.26985578576,6.127866793362341,Active,2.0
1040,53.387295687895005,100.0,6176.568885011373,9.147454991690076,Highly Active,5.0
1343,43.71997589091967,95.79016449478048,4075.3618110182306,4.463464197291047,Highly Active,2.0
1365,50.274425641304454,98.79546801478035,13132.426677879184,6.24631144423606,Sedentary,3.0
2731,93.37322873796356,99.81356621127784,10090.7116720028,5.0386835441662425,Active,5.0
1608,92.62193902496188,100.0,2801.3474905809417,6.894262149493961,Sedentary,1.0
3704,69.99368305813056,100.0,6527.253829433205,6.9989258080162315,Active,4.0
1727,81.57547705993335,98.47841762466696,686.903364250903,7.917863140586835,Highly Active,1.0
1824,52.819872935965535,98.63112251400229,11840.582100130336,4.4658735208477385,Highly Active,9.0
4201,83.44107626392059,99.17965987843436,19922.49440855503,6.089713166511157,Active,3.0
2375,92.80884734899648,96.8358314679278,2951.7983228584567,6.470472837632513,Sedentary,4.0
1888,70.16295413774198,98.49888800169408,6371.693511909546,8.189627422530673,Sedentary,2.0
2341,61.844490602463715,90.79120814564097,9594.119585903209,5.9351943459604035,Active,3.0
4031,88.77187255459955,97.44467974057854,4591.920601663631,6.940016367449395,Active,7.0
3883,74.77621641289628,94.56914781816806,7491.249996192571,5.496588566526884,Sedentary,2.0
3719,82.03767700560427,99.47647221518852,762.8885066641348,5.279892569691383,Sedentary,9.0
2296,97.93763005999575,99.13162472638818,7251.643849949824,7.4975270588195455,Active,5.0
1116,82.8977500062933,96.4206844792317,5005.712464349143,3.084236690074212,Highly Active,5.0
3865,58.76617605602551,100.0,3329.330274156505,5.650061466936862,Highly Active,3.0
3415,64.22778367396542,96.92123718956492,2124.1784530823084,7.386004210506803,Highly Active,3.0
2117,73.92072478157202,94.98386698026977,7111.220179202779,7.029104878908466,Sedentary,2.0
1167,82.44269648612081,98.94411610601348,1277.0258947828083,6.80328620277922,Sedentary,7.0
4001,57.57491977208334,100.0,11655.958542612636,4.039773430056415,Sedentary,1.0
2738,80.23970696180535,100.0,1319.4820418139782,4.587153366324892,Active,7.0
2364,88.33718878224815,98.12737176413027,10337.127735304615,8.514006236900322,Highly Active,4.0
3708,67.49642862300395,99.88703052725074,11903.859182610133,6.358426725582974,Highly Active,6.0
1694,63.86060323242273,99.18061430580455,4356.095757683368,5.315635507946175,Highly Active,7.0
1924,78.02250678221982,100.0,460.63857008470376,6.527771258704555,Highly Active,7.0
1151,43.67168621004664,100.0,7925.516972339526,5.767451933113111,Sedentary,3.0
1585,70.24847655791683,96.75901122970974,2325.071438311812,7.785385727968856,Active,10.0
4948,72.76738696846732,100.0,681.1797943820349,4.919312783098173,Active,2.0
1912,68.58224501808809,96.12512161696958,13554.225283794802,7.752255531704039,Active,9.0
3321,63.943619477563075,96.7747970057503,1053.6228971674232,8.966543754487759,Active,2.0
2577,67.24072357263265,97.14397945379147,4941.8007723844685,7.426767030123462,Sedentary,9.0
1495,84.50462789857684,99.8123645886235,10875.094890995571,4.648971010377982,Sedentary,8.0
4795,46.225559609272366,98.22803292107194,1554.081102897438,7.731722961713153,Highly Active,10.0
3148,47.09490311717832,95.12192384463528,15886.45194212833,5.765560049214664,Sedentary,4.0
1556,67.62716883999093,98.97710592165096,2819.946169120863,5.715024854242302,Active,3.0
2105,73.16899336188135,100.0,3534.107418349613,6.702779713044146,Highly Active,6.0
3120,75.94883970827617,99.78468867751192,7238.819313785295,5.803926309276418,Sedentary,7.0
4085,84.30312829691087,96.47155760667358,4786.761994115005,7.528954345758906,Highly Active,5.0
4504,89.68208755922946,99.93872846981878,25590.934751154695,6.673291871503459,Sedentary,4.0
1156,94.84869744305983,96.59107432512003,8388.946748723398,3.632254104741043,Active,6.0
1734,55.13422271405949,98.24492855776738,9960.472498464562,8.034611355111355,Highly Active,2.0
3179,63.43004131338432,96.26900576305268,1553.9993340345738,8.298554767954442,Active,8.0
4409,61.84237844668254,95.6554394654406,8732.339266169256,7.402172050628739,Active,3.0
4066,90.16514730535994,95.93490160103728,5705.534998665039,7.490745862456487,Active,1.0
2427,65.50982320027515,97.15467994334634,3620.6388999812903,6.166489118581783,Active,5.0
4447,79.60582104367131,98.30009259684438,10684.027998865002,4.705461476361725,Highly Active,7.0
4959,53.77544074606003,96.40425896729174,26893.357977305703,6.76644256422717,Sedentary,4.0
3154,61.546943894944874,97.45624396057929,10887.614251550584,6.909190808697584,Active,3.0
4691,85.25118603233186,95.44609719356976,17634.70606184733,8.992274469519081,Highly Active,5.0
3312,56.29970259194687,93.62046797197702,2650.255127722381,9.06497462896728,Active,1.0
4276,101.76960960911582,100.0,3157.142553501943,6.445993984227334,Sedentary,1.0
4150,78.23328590093318,98.9287104304077,11085.441261974169,5.804386893002086,Active,4.0
1154,64.07663003614351,95.95789159565624,21499.586192555988,5.856365532343329,Sedentary,2.0
4854,80.11954576003355,97.34109114168218,19569.074108443252,6.310358228870983,Sedentary,2.0
4035,62.794746867209184,96.58769745001732,400.6343702763724,5.03905766684678,Highly Active,9.0
1996,59.064908427309824,99.66993091997335,14358.875283420724,7.335272616348337,Highly Active,3.0
3294,85.4741824169554,100.0,6180.897289413874,7.935124242509298,Highly Active,3.0
3079,95.53390226132478,96.2316681357024,3826.7000456458386,3.724160843610217,Highly Active,6.0
3905,80.71483110200899,99.4723727542191,13074.47415479376,9.176222632257408,Highly Active,9.0
3585,62.7577230644876,97.0050603412939,4984.150003674252,6.0570409948928585,Sedentary,8.0
1728,97.93556475363312,97.37164384236011,3701.982252366936,6.961720230239886,Sedentary,3.0
2177,86.91540242937555,95.80108891219793,4476.889932636988,5.2423143025189365,Highly Active,3.0
1153,58.0873484857146,98.61223996768636,2682.74294908399,5.613703809564104,Active,8.0
4757,64.29878132546834,98.72769216899374,7987.436390333432,5.2537123248251145,Sedentary,7.0
1091,77.81143133025635,99.23537827647242,15581.54389192457,6.497614695271066,Active,9.0
4504,72.84141479599124,98.4057578468909,2018.44309067626,5.62789061284225,Active,3.0
3385,106.3351420138156,96.0145033826804,12221.127357707675,7.0655402516659045,Active,10.0
2503,64.02607893760171,99.32780220062897,3132.155413398786,4.526315375579973,Sedentary,3.0
2716,83.99000528654429,96.31280157839711,989.5650595430708,7.166346814704168,Active,7.0
4202,79.4598093552673,97.86403894953344,289.3645824454879,4.8094309721249715,Sedentary,8.0
3497,50.104121700417,96.0589782957239,4568.895836016621,8.01638656689223,Sedentary,5.0
3016,40.0,99.94327410498693,5880.390130356854,7.719127820057751,Active,3.0
3857,69.22946237287341,96.59301860052511,42.36321019782108,3.291015210480065,Sedentary,1.0
1786,81.27621211253371,100.0,7401.486946151522,7.76373947871677,Active,10.0
3027,63.260562032214416,99.10943337872406,41709.055749496714,4.742308133043073,Sedentary,6.0
3635,82.11898691231758,99.21862866525292,772.7333364916361,8.04965337957739,Highly Active,6.0
1176,70.64678382559562,95.40132901382486,8545.912443250887,5.688231957136283,Sedentary,9.0
4767,100.9107494057083,94.0809565890973,1712.6448339098486,8.84102745913511,Highly Active,1.0
3878,74.4000170035446,95.97933558957558,1617.719299025048,7.561786406464847,Sedentary,6.0
1642,68.40208817919157,98.38094645573952,132.27475260696028,5.85623838033334,Sedentary,3.0
4120,77.89256204498471,96.36459169851229,1445.921385775854,8.754926386350618,Sedentary,5.0
1566,95.9455506196648,100.0,1350.8676402991882,5.781570604075423,Highly Active,10.0
1665,75.07615658176492,96.90661488712334,3.0624045517715097,3.7097263931454783,Highly Active,1.0
4426,81.45460577953828,99.80050684394216,8839.846228873816,5.107588264475421,Sedentary,7.0
3915,69.35344782053107,97.0751906998175,767.0971983399133,10.08572232365844,Highly Active,9.0
4956,76.55631349325178,97.63852468025024,2844.1894957461727,5.52959455610948,Active,1.0
4701,63.57495777716408,95.1915332759625,4451.937350910574,5.563856695748781,Highly Active,1.0
2798,79.25299823863156,96.21269134123712,43671.77021202917,5.022195203790153,Sedentary,7.0
3349,100.47447594088878,99.2973846458977,137.90828557775612,6.0815374249486975,Highly Active,8.0
3915,71.89948384766494,100.0,1630.0734562589091,7.720903287594542,Sedentary,2.0
1407,71.72614413191843,97.38135907777912,4260.696269221452,7.045062892232624,Highly Active,3.0
2212,73.60476488884467,95.95022164623722,7852.016383412438,6.962754940828903,Active,4.0
3869,83.19526392182053,97.76198939481574,6251.317639468684,4.699107851226739,Active,1.0
2853,77.06983205908215,98.7686654043309,4982.957085625656,4.2283366121280554,Active,2.0
2152,67.17451848757983,97.92638092891735,12736.550310544864,4.2556053508988025,Highly Active,8.0
3608,80.0254051178994,99.5238354358876,1529.2606509123636,6.6086679643886965,Sedentary,5.0
4608,72.62275416047257,95.77160439125346,567.5553461316886,9.956615656710277,Highly Active,7.0
4337,83.73936133835467,97.95638388987534,12749.95602370235,5.649856093154779,Highly Active,3.0
2141,92.21433180276796,97.83525661628654,4341.414212754794,8.0373639446087,Active,2.0
3511,89.88048774466674,97.57414650104808,5641.926487236334,7.2879306833755955,Sedentary,9.0
1143,59.067618179685354,96.64924374716976,12714.569698677997,6.550767853969141,Active,4.0
3489,40.0,95.02001914981568,20407.357879928815,6.135215321875197,Sedentary,5.0
4271,108.8643095632562,95.14958852491404,5620.745497989518,5.85473523554548,Highly Active,5.0
4228,82.86927773331146,100.0,11708.75159164568,5.826990229659064,Active,7.0
1486,80.6598711232462,95.36945808706272,5508.870001586493,7.408058970457863,Active,4.0
1859,64.32373676326831,96.83233273669671,237.2419658219289,7.790765508515889,Active,2.0
4205,44.249450042394265,96.63463110927258,21842.493254393263,5.863988683389587,Sedentary,8.0
2935,44.955388665977985,97.00552658858686,11917.288413488948,5.843416496184981,Active,5.0
1147,69.94067270675299,100.0,9800.543671910436,5.626749795165795,Highly Active,2.0
2359,77.29544688460743,98.8957508255814,4081.5884877121407,8.00023300232818,Sedentary,4.0
4142,100.27836178805428,96.94571875829968,19997.28615501005,7.818886842365126,Sedentary,1.0
4304,78.64782556404023,97.87762427281228,4711.303929676875,8.714628370767588,Highly Active,7.0
2357,85.04610938493423,99.52112550111435,8930.454208177136,5.282345116917667,Highly Active,8.0
3858,67.01066842553365,100.0,742.1335547536111,5.573458994976233,Active,3.0
3713,68.13301518629072,98.8597388419209,1729.0149437258303,8.98161952351326,Active,8.0
1089,52.90025645964728,100.0,3864.0312258756526,8.485904474274149,Active,4.0
4232,69.54901662278353,98.36911573593444,1929.0930912537735,6.87992069533966,Sedentary,9.0
1537,50.04201964931741,98.703636151445,10421.57059995017,8.362711068549874,Sedentary,3.0
4192,62.83090901698596,96.68578190662816,15450.426568554836,5.1437057033140965,Sedentary,9.0
1300,74.4125685347011,100.0,11943.580043697988,6.630296735823921,Active,10.0
1723,40.0,99.16539957213251,6817.685871327986,8.133784286472123,Sedentary,4.0
2598,97.23306312796012,96.93386973474412,11624.842343032738,6.1956691740130125,Highly Active,7.0
4010,101.72264170641844,97.23555391263643,14697.626993538695,6.385473348717152,Active,4.0
2459,90.49433573526682,100.0,5669.341917050203,8.632065995947572,Sedentary,1.0
1067,80.87820378019593,96.8421553489909,11631.067116293034,5.873428446888612,Highly Active,6.0
4836,79.89065909516962,96.12980280495896,3826.6973875687295,8.402041320027989,Sedentary,8.0
4993,82.97175712694307,95.61977296953464,5174.022412963759,6.27556229539857,Sedentary,10.0
2537,77.72996742783505,97.15169734349884,15048.451267390912,7.335045475262575,Sedentary,9.0
1397,50.083535440773915,92.87466984085356,1058.778689163434,5.5754416905021875,Highly Active,5.0
1619,76.74238970291607,96.54342353828017,2262.6449830619154,4.7435940331758,Highly Active,3.0
4357,82.47976597710272,100.0,2673.569531403317,9.447128979665267,Sedentary,3.0
2584,80.07448691187672,96.4217044214029,862.3015171938056,7.128970148290368,Active,2.0
2163,92.22117009279556,99.48433291099415,17835.232484490316,6.021550266847481,Highly Active,8.0
1729,97.03971290484934,98.41262649014504,24553.763669893007,6.048881772258144,Highly Active,4.0
1555,67.11963667456968,100.0,14027.577541124396,8.7960988483355,Highly Active,1.0
2952,57.98751537994037,96.53186306392875,2976.443019308821,8.907611591042008,Highly Active,4.0
4661,84.97888540120094,97.46709160347278,1413.883472209384,6.896829196114956,Active,6.0
2751,66.40911979660935,98.15063664537634,10351.935769810296,5.949132347916584,Active,10.0
3941,71.64953759196675,95.74969000281706,2357.853612960963,7.65184601625074,Highly Active,5.0
3329,96.5497946409202,95.69201048296117,1892.9786398536655,4.952952601793013,Sedentary,7.0
3708,61.56620271393491,98.24307440989736,8276.724926305911,8.062721963420273,Active,9.0
3971,79.38961492891445,100.0,4087.471913799802,5.420103320306381,Active,2.0
4887,78.83972365247999,100.0,1694.0296103513615,7.678059285251212,Sedentary,2.0
1995,45.19574676619963,98.505856471086,6243.106588211797,7.057175035917161,Sedentary,6.0
2959,112.57254130115172,96.89405653282492,12713.502272385213,5.431271520129586,Sedentary,1.0
2601,78.14157481377511,95.01655892744598,18301.274336990493,6.267662606862068,Active,6.0
3793,92.34805294788924,95.18564905624277,423.6694530993525,5.561953993019808,Sedentary,8.0
2480,50.73210033017392,97.94151254974646,3797.838510728656,5.9295415356245185,Highly Active,1.0
3134,103.90785018324668,100.0,6491.839383176053,3.8224116972715168,Sedentary,8.0
2102,69.71392752302962,99.34518845896756,2887.3331756582065,6.3275962452937735,Sedentary,5.0
4276,40.44993926520883,98.43976329029934,2675.626006934016,5.632075882213673,Sedentary,3.0
4408,56.57033866043917,98.22527707602386,10679.14255976022,7.290495716726197,Sedentary,2.0
4325,63.39909838707083,99.07581119926884,9137.42142632535,7.430955442207583,Active,6.0
3351,55.65274299410974,100.0,16015.608277522402,5.648902479034619,Active,2.0
2403,87.15677051809934,99.9466396540706,4778.331721924775,5.533625770622201,Active,6.0
3177,77.6852395891354,98.95737138211643,10851.971765999231,6.272587296035471,Sedentary,5.0
3643,82.6691361237114,93.2074861661776,78.9242000681122,8.14083877126082,Sedentary,5.0
2299,81.45062754839775,100.0,30634.863306272007,5.728830762143598,Sedentary,6.0
2722,71.32405940472364,95.37777657711692,17613.33561885444,5.473685820207381,Sedentary,7.0
3605,51.60894615446293,94.5486635205364,12887.336672972297,4.848985578360876,Sedentary,8.0
4339,58.620512395710136,95.89936558052132,1138.7046003779997,4.991781792471333,Highly Active,7.0
4879,100.40128229518172,94.96060683791576,388.31677999272375,5.3047107997962275,Sedentary,3.0
4393,52.56248419336507,93.56775340645378,2068.840869282794,7.503618091807507,Active,9.0
1077,54.672555068336905,95.1827765001819,2830.031355194849,7.361509842088832,Sedentary,3.0
4410,94.00844936371836,96.56446563870216,187.22437699001048,7.484247509948385,Sedentary,10.0
2532,92.8066567525944,96.140232380199,2849.518803547868,8.486491155492978,Sedentary,2.0
1237,88.66333171844381,100.0,984.9232055672652,6.59384593443822,Sedentary,5.0
2157,51.826499356280806,99.96740844379627,8515.329297816357,8.013903048780197,Active,1.0
2996,71.92619035109522,97.30881491187056,966.6513624242842,7.47684829426866,Sedentary,5.0
2215,50.86419372845495,100.0,11882.392607752236,5.69944870395223,Highly Active,1.0
4427,80.61192978653204,100.0,5527.952464742493,8.90071796560897,Active,3.0
1277,77.48283877667053,97.12888304245568,1897.5565587956385,9.030865483959577,Highly Active,9.0
4089,83.47617068299017,96.04737214510264,16029.688937572162,8.29675084852595,Highly Active,7.0
1523,60.67457193042891,97.12694430635187,1070.2008309146293,7.445480715205408,Sedentary,10.0
1179,64.51459788378382,99.03989280710184,6434.779816932986,7.918489110056925,Sedentary,9.0
1122,89.82743954967691,96.94985056202302,6727.393027956877,5.997851881286198,Active,10.0
2757,100.08399623791,96.96640010480034,6586.129884852676,4.565205511982448,Highly Active,1.0
4444,96.31620889594453,96.67513618853782,8294.147541260712,6.010940533722185,Highly Active,10.0
2094,93.3617084958966,96.945184496811,8639.445952422888,7.100287962118118,Highly Active,2.0
1479,74.48305388860553,100.0,4637.3848695767065,8.04451088405359,Highly Active,9.0
4631,85.9123030836281,97.91492945479688,13435.560030285806,8.973776367734446,Active,10.0
3131,70.72931945916513,99.40049340026,13003.964655748388,6.478394059321884,Highly Active,3.0
4226,75.96861528938467,97.7630783805858,6478.374277137742,9.212823934944096,Sedentary,5.0
3612,79.35171364195442,96.44240289727452,2957.815924104807,6.99776652706939,Sedentary,8.0
3666,89.60447444757587,95.95567033024692,6261.797063566904,9.28170447720069,Sedentary,3.0
3404,59.434109881965504,98.60292234257862,16543.637101014778,8.367494407049989,Active,9.0
1815,58.12867489316373,98.78697133084503,7084.593424674039,7.629408811473783,Sedentary,2.0
3694,50.55399213241568,100.0,12828.632161023796,5.664954039663405,Highly Active,4.0
1442,71.66832581475825,95.94495615662508,2957.8456567276626,4.87451322902491,Highly Active,5.0
4140,61.8808861761736,98.17554203304968,2420.244321607517,6.633724607307038,Highly Active,5.0
3570,70.03346467657671,96.30605159817353,2068.5597279168173,6.646106323231051,Sedentary,5.0
1142,75.36967383291154,98.3181460036916,4730.596444046391,4.754442852904341,Highly Active,7.0
1191,48.26070085150917,95.1494860083523,3959.141973728561,8.123806714685898,Active,3.0
2410,66.6674439976801,100.0,13479.64054947799,6.775750510097374,Sedentary,4.0
1377,80.4403398084981,93.8817964881302,836.2335367650453,7.38112464569501,Sedentary,10.0
3628,76.0320534983551,95.99267810950565,5652.790484640178,9.048132938925168,Highly Active,2.0
1534,69.38858548592302,98.33488431370328,3615.635438170381,5.335530795338542,Highly Active,10.0
4364,70.92115118818916,96.20412654827818,10871.054683221982,5.620847104285339,Active,10.0
4342,57.523789412947295,92.28905855027504,7163.4975380488195,6.512627831539817,Sedentary,9.0
2410,115.309686219906,94.24660390027128,9581.69027744108,6.2155319069153885,Sedentary,10.0
3140,84.42983346020799,95.6830365786563,516.5921514842039,5.724936270718958,Sedentary,6.0
3576,84.05628979801224,99.5814534929798,1051.6084917515198,5.644182063711623,Highly Active,10.0
2177,95.89485462770956,98.88635540981127,1465.9608881862707,5.762110958124603,Highly Active,1.0
3887,43.42655905348456,100.0,27195.163028151834,10.386371616059364,Sedentary,1.0
1888,78.54395905434501,98.11465034132137,16278.882110318573,5.695814225759098,Sedentary,10.0
4338,78.13479426791329,100.0,244.52571660495707,5.6632758724493035,Sedentary,6.0
1421,76.97124171330722,98.64308949800616,13413.461312036125,8.886577919635535,Highly Active,10.0
4911,58.26377234431533,95.93141438909753,10477.952482889465,7.637593125998916,Sedentary,9.0
2641,66.58004135065488,99.27660433541932,4834.985680811443,6.114301767943017,Highly Active,1.0
1471,78.7133933227096,98.02480802693331,2755.717759951709,5.746280916618094,Highly Active,10.0
3940,75.54450323361337,98.16036690697136,9862.312345412003,8.843771523517882,Active,10.0
1546,86.63199898660088,96.21026190499556,792.4084482747015,6.561726589812161,Active,4.0
4574,66.40664216182027,97.65524406555656,5647.280681593003,7.693730784906779,Sedentary,6.0
2037,69.65882981008936,97.11833407153696,14713.55651556999,6.48922555070378,Highly Active,10.0
4723,49.02834522404507,95.70649363453286,4552.776206145224,6.654524289920693,Active,3.0
1363,93.86552939475722,99.35580135461858,8828.419252167323,3.1511193104703867,Highly Active,2.0
3166,56.75894522125222,97.88024244985183,5786.114701495071,4.70535959696466,Sedentary,4.0
4309,102.86642783203472,100.0,2223.4769798832986,9.438239545340933,Highly Active,5.0
1545,65.28698422039447,96.21707516641014,2439.4647877805155,4.660162433422816,Highly Active,8.0
4240,83.83545533030978,95.88949093821743,9462.04037866099,5.355433026200301,Sedentary,9.0
1633,107.387371335251,95.02808193283812,7403.657979450382,6.575319720667052,Highly Active,6.0
2936,59.09693140771416,99.4329620922353,1997.6773946486096,6.589066650685164,Highly Active,9.0
2680,78.10653620550238,98.08840138108395,7824.446903325992,8.885814397391323,Highly Active,8.0
1962,66.95997804638023,96.15528829176496,1448.6344107468465,5.637764585154995,Sedentary,7.0
4005,74.25151095922455,95.6912266096672,3306.160107146276,5.695275898186135,Sedentary,7.0
4806,76.68145588771827,96.84257179029947,9811.738472777864,7.6407675870455165,Active,9.0
1882,70.10714787403589,95.05789851643608,9851.228931768974,6.739533989398322,Active,1.0
3827,74.29183893254124,97.8937409474334,3304.3936175111135,5.5330749642844355,Highly Active,6.0
1870,73.96542355961466,98.49269506193929,4887.201460700592,6.798750978744185,Active,2.0
1515,79.85758355817127,95.30932095163408,6196.241644548821,6.390411123082356,Sedentary,7.0
2420,87.1649469142513,99.61101034455916,167.4450091342558,4.5767231110965225,Highly Active,2.0
1865,83.42465791839147,95.70046919187732,857.7359964215583,5.868908437507592,Sedentary,9.0
4192,77.32990666921997,96.66714781765796,17721.459346258867,7.166546119351013,Highly Active,4.0
3897,63.494437098767726,99.66516547307292,535.4393767782133,5.162162343979994,Sedentary,7.0
3244,64.9778223034852,100.0,4466.973417014149,6.833985009580094,Sedentary,4.0
1018,94.58178864476577,100.0,19833.293853222327,8.62723178785939,Highly Active,3.0
1641,99.4873484456053,97.4453973154478,23345.083808498573,5.2123028910788305,Active,4.0
4083,62.47686590507396,98.72215559003378,7897.790785612055,7.180665021212646,Active,6.0
2104,113.27241322017429,100.0,1375.0747827017517,5.820119116871126,Highly Active,7.0
1865,88.85183912201086,100.0,2856.11703431123,6.2665195601413215,Active,8.0
1773,69.7179100580181,98.97220991636264,938.3694442963348,7.174699048039092,Sedentary,4.0
1391,78.87231823621038,99.36225978450943,9848.210662000723,6.265798634091193,Highly Active,10.0
1636,81.38741293156345,96.27283632038434,24340.319159632338,5.745311672541389,Active,6.0
3354,61.50697851980934,94.34384521765544,612.0542052340232,4.134675568777218,Active,5.0
4338,99.80246867325992,99.41521628463772,3540.1057210138415,6.830195886107462,Highly Active,1.0
4518,74.41219468873476,97.89362919813956,16293.13117634045,7.415909584852143,Active,7.0
4512,67.49852755368447,97.93482797274665,9121.166379811584,6.593807073952752,Active,3.0
3699,83.43529370584245,100.0,17945.663183240453,8.730029154637386,Active,10.0
3888,78.83831223489334,97.1823913451605,3724.5428871291906,8.93141678621529,Highly Active,6.0
3567,77.10134318139238,100.0,8649.085468164045,7.002102319605102,Active,6.0
4833,82.31854106663074,97.70852295119504,6975.221629863331,6.645583085534189,Active,7.0
4380,75.07098728448968,96.92282900662842,10254.251660440914,8.556268869895725,Active,4.0
1739,71.70576332776527,98.07949049570558,4124.197739212291,6.671084437012149,Highly Active,4.0
2545,60.600080857835096,96.66236860982094,3824.7794168909672,11.587615165829762,Active,3.0
1468,77.9857589946818,100.0,75.89503593705867,5.624292514576552,Active,8.0
2135,96.5715321064718,100.0,2338.3691977919584,8.03299671730272,Active,7.0
3851,59.6323674668455,96.25097445165122,3708.88247821039,6.095551081298291,Highly Active,9.0
3524,53.416350738770134,97.55368619252276,7935.454336135778,6.208464846885887,Active,10.0
1873,92.53839447423316,100.0,3461.2625221870408,5.889679253459427,Highly Active,7.0
1459,72.50816588602935,93.89201568994602,1386.9079668531465,7.098328419463154,Highly Active,6.0
3300,75.89757205804274,98.08512627309769,14207.4608048004,6.582258491532306,Highly Active,4.0
2549,75.35826670290693,97.14600579646331,1419.4938114729416,3.445163675379501,Sedentary,1.0
1751,55.289336591944206,96.94846569406808,201.890110798406,6.665361676869885,Sedentary,9.0
2461,86.78188192607581,93.08348865097425,1529.1797878996265,7.060776672436322,Active,4.0
2777,81.73314813612359,97.84575225152318,4250.640003917654,6.439023764245373,Sedentary,9.0
1853,40.96653294909513,98.50858623001616,11138.472743100294,7.0219325490846405,Sedentary,8.0
4732,82.55414908001889,98.67465537295614,1517.7961266765674,6.535317161015731,Active,10.0
3283,80.67305087945714,100.0,10460.604309635011,7.864179474470971,Sedentary,2.0
2329,73.5839714999496,100.0,709.3323806099023,9.899720777657452,Highly Active,8.0
1477,89.47878173569347,97.9008924299302,4492.663825160557,6.285003909148459,Sedentary,4.0
3726,91.9343177372089,99.92999022245736,14034.442309561104,8.080549822242446,Active,8.0
4091,80.03529198235877,100.0,3728.324089947285,9.25835849734336,Active,4.0
3263,52.318770418327375,98.24652089419445,23131.203247756028,6.1538696701234255,Sedentary,5.0
1134,64.53432720170989,100.0,9892.838637096422,7.157473430600577,Active,3.0
3952,71.27120535684116,98.35314947523256,4991.417872334577,8.520984210324567,Active,3.0
2152,87.62307718987994,94.14048456373392,3931.8591666534335,6.072010229719659,Highly Active,9.0
2445,72.51366443047762,96.4928255106682,894.42944309104,5.210932878418107,Highly Active,5.0
2317,84.4346801852854,100.0,5935.581664361042,6.129475875814971,Highly Active,2.0
4772,84.40386236899164,97.1769632578132,29284.452212392687,6.2912005732911345,Highly Active,6.0
2579,78.41609112460795,99.98312492589493,13650.852517849811,5.210724629700065,Active,6.0
1085,82.84816496099386,100.0,13027.17300825363,5.996905531882728,Sedentary,6.0
2865,74.28632258345878,96.05234607422987,3714.603124269582,7.539448853922998,Sedentary,4.0
4446,45.13397545616703,96.09852913786072,754.1024266584178,6.554190998099602,Sedentary,6.0
2469,65.11334785263813,94.63390039439794,6098.15836500469,8.224708822075373,Sedentary,1.0
1377,86.72472890520993,98.36348478095076,504.5168130507907,6.365691123590544,Highly Active,9.0
4461,66.52707969932513,98.72297161642656,4144.639819005665,3.802478104022899,Highly Active,3.0
2680,65.03333958505144,95.22229415475212,5846.1979314093505,6.978506704156817,Sedentary,7.0
1241,91.40076827665294,97.30759516930176,10455.420419138653,8.103567843931716,Highly Active,9.0
4365,81.8701971171721,96.594688718567,7864.229825582333,6.182418887122701,Active,2.0
1919,101.11170175222368,99.24457028008167,1120.0732566949166,9.52280040566988,Sedentary,10.0
2586,81.02265359905859,96.86009289814427,28807.76404125165,5.15874007490275,Highly Active,6.0
3313,80.44292781621306,100.0,5466.897735537106,6.869412890155576,Highly Active,8.0
3973,71.49450148403064,94.59971244580734,187.41289311664664,7.39792497733388,Active,4.0
3759,51.72917071442949,97.7096945218716,3016.6635292361593,6.004529556779234,Highly Active,1.0
4988,77.2094710269877,94.06909070341791,27146.993540651256,4.500502811774748,Sedentary,10.0
2271,75.62273565023287,99.14304896282395,16281.649351441887,6.199660755909093,Active,1.0
1069,84.95345492285514,97.4989865305946,1147.2166204627354,3.771578773714136,Sedentary,10.0
4924,79.57301407216389,97.54825554578608,13517.427368170953,5.452316135676764,Highly Active,10.0
3104,79.03862737498017,96.8699125038836,6743.874654450005,6.2328231185789225,Active,1.0
2405,92.03345623802385,100.0,153.81939570464166,8.00126118121191,Highly Active,1.0
3086,71.08307737179834,100.0,9915.260884266056,6.91942413017364,Highly Active,5.0
1800,94.3274439224579,97.14900280053132,3530.878168065428,5.801561612651561,Sedentary,1.0
4514,66.69599254609848,98.38713211149523,3377.9358083822603,5.6736353912347965,Active,10.0
2041,68.87837643740741,98.56270961083152,6354.063413999789,7.879380093349404,Sedentary,9.0
3779,63.47849304495369,97.53724423613497,8767.597422691686,4.273118870533673,Active,8.0
1824,54.63757260967375,100.0,7301.763093193976,5.229693353995565,Sedentary,1.0
1755,102.65766198483564,96.5878972709725,1937.305027219883,4.265844854200864,Highly Active,7.0
3399,122.77641723239768,97.97620412668748,8588.35525005937,7.378454049266744,Sedentary,5.0
2995,78.1571868575415,97.10780202277893,1019.3707426006524,8.771382741854655,Active,7.0
2839,70.04054153826584,100.0,24866.01036543607,7.360959804550097,Sedentary,3.0
2321,101.06825277326958,96.66204671665918,4492.035946970001,7.469289881957503,Sedentary,6.0
3330,84.01536874486042,99.87780065546283,670.5380747603447,5.712215528000025,Active,8.0
2609,63.687346676947186,96.263392379098,6016.478570649946,7.231779341476803,Highly Active,9.0
4251,80.74699214209127,95.04677498844714,76.46014880223213,6.443544500550621,Active,3.0
3591,85.55650574783284,100.0,3461.0455274893075,9.188473737015658,Active,8.0
2769,56.69067853137051,100.0,1971.4875845351464,7.799764607800664,Sedentary,3.0
4865,63.39558108237285,94.18680950564055,5554.250998898053,6.673664037737879,Sedentary,4.0
1024,61.83245069393976,96.89769135799172,58.608081032143126,9.064162864796472,Active,3.0
1842,78.25528954194236,97.27761598486128,90.85242347003437,10.10496280193405,Active,3.0
3838,73.15111453741474,99.4460098253566,837.6330457467672,6.529926317295337,Sedentary,2.0
1737,68.16495292572931,99.31707824066584,11355.014700911455,7.074391556483333,Highly Active,10.0
1179,85.1104013290325,95.4102001548318,4900.596810990256,6.747855431210214,Highly Active,3.0
1231,72.28638071941391,100.0,1771.8015618495874,5.48279854701881,Active,1.0
2917,64.78440792426613,99.56961752150885,5509.565617467544,3.6707044013721424,Sedentary,7.0
1342,55.42133683672047,97.09930820508696,4976.4053882271355,7.98444759686891,Active,9.0
2822,91.02273661167548,97.44676237419066,3974.216375672992,5.1963215639721225,Sedentary,5.0
3623,64.97709984075782,99.66998551164764,7416.646253778931,3.7587945181257463,Active,3.0
1454,102.20618738066229,100.0,12922.944340470724,5.586751156563646,Highly Active,1.0
2255,84.44349948704762,98.01431071433602,2693.5568003382587,5.488785790996028,Sedentary,4.0
1288,62.75256176123024,96.83924495004038,5317.185344977346,6.334203947106001,Active,8.0
2236,65.81054643463123,99.52844437610835,13477.45606673426,3.8852955476702697,Sedentary,5.0
3305,43.36864838307014,98.23549418903973,1286.8333747891525,7.144240087818028,Sedentary,8.0
1529,68.4035055507237,100.0,27230.885608789653,7.462106906129147,Sedentary,3.0
3734,104.2278906366872,99.62705747580516,9721.694926307868,4.546930592918312,Active,8.0
3976,99.49818623968322,100.0,3191.194399169583,3.95787984033366,Highly Active,4.0
3276,99.1260378346954,96.29269901310444,3292.0311221947027,8.021722201567524,Sedentary,7.0
4297,84.1388881088408,99.91795453146976,1608.9569744019022,6.276536458939757,Sedentary,9.0
1595,72.33126060822416,95.62719627093252,2183.013628254143,7.459462020500339,Active,2.0
4874,76.46709676276473,99.30275444177896,6190.748826560896,6.6657203144991675,Sedentary,1.0
1881,74.75574362501814,93.44534160443784,164.0265238761326,8.052267631028919,Highly Active,2.0
4068,63.20873591328101,100.0,30123.43548080239,7.760621370764868,Active,4.0
2781,73.92072052289517,97.7904532896949,1880.007398054464,7.077068953598822,Active,7.0
1401,54.70866594426426,96.83993005696436,12385.810348356568,7.179900615831984,Sedentary,1.0
3669,83.92124564781665,97.82863216144123,6634.489882037587,5.848874869796468,Sedentary,7.0
4837,61.36719750180899,95.20111093722996,4133.884560013273,7.331498224681581,Highly Active,4.0
3135,83.54511868827868,100.0,9222.093140601017,8.830228464836619,Active,1.0
4964,72.505886802178,100.0,9876.3629338435,3.691697829588543,Highly Active,4.0
2565,79.12492998053095,97.6492205412342,13613.88629330995,7.1777328749799185,Highly Active,6.0
4755,72.53995623068027,97.3232388626179,2301.7530649619453,7.301008773588672,Sedentary,5.0
1308,84.59700131913195,99.94744617619638,2512.9026414469968,8.19909228367997,Sedentary,7.0
3953,81.71541197034243,100.0,761.022604484645,8.357071051980887,Highly Active,6.0
1342,68.67335531855582,100.0,13560.438148728614,7.243435505837162,Highly Active,7.0
1435,66.15064138930137,100.0,11548.522304963124,4.642064497834375,Active,2.0
1176,65.08249176751245,100.0,3876.2764045968656,6.330740063429774,Sedentary,8.0
1138,62.92652322295389,99.62019652019656,3320.54339193591,5.309466088693896,Sedentary,10.0
1193,106.45671962739053,99.15029919677508,3904.523559072986,4.7512355400784845,Highly Active,6.0
2184,69.669423577047,96.38568648057628,94.98063924126429,5.923016602181734,Sedentary,7.0
1942,77.91229912469397,98.64058268093764,10061.14529094008,5.428634630125767,Sedentary,10.0
1524,78.8193855281443,98.93192697337815,2948.491952611342,7.402748595032027,Active,7.0
4879,48.63265947029549,95.7730348342173,4725.623069969646,6.3821659358529015,Sedentary,2.0
2624,73.8344421840734,97.94587383866752,2571.4920603390437,6.91654920303435,Sedentary,4.0
4113,70.06386353063813,98.47560572291746,544.6961035980609,5.691001039740254,Active,5.0
