User ID,Heart Rate (BPM),Blood Oxygen Level (%),Step Count,Sleep Duration (hours),Activity Level,Stress Level
4174,58.93977586209927,98.80965025422655,5450,7.167235622316564,Highly Active,1
2294,40.0,96.89421334689396,13797,7.367789630207228,Actve,3
4772,47.27225670219411,95.38976001421,3208,7.871146008904113,Seddentary,2
4092,81.73349679221296,95.98134260868017,6051,5.224139066195455,Sedentary,1
3979,93.34033768144008,97.21894484728315,1775,5.468413771417153,Seddentary,1
2238,73.85294067228806,95.39944002358108,1748,4.830161671840198,Actve,1
3135,68.09020292958444,99.72973954402644,8124,6.444869604525839,Highly Active,5
4444,40.0,99.04772547056064,1449,6.392173806051382,Active,2
2515,69.42479491992782,99.25495076372934,3306,8.41542161341735,Highly Active,1
3853,64.62704386367523,99.78959923982669,1520,6.866753232803355,Seddentary,2
2215,86.5515986753003,97.47263459341158,3790,6.844302018581762,Seddentary,1
3324,69.61567440976185,100.0,7137,6.95044108406138,Seddentary,2
3300,80.11309120817684,100.0,2157,7.081258685871372,Highly Active,4
1747,40.0,100.0,8043,7.791685704970522,Actve,5
3904,87.5290861186297,100.0,4441,8.531278990913485,Sedentary,5
2082,64.42024701043401,98.42435020954122,29066,4.825839792965481,Highly Active,3
3558,74.1371473477043,95.06438018699068,9359,7.647390482799075,Actve,4
4753,61.348923654465594,100.0,1999,5.923067990352865,Highly Active,2
3047,63.6801754966651,97.37429827897157,1889,5.024214580310577,Actve,2
1975,79.76807351739672,100.0,671,8.945554951796462,Highly Active,2
1189,93.72881218824756,99.41376031907603,3740,5.379780644764782,Seddentary,3
4005,86.03063332431728,95.91431915983792,3749,6.403469797758008,Seddentary,3
1562,82.56980160801169,95.55137229772568,10291,9.337518118541205,Actve,1
4638,90.76257818155062,94.8602508201896,6851,6.2352107379111565,Seddentary,4
2267,70.81290842831523,97.22179633904044,15182,8.763732503534627,Highly Active,4
2528,92.671023604219,95.07724752637232,8627,5.879630133172693,Highly Active,2
4556,60.82606954030797,96.92388341755054,11060,6.827247743905267,Seddentary,1
1646,86.22925548074167,100.0,3771,6.773624050574219,Actve,5
3214,84.67722962095758,98.46340229262316,24206,7.146885698832684,Seddentary,1
2297,77.3066427033104,95.85509586003876,4129,5.707628633446368,Active,2
3435,91.92283491914716,100.0,13212,5.1626892969962945,Actve,1
3363,92.85283683620152,98.27067917804666,4115,5.7909211045386755,Active,1
4417,82.00624112263787,97.09234007387155,547,6.971046408605005,Highly Active,5
3612,69.23683245606956,100.0,4375,6.052030514727384,Actve,2
2363,89.11832897571975,98.58593453879398,8698,5.188802886693731,Active,2
3139,43.74140206186796,95.37323750308748,139,6.017092237155613,Seddentary,3
2390,73.15646556066172,96.81891253134198,12463,7.154135026423208,Sedentary,5
4003,59.55423801799281,92.9484073471339,3772,3.877074076547937,Highly Active,2
3556,81.28112871682107,100.0,19406,7.39682049463106,Active,2
1775,76.84986596442882,96.880668208062,3556,5.185877160562438,Highly Active,1
1034,87.20860676159504,97.60522245561135,12948,6.147988867222518,Sedentary,5
3253,79.84141585314687,97.2450611764206,1897,5.868158558451618,Actve,4
2585,47.42860420621099,100.0,29130,4.777099520399842,Highly Active,2
4943,96.06324242512709,96.47894031643833,7287,7.233968841889179,Highly Active,1
4073,96.08870081294506,100.0,4086,7.294682104834459,Highly Active,2
4893,66.12078656148493,95.60040643806028,1094,8.280848393722522,Highly Active,2
2500,40.0,95.1079912888018,10975,8.347840357315645,Active,4
2579,53.318786295356645,95.1680515708946,18510,7.356516893585851,Highly Active,2
1161,75.21115231997146,99.15080770482548,5964,6.572139758559597,Sedentary,2
3317,76.95659337983253,98.6161095830068,1392,5.463284333002888,Sedentary,5
4342,65.222719273255,97.55307152771054,2205,10.373567261347176,Highly Active,4
4773,70.44503588445043,97.61730184183337,6785,5.151511516990889,Highly Active,3
3343,84.03342652423316,98.9734316518969,8185,5.597203452787953,Active,1
1337,54.86000605122267,98.77628474345023,8196,6.188868739068484,Highly Active,4
1791,72.3252647864868,100.0,8993,6.14274577608632,Actve,3
4993,59.20747694018303,98.69426496850762,1384,6.417811276247835,Actve,2
3235,77.06835233367562,98.44328703246288,2336,4.9125741606794975,Active,2
1379,70.54823343388225,99.7947541952559,2738,7.0452135187462535,Seddentary,1
1492,70.46467123031033,99.91706621087498,5178,6.700942653968059,Highly Active,4
4112,75.02968227011456,97.1316693156662,9720,7.622609473868736,Seddentary,2
2367,68.76188373904637,97.2803980607483,4605,5.793858376827125,Actve,4
2152,67.38743157053432,100.0,12144,6.900527747560983,Actve,4
4134,77.93675733482405,99.0676373390759,8028,6.614799904858036,Seddentary,5
1418,69.05858943073387,97.6309379835583,19215,5.7352500324197315,Sedentary,2
4561,73.65840764459172,97.16845086943673,1424,7.448680584772695,Highly Active,5
4065,71.60267669956232,100.0,343,6.849409870193006,Highly Active,4
3182,78.54420140929575,100.0,20171,7.210528171310017,Actve,5
1200,65.79732762131938,99.88366106005785,16218,5.064869419306278,Highly Active,2
3977,67.40229905855266,97.39335207790754,12283,4.266500725942315,Seddentary,4
4119,49.17741529590679,93.57159171339238,453,5.462778122563456,Sedentary,3
1502,80.04863676023686,99.90685985839434,1692,5.833417505835631,Active,4
3454,67.252431084307,97.79977972676272,19571,5.066163249054267,Highly Active,3
3146,57.180742071364186,97.68595397390412,3495,4.768744988189237,Highly Active,4
3731,64.4304570606055,99.13879466230158,7373,6.479991628045297,Active,1
2570,68.72444585895444,100.0,2992,5.488131501454205,Highly Active,4
1960,86.26012731752924,98.53932811098862,1203,3.08756038228468,Seddentary,3
3660,93.44505489584634,98.72611217202196,5135,3.8263117567977583,Seddentary,2
4840,75.24887879046642,98.5809261937223,17249,6.825785787271773,Sedentary,1
2028,89.47016187546078,98.1166015276522,9485,8.18889568697907,Actve,3
3814,62.889202158957715,100.0,7208,7.6027899386011555,Highly Active,2
1397,60.68525638276526,100.0,2924,4.288912580313359,Highly Active,4
3842,91.06263529288398,98.6337287188812,12827,8.577232386961175,Highly Active,4
1392,90.57892673522362,95.24520065229726,2963,5.675509493666846,Highly Active,3
1206,86.86575833160546,98.05698059375466,7001,8.158331550105242,Actve,2
2038,81.69775150066978,98.99750865789532,5391,6.685071149386853,Active,4
2881,81.46814335252458,95.94900071082628,2135,7.674778899633203,Actve,2
2484,74.37464051511083,96.7496088488571,2817,5.540783778974028,Seddentary,5
4646,88.76339715679534,97.66975400696256,13826,6.456353840543829,Highly Active,3
1863,56.133555621574075,100.0,515,8.28805715452407,Sedentary,3
2020,94.05699291129704,98.41265918105562,5896,5.546161546930425,Seddentary,1
3532,69.20884528454692,100.0,6459,4.453028953662619,Highly Active,1
4478,80.33609411434321,96.93440683473744,1026,7.591030383062162,Highly Active,1
2059,66.14762391319609,97.5160435029794,5806,5.121265137921359,Highly Active,5
3572,79.23837660728759,97.4090224707776,10664,6.164875694143121,Actve,2
4910,74.14594932977909,96.54644482563802,5670,4.18048162964046,Highly Active,1
2722,54.43357220645869,98.7018509348468,4189,5.891945395410191,Highly Active,4
4314,77.94414386144683,99.0942067577891,9995,6.654850175960306,Highly Active,5
2819,61.22960336610643,96.69180138284256,5857,3.4363723019945125,Actve,1
3604,63.59647174795203,98.76671182209762,5248,5.737647903680929,Actve,4
2597,48.29069569280374,100.0,4330,5.854305801115332,Sedentary,1
2643,82.69826021357441,94.83913327002664,2269,7.4825163261372225,Actve,3
4627,87.00529730355206,98.9396183616329,6608,5.379426201444249,Sedentary,2
2354,78.20169113983798,96.5997326529015,26745,6.712643346138789,Highly Active,5
2496,89.77260997496602,98.83911860696458,14351,5.891270361606108,Sedentary,1
2400,91.27837160351666,92.93868315508352,18580,4.965617825434963,Actve,2
2768,107.24725531203876,98.53953864551968,1789,5.833310182953129,Highly Active,4
2479,70.04625716505899,96.58308973515491,17870,4.47317008767848,Highly Active,5
1317,68.90513658046484,96.86642399951526,7537,7.569560060432488,Highly Active,3
4296,72.66890386041234,99.6792098276783,6446,9.74793149233802,Highly Active,5
2257,71.88306593741711,97.66808372912126,4219,6.398450545295098,Actve,4
4898,87.284667869019,98.39044954301858,2704,7.726007179079694,Highly Active,5
4304,55.223480532530665,100.0,1995,7.970859235883354,Highly Active,3
2136,87.20828473069304,98.43586377313358,5266,6.699068563123942,Highly Active,1
3489,76.73042364199841,97.004110266247,5080,8.765432868819229,Active,2
2291,97.4579425314772,99.80964940042944,1551,6.934471743375855,Seddentary,1
4581,76.85518906792677,97.43613245380318,140,4.52541427377608,Highly Active,4
4878,40.73686036070599,96.7319199931854,6165,5.533187095483114,Active,1
4458,45.7517813648615,97.36307445335171,14739,7.803102859787511,Highly Active,3
4184,81.75173761372798,99.84518679228611,6480,8.619396255538014,Highly Active,2
1698,94.11247920889946,98.11743077197389,23888,8.619994048068182,Seddentary,5
3160,84.53835599599404,96.98896336577762,2712,6.263040228574056,Sedentary,1
1641,66.91860561763559,98.58284666183096,888,6.698795540632846,Highly Active,5
2589,80.62025927143733,99.53886825795104,2361,4.668037558619413,Seddentary,2
2661,93.33493808328602,100.0,1684,3.931969638631375,Actve,3
2153,80.92770929360034,98.39173390125852,4114,7.482213295004548,Actve,4
2733,99.13821216950998,95.95240549036134,2762,4.996536701449671,Actve,3
4510,73.04915795344284,98.89500782553816,6753,7.151364486203832,Highly Active,2
1202,89.21141358470769,99.12318800307747,2518,7.278189135215216,Highly Active,1
4255,67.10640488449445,99.060168914615,2699,8.328238982121865,Actve,3
1766,75.32464442013261,96.06040154986012,8040,6.367496384344239,Seddentary,4
4908,78.12127296383603,97.50413937524776,7584,7.392546637143738,Highly Active,5
3931,68.9440900100706,97.60510069461758,10067,8.237226710034687,Seddentary,5
4681,87.15418680451967,100.0,2934,4.876891512948527,Highly Active,1
3799,73.53478955308174,95.53420517620124,1411,6.940241344743527,Seddentary,5
3191,73.82250891754592,96.66416803307278,2131,6.265889796784242,Seddentary,5
1608,94.0587090788299,97.51540346371272,6863,7.49426211291001,Active,1
4420,84.14566133455067,94.9794918334994,1200,5.548902580482257,Actve,2
3811,76.2745809239158,97.8094231995255,20661,7.897333594924938,Actve,3
4002,73.41531178797482,96.7286987855947,1032,8.38454066366215,Highly Active,3
2955,70.61612961689812,97.06624286665922,14769,3.143186363957323,Highly Active,2
2986,108.79967905293258,100.0,941,4.277555905832022,Active,4
2534,94.28075784786434,100.0,763,8.379675282695928,Seddentary,4
4219,96.25660636342646,95.90760825153376,2937,7.775770078778461,Actve,4
1488,81.79567375681529,98.91312200480846,6180,6.334952824601891,Highly Active,5
3976,65.98943797048962,98.3342177644893,15143,5.861739392600007,Highly Active,4
2959,69.28405870258473,98.85052269960352,1127,7.858334594522809,Highly Active,3
1640,76.40488315822438,99.35001383086907,1112,4.718301609759859,Seddentary,3
2969,92.25936014569184,98.5075212297378,8400,6.111287725041643,Active,1
4369,50.092930052949384,97.20898095750384,21,3.5091680995849868,Seddentary,4
2634,69.18866099820603,99.64330064409197,4616,7.079535527359775,Highly Active,2
1262,49.65589769492589,99.1307593739581,32242,5.146944415247891,Highly Active,3
3191,71.55301238920812,96.0016863849322,523,4.48297094741149,Seddentary,1
3393,79.70565869942118,97.9768994062728,1455,6.847237560439174,Active,4
4643,76.66007414446139,96.29430788616963,12189,5.575068389841927,Sedentary,4
3944,104.75930681422176,100.0,4877,4.427398757185029,Highly Active,2
2327,57.90978038747263,97.03664130495255,3744,8.161440688256556,Highly Active,2
4723,82.7246173834564,97.2392164680478,2424,8.423136080647023,Sedentary,4
2183,70.3512897712962,99.86570335802412,451,3.691085280143967,Highly Active,2
4304,101.69417360602516,97.76542781512596,3127,5.68404653127135,Seddentary,4
3863,102.02087121412944,95.66511322858508,5564,7.700364893614957,Actve,4
4191,103.55451405850194,99.03560474376792,2040,8.629838481591595,Actve,3
2696,90.31568560189127,97.18740382324926,5262,4.136731249397264,Highly Active,3
2648,79.36093123445607,97.80240841059586,3656,4.714884186406232,Highly Active,2
1253,55.24171087552287,98.98554006786212,17415,9.55858980689601,Sedentary,5
4298,69.59568617079961,96.8588243761468,6978,4.9558699105751,Seddentary,2
4183,90.78285581640051,97.04016907034018,25673,7.592640750686208,Sedentary,5
3557,76.9791036138773,96.72349140062695,6252,8.312756590032729,Sedentary,4
1098,56.802182448170406,97.07853669820324,12576,7.562736843404894,Highly Active,1
3961,90.87774885523184,98.3897263486072,3787,5.395046107760103,Highly Active,2
1877,68.11716587717633,98.65398754371532,1507,5.9769645598759915,Highly Active,2
1337,80.2807726642774,94.86021373966511,6740,5.34969338458782,Sedentary,4
1956,81.77820362272324,95.9545980000844,8218,4.723974793133707,Seddentary,2
2603,79.96234087947957,97.17770201369277,12588,6.685939322677909,Highly Active,1
1815,95.33421566060946,96.38001064287474,18314,9.77514894856655,Highly Active,5
2919,75.96139804234822,97.0638192027948,27177,4.084188999912776,Highly Active,2
4104,61.745746384879894,96.02645508749995,1878,7.464264098582396,Sedentary,5
1954,100.4041006055486,96.21719579135718,166,5.164515835588585,Highly Active,3
4954,83.24940487632044,100.0,21080,5.046277853772979,Actve,2
4446,93.37550042668862,97.86181385069152,8560,6.08907031030744,Actve,5
3797,90.79593359633532,99.67539741114334,952,6.433513800146428,Sedentary,2
3085,66.7872061889043,96.98416014361096,6257,7.6385620580813,Actve,4
1562,88.72407337315356,97.9230506740148,1886,7.5593104975224445,Actve,2
3485,55.43502376632047,96.59292648824842,17067,2.7461831945055044,Highly Active,3
1959,40.63527842438362,99.7958383334652,6372,6.9200399391052185,Sedentary,5
2504,84.79902905562923,98.7886517844832,2051,5.717870695684265,Active,3
1452,67.35964595814927,99.20527353686444,15507,7.343445079727398,Active,3
4900,89.56943398188272,98.79105026422484,16799,6.793376680795596,Seddentary,4
1658,65.17326635318395,97.36138267146116,960,12.140232872862926,Active,3
4583,74.52867150144087,95.65726754790072,4475,8.426367171528689,Active,1
4243,76.46784230578722,94.31635260742252,6645,5.55805725641502,Seddentary,4
2243,100.63037307140917,94.88549787486598,8875,6.368616078348943,Seddentary,4
4963,50.14892318783245,98.10802998540348,1429,5.734795907857717,Sedentary,2
2768,84.50501911872837,98.28801623519831,3202,7.709691097875732,Seddentary,1
1180,77.25286255732789,97.74317462107324,7088,5.90397330709016,Seddentary,2
4170,64.87204996029539,99.76064039934944,22325,6.842500601683245,Active,4
1699,84.3353369731331,98.9776385081046,516,5.494940281090253,Active,4
2139,83.2234157962652,96.43272106513024,22529,7.984250955737493,Seddentary,1
3300,85.01459813270009,94.94724213801028,8437,8.400586640838291,Seddentary,1
1980,78.50438060481238,100.0,17060,7.010430540748135,Actve,3
4662,69.32433637909124,97.33193179557064,16538,5.174522194392308,Actve,5
1127,57.13377252472738,100.0,1391,5.430468934954143,Sedentary,2
3065,72.40983994456006,97.71724252937808,5743,6.091179398041944,Actve,5
3613,62.723134900289374,100.0,1405,4.782359788169964,Actve,5
2346,61.09049677612202,96.0022157060111,5816,6.530959855482499,Active,5
3733,93.5888299419525,99.97961185386568,1994,7.719777041294872,Actve,2
1625,58.39976962762413,97.0592288564923,5117,6.576734643031471,Sedentary,3
2686,65.37592573415077,100.0,17980,9.200329588140814,Sedentary,3
4009,104.56923809271402,98.7380799642534,4552,5.758267510009601,Highly Active,1
4710,83.07939874744844,100.0,14540,8.029940815773237,Actve,1
3537,54.50988125744609,99.24428304643529,17170,5.468370505754391,Highly Active,1
1784,81.58257452901702,95.7025572755818,19256,8.546206808600758,Highly Active,3
4175,102.60681781886848,96.13584084566466,14073,5.694682809540513,Actve,3
1245,60.35141281778513,95.78564904550493,1663,7.039380390825302,Sedentary,5
4247,80.55573957007549,99.4170779322588,6463,5.893210842808426,Highly Active,5
1537,54.636645803168776,97.01295215068367,37,2.543125916526708,Highly Active,2
3455,72.57790774472498,94.87020238461054,25519,5.533159612561786,Highly Active,4
1524,70.24072626211674,99.1522326926447,6167,8.48802060011029,Actve,1
2529,66.88798962441649,99.50705616257014,16346,6.0066200523672535,Sedentary,1
3950,86.75955489356986,98.31963472217646,45,6.943644621121176,Highly Active,1
4896,66.51288808146879,98.78388635434864,5783,5.561494356403591,Active,2
1019,57.23703305045103,96.43567052036268,2701,9.063211053996527,Highly Active,1
3368,92.91609485131386,99.22442940612056,5149,6.637870154301945,Highly Active,4
3559,101.77474135021232,96.96874894782296,15685,7.255007991647504,Highly Active,2
2166,77.77160352429384,97.39266612813056,3639,5.6211449408879774,Actve,5
2115,60.61236855609999,98.80721432024556,44035,7.378131632857535,Highly Active,4
1833,78.8806524083719,92.10938897000044,2274,6.833725883961385,Sedentary,4
1853,48.54972672282992,98.30343811193404,2483,6.061518155654656,Active,3
1050,59.84554313122224,95.77209406293927,7294,6.635660877271784,Seddentary,3
4769,64.16361003418177,99.13401680817933,4627,7.454676287038913,Active,4
2148,77.54681657849541,98.29490822522826,2471,8.637998651342457,Highly Active,1
3361,40.0,99.80674292873618,2321,4.659567121161923,Highly Active,5
4413,75.23223771824719,99.94598945212311,28540,9.102739112901306,Actve,3
4854,93.8391894815748,97.66371597050936,2158,6.245473864914585,Sedentary,2
3491,94.46649538836888,100.0,2297,8.391825569034259,Highly Active,4
3311,86.2600834565007,94.88148722249396,1630,6.519925917309197,Actve,2
2595,80.53328252325272,97.66015623222629,2994,6.019490862396862,Sedentary,1
4051,113.80923855634816,99.38093261735088,7218,4.775940020691342,Highly Active,4
4691,73.65677826734475,100.0,2044,2.302539358236169,Highly Active,4
1991,81.6677113898496,98.70500131863668,5696,7.916725303123822,Active,4
3931,67.09142141525423,98.80000483248064,29198,8.107258041919664,Active,4
1046,64.91446702965898,94.62020821687295,19922,8.79939420999062,Seddentary,4
3870,66.61253477782058,98.25505584867336,824,5.186616198642542,Active,5
4891,58.04841668914976,99.29912917581854,2024,4.635697767400901,Sedentary,1
1268,67.07903981598056,95.70866429758432,9156,6.23472192124303,Highly Active,2
1369,62.29056688404348,97.90103441386673,5357,2.760674815288893,Active,4
1656,70.14153081709635,99.11024226956916,11081,6.674976590630971,Active,5
1119,93.63478301407152,96.14997548246554,28877,8.751100781593573,Active,1
2810,90.09665984854928,96.69599761068528,4514,7.384173446276812,Seddentary,3
2012,71.21791576333115,99.3053328561071,5078,6.602083663832942,Seddentary,2
2664,51.019513115272346,98.815768356703,2138,6.594477144078191,Active,5
4822,70.03361533314123,98.37026255384892,3828,6.626744053962054,Seddentary,2
4709,63.295241088413015,95.42142474713592,1205,5.790775779093288,Active,3
2141,81.8486973170443,96.17876182442365,6551,6.431477727529356,Active,2
1559,81.99182428874795,94.99039015821796,7966,8.1548161845922,Active,1
4672,63.36607856265783,96.34699363702052,611,5.316181581621833,Actve,5
1487,88.6674431681947,100.0,236,7.356938086844615,Sedentary,1
4308,95.51144361391694,100.0,1114,7.014375820400543,Seddentary,4
2212,78.7828298743865,100.0,7649,4.979128470869535,Active,3
1703,84.98656591256214,97.6064565768402,23514,5.05509273782773,Sedentary,4
3908,58.57994585918769,100.0,22,6.551798353446188,Actve,1
4147,67.86986186191679,98.5913217915186,1098,7.308261640129812,Highly Active,5
4157,75.80677688824906,98.3240077842388,12091,5.651313455188798,Active,1
4356,79.5756187167555,96.79356842844308,5707,7.898964694854552,Highly Active,3
3141,69.00954763024116,93.34772523278208,3493,8.196004895249926,Seddentary,5
2773,72.17465660286149,95.6398350068811,544,10.39685873160814,Sedentary,2
4059,70.98125727970893,99.86492464694068,5875,7.829596493472229,Highly Active,1
1452,103.0687337749588,96.04984685790347,4338,6.938457281831062,Active,5
2227,74.92573089807127,96.94283950848369,592,8.38822360637744,Active,4
3959,55.955598570566174,99.00894869383778,684,5.380211330553097,Actve,5
3521,70.85724319858261,97.63671861145484,260,8.415817075307402,Seddentary,2
4325,65.54859189675865,98.44129876414894,7705,8.676190167557353,Highly Active,1
1356,74.39502684603261,99.43804285286016,12164,5.8359781501940695,Highly Active,4
3569,47.1170729399165,98.3996064443328,5693,5.412909444503609,Seddentary,1
4294,99.2184714113539,98.19159774407966,7783,6.772837704260928,Seddentary,2
4977,92.75178040833464,96.74536041186964,16185,8.424639817631041,Active,4
3489,69.5892942070573,100.0,692,6.4098126928768355,Highly Active,2
3816,81.79270870634728,94.84099737457508,9641,5.661064470442455,Sedentary,3
2782,71.29975701532456,97.5754439578604,8711,4.491366396462975,Highly Active,3
3305,47.81161285772594,99.47242018661208,101,8.860837987478922,Active,2
1496,76.39052052452338,100.0,5800,6.8492660854154055,Seddentary,1
4546,86.89054424481353,99.55565105804727,5313,6.938889294419237,Seddentary,2
1851,75.94915529865197,94.01908978789528,2537,6.186706759318011,Highly Active,2
2687,73.41930383284264,100.0,8340,5.32750174826698,Highly Active,2
2931,64.10074950097355,95.3914126633234,5437,7.333716799398738,Sedentary,1
3737,66.78687905332342,100.0,6799,7.28333326161226,Seddentary,4
4746,98.7804505826807,98.1675750088119,527,7.522744720645496,Seddentary,5
1956,73.41705961902113,99.94408154179044,1399,5.258041611216743,Highly Active,2
4498,81.57124922395818,96.71399778346462,8198,9.20004913412504,Highly Active,3
2636,74.63525917838975,98.8141892999326,11616,9.075876033219489,Seddentary,1
4913,84.63247027482345,100.0,5067,6.253645761472411,Active,1
4627,85.1852411406574,100.0,787,5.978834571633047,Active,5
1011,50.60422688243216,97.44141836392726,12131,6.682626434715893,Highly Active,1
4969,70.69515123809879,95.34826270148773,7858,8.097747419467385,Seddentary,2
3082,80.05074046452094,99.55912391010722,799,6.077601072302927,Highly Active,3
3896,101.08919164158868,98.12772287031136,7073,7.028662680665685,Sedentary,5
1775,75.59546467772378,95.01014826270462,8359,10.474965653500968,Actve,1
3652,84.37444609190376,97.04050896380797,11315,10.018971561631194,Active,1
4017,86.63040753330878,93.88652249816434,5744,5.225082286814381,Active,4
2625,51.10850259033754,97.71971605378162,2266,5.782392447051694,Sedentary,1
1417,77.03786774329332,100.0,3433,7.721412463566437,Active,3
4267,61.42509009758801,92.61458642343896,6512,5.855440508900086,Highly Active,4
2516,72.45762043789193,99.8811048196112,658,5.331658564512416,Sedentary,1
1412,66.41272790182259,98.03210505105122,1044,9.459479889846357,Actve,1
1728,80.34735437675272,98.24913690006298,19351,6.6473156081492935,Active,4
3786,94.58563354822988,98.60317249913447,9414,6.230977808120623,Highly Active,1
2122,65.38487184692261,94.00625883366402,4600,4.77031186813517,Highly Active,5
1977,80.29511718949401,100.0,499,5.223450632479991,Sedentary,5
2687,93.39420620126558,99.56882432030343,7500,8.689342069541565,Active,4
4261,69.31065279620798,98.21906056820018,11858,7.124443431212451,Active,3
1036,79.59252148146686,98.29391876929694,11073,6.285477722788426,Seddentary,5
4851,77.72625811137894,96.32870842957132,7895,6.664515982637879,Sedentary,5
4440,64.99411913991457,98.69847368917868,12323,6.9157581345813215,Seddentary,5
4766,45.67405435917739,97.23888288012846,12976,3.880701626027509,Active,1
3264,88.75751003607547,96.9226392909058,5630,10.076560499482635,Actve,2
3914,74.3372310423497,92.28816656981756,2482,7.45563119856827,Actve,5
1872,65.64789874364286,97.6535922783235,3012,8.152968547897606,Seddentary,2
2821,86.0169519798763,98.98518903564292,501,6.334608974207552,Actve,3
1595,98.1967052357239,98.9595719017276,34893,6.762740270166582,Active,4
1728,55.23333243105579,99.77030559691984,7033,5.786440930322486,Highly Active,4
2365,68.4411317517042,97.6828353052838,5415,9.244615530895189,Actve,1
1396,111.50843670080312,99.50845377024731,2590,5.777513540346276,Highly Active,2
1698,64.67372517100183,100.0,13838,5.076913273259405,Sedentary,5
4090,99.2960862357647,100.0,2887,6.740510816943254,Sedentary,3
3224,89.64015846590634,95.01805663491452,790,9.30968725036104,Highly Active,4
1395,68.31216301750268,96.12665783202904,2649,6.228370461015725,Active,4
4986,86.98247151410226,100.0,2667,4.436677434898357,Actve,1
3782,50.33931545767725,95.77314726689696,1273,6.511893320665924,Actve,1
1143,66.99661578373365,98.8880975199649,2614,7.8264954185903886,Seddentary,1
4096,99.2215247526562,97.18809186103852,8051,8.290348022588542,Active,4
3938,63.48100280104428,99.52471270207012,11452,6.2163939115024105,Highly Active,3
4636,71.12527595139625,98.05132501674258,5989,6.8476608217084065,Sedentary,1
2167,88.12822462745079,100.0,1680,5.817611129098285,Sedentary,5
4764,78.34352180633107,94.93448067419426,7895,6.91490227979764,Actve,2
2209,77.94325667004271,100.0,3571,6.641762276114232,Active,3
3982,81.48972051943477,99.56514578912709,2092,5.959087636575745,Highly Active,4
3445,69.73704040851815,97.94914500290882,493,5.614000110332544,Highly Active,2
4234,53.508899888536995,97.93146679657168,1214,9.24947436654092,Actve,1
2238,60.28381826410627,98.2065407548734,8355,6.216215766959406,Highly Active,2
1732,69.78303959468428,97.26175083453704,6451,5.612118947815827,Highly Active,2
1234,40.5770595670415,100.0,9593,6.1260976626106025,Sedentary,5
4914,85.61859176490218,97.01141041644122,7422,5.761582512457403,Actve,3
1953,67.52289664523776,95.3949609703441,9131,8.171125951520139,Active,4
2542,52.402947605516346,100.0,1134,5.987513954072966,Seddentary,4
2416,102.60851062707164,98.05729824184576,13247,6.848700498872609,Highly Active,3
3842,86.64978364788661,98.68177196501613,2339,6.652368464964656,Actve,1
2217,51.55038893733891,98.80186921786942,1751,4.871580833274166,Highly Active,1
2540,73.27844899283231,100.0,9594,7.977611133311722,Highly Active,5
4236,71.18461118741531,99.2324893345832,14595,6.856817686990011,Highly Active,5
2519,70.45026788512303,98.27347272815403,240,5.765793408662,Highly Active,3
2365,57.28205588240432,98.67173550391132,312,5.981439479926719,Highly Active,3
2324,65.94272762668824,98.9465074799659,28790,7.584352037536407,Seddentary,2
2827,76.092624069535,98.78243804222036,2701,7.564724230435707,Active,3
4141,48.62675995193187,100.0,1994,7.255106390908756,Highly Active,3
4323,68.88441845654665,96.06699875389008,6455,4.675668438200629,Highly Active,1
2810,101.46802686117243,98.5849346498683,687,6.243045662767054,Seddentary,4
3492,61.19562524003797,97.74857035588109,728,8.743230443719524,Active,5
1038,80.15587070831619,98.13112022487044,1254,5.589760297628317,Actve,1
1850,72.35162920175601,96.95083813055584,3694,7.046497234282882,Sedentary,1
1652,88.97665898287691,98.95658868993624,1947,7.31857134705217,Active,5
2243,64.85899149945568,100.0,3150,6.581370207505964,Highly Active,3
4709,66.35259994607264,100.0,19031,6.388634513315963,Sedentary,4
2384,79.49971804143865,96.95110210746031,3161,4.679523832630281,Seddentary,2
2958,111.34003313308531,98.39953627034,11061,6.522840442019325,Highly Active,4
4072,62.30266604962683,95.71710326196892,1932,8.640418500688519,Seddentary,3
3434,77.890760152346,96.05558231495024,8837,4.562336668570721,Highly Active,1
1189,75.61659726120179,98.12487095977522,19920,7.83915151709163,Highly Active,2
2214,80.38266573890701,97.3555500283421,3764,9.49329466095907,Highly Active,3
4480,100.69558924625584,100.0,3111,8.018685753148164,Sedentary,5
1823,70.06152250264543,97.281980469923,0,2.494171838826327,Actve,5
1684,86.77732286924598,98.69694540497396,2045,7.969569421823638,Seddentary,2
2852,52.630165732074,100.0,3223,8.3936112694395,Seddentary,2
1814,75.89778045891494,100.0,6061,4.330744624320489,Actve,3
1079,75.92391662375533,99.24843014907432,89,8.193792563859265,Active,5
2252,59.39522553382013,95.25613934056544,5931,7.086230289741136,Highly Active,4
2699,63.13137783903935,94.57959665053448,7942,6.79372014104919,Active,5
2250,97.06234309046911,97.40009226850412,1199,5.350370575591903,Actve,2
2682,101.04729005762948,99.98624046520334,17025,8.557677588814162,Highly Active,4
2555,59.304825978656766,97.68642645574516,9916,5.627270096923265,Active,5
4512,81.01363821932866,97.59212016428306,5343,7.328971010448177,Active,5
3094,64.82514420913905,96.08906711781005,14046,3.9327004706395616,Seddentary,1
4376,106.97742701698544,100.0,856,8.380401536332485,Highly Active,2
2549,91.4747785043054,100.0,8385,6.4787746703383275,Seddentary,1
2396,89.1892821155382,95.8235282632391,4290,4.794484668106934,Highly Active,2
4637,69.88115969518061,100.0,613,6.467199407669715,Active,4
3703,84.05839518542416,91.06216717486544,9390,4.550439370733248,Active,4
1470,108.13992531696098,99.5046169079554,14032,6.178950520626781,Highly Active,4
4018,70.73611418144297,95.66574567291109,5380,5.600770050014482,Seddentary,1
2035,70.56405193693796,95.88030915466754,8578,8.269593572921812,Active,2
3783,78.90313490938192,97.51185944757827,262,6.722434538465046,Sedentary,3
1357,76.23786211993688,96.10052548107892,1412,6.9484728863535405,Highly Active,5
3593,48.73397121656585,99.78661547795322,7054,4.984746374304672,Active,3
4479,66.78898585856577,98.3426711980416,2269,5.765347969695726,Seddentary,3
1667,44.98510252251859,98.42745897111936,13084,5.834798882435956,Active,3
1089,42.782247655114,99.24536360181666,9122,7.156416791066392,Actve,1
4387,67.75993692087032,97.86922553138048,3844,8.652775718371437,Highly Active,5
4249,86.67145447722284,98.70931232260104,7291,5.213976109482897,Seddentary,3
3549,75.52873136097678,95.01816940353142,798,5.9960245450347305,Highly Active,3
4006,64.14727953477306,95.79928160237644,3259,7.504167642019981,Active,4
4795,74.7392890061754,99.97081871481984,5121,7.152187904145045,Sedentary,2
3779,79.64282624348094,96.64152579751828,5302,4.480088498295709,Highly Active,4
3799,88.67263480327796,99.3740179831582,13724,10.325868545111136,Active,4
4618,81.02479385579456,100.0,5165,6.440656803094602,Highly Active,1
4324,100.816561449048,98.58912424097792,1409,4.443695277111002,Sedentary,4
1389,63.02606687641309,97.41665029372028,5812,7.474122312382141,Actve,2
2617,62.4048413073572,98.65914719633862,8072,7.923868802654677,Actve,4
1255,69.93018112071178,98.61673839978565,8006,3.965237322502504,Actve,2
2838,58.285446230527015,98.63053574068624,2489,7.905588176397565,Highly Active,2
2944,67.59369912207652,96.36045067816951,9397,4.771655830074681,Seddentary,3
3497,89.63608417163161,94.52481248813255,1250,8.027391366455774,Highly Active,5
3871,67.50426492501441,96.876947590072,6227,4.033165422310669,Highly Active,4
4322,98.7264555444222,96.15013287229104,6528,7.252789744671223,Active,2
3492,102.27941658053352,100.0,1015,9.196342869131302,Seddentary,5
4136,76.68542303615781,94.3164783106104,10307,7.212189804665917,Sedentary,5
2262,73.89434228804812,98.14258410270132,6357,6.506602334056443,Active,2
3224,79.37044673975657,100.0,5612,8.202754315154815,Seddentary,4
4353,70.56963970967708,97.02538172080382,1333,9.378438210871543,Highly Active,5
1062,63.88883071666433,98.98921020275586,8002,7.7772407489731314,Seddentary,1
4925,73.16174353621555,98.28946997116148,16209,7.75332852074825,Seddentary,1
3842,90.68991685438525,99.55225929559084,4963,5.060412528437176,Seddentary,3
2484,71.87803376183244,99.64062027424474,4906,5.6368499771919165,Highly Active,2
2633,77.84866349158722,99.28712162619848,9232,8.300281509810866,Seddentary,2
1404,74.08517720367959,99.10618294833236,1815,7.702184213030086,Highly Active,4
1517,103.2069427522227,98.80402500021988,2439,4.551855939596621,Active,4
1475,78.33803761709234,100.0,2401,9.411917964985356,Highly Active,5
3000,84.88240867189803,96.70311296955003,18012,8.09708039232351,Highly Active,1
3818,81.70018404704841,97.60164155560574,565,5.704649801208706,Actve,4
3724,63.519810480198075,97.29140758215506,3689,4.732504647348501,Sedentary,1
1713,68.58539695224621,100.0,23719,4.456872720333685,Seddentary,4
4529,69.21778710254738,98.08497810085365,148,6.0457483338346405,Highly Active,5
2168,82.92485184781596,97.14936223397764,131,5.310596930644575,Seddentary,3
4156,81.53180936704175,98.2976228158099,6299,5.833352173600484,Highly Active,2
1983,78.01748382467274,97.7902134211275,4236,5.269282757071,Sedentary,3
1448,57.213534772658555,98.5506132303112,10597,6.002019806330243,Actve,4
3081,63.427039482680115,100.0,3357,8.057798842759711,Sedentary,1
4143,82.04188243297564,98.034560374917,270,6.511416190873505,Seddentary,1
2574,85.10595732413277,99.47949431013508,609,6.251909226823539,Actve,3
4962,71.22844871289759,99.15866827305877,4337,6.691821473359201,Seddentary,5
1267,62.31714912621933,98.18654245378391,10300,8.813016777341286,Actve,4
2984,72.90394676739344,98.15495331225928,924,8.629655997436434,Highly Active,4
1388,83.1091680594293,95.65350594739805,14749,7.13090572105228,Seddentary,1
4037,65.05794042541075,100.0,511,5.406782119679224,Highly Active,3
2848,71.23773348589938,95.7385743499683,8777,5.396012795632573,Actve,3
1623,81.27546739766031,100.0,2905,7.177100916533147,Active,4
4374,88.95723676385288,98.91779412916,7353,6.075834412196219,Highly Active,2
3966,47.50940680565138,93.0576528049123,42012,6.18918427325956,Sedentary,5
4278,69.04250739215637,96.56482367869664,9152,6.247767455502002,Sedentary,3
2252,68.04925937928407,98.87152609758932,11114,7.881027611149999,Sedentary,4
3900,63.350818790378874,97.14218750176528,6957,5.260325097039446,Seddentary,2
4981,93.39093050467426,99.31217604936312,3214,6.845582448700139,Highly Active,2
3122,53.87807523224171,100.0,963,5.717441193126339,Actve,2
1434,56.048272128782415,94.3935275596645,4697,4.538800018872659,Active,1
4493,67.84699795914796,96.46445890716514,16607,6.700836554301586,Sedentary,1
4775,63.05926724948648,96.8711805569712,17655,5.861270236487703,Sedentary,4
3853,95.80515592516193,99.31300235968192,11140,7.77744475676673,Actve,1
2329,63.03209146707407,96.4551529080348,5381,7.032002016868751,Highly Active,4
2358,77.67701351185593,96.86093549531692,7609,8.532904207484671,Highly Active,2
1446,57.66388089598513,95.04361092348776,807,6.247938034029167,Sedentary,3
2331,80.96436140058556,97.63313194557637,3880,7.790557415743761,Actve,2
1248,81.95998693574778,98.1492858763402,4208,6.20676000442109,Sedentary,3
2358,91.74211519396404,100.0,7173,5.779618456581322,Highly Active,1
4634,96.37340514958248,100.0,15073,5.633048595003581,Active,4
3180,57.766603979097155,96.47707931971792,10505,8.573122561716005,Highly Active,3
1137,76.28843918474226,100.0,2966,6.9033106038839405,Active,2
4472,62.02942607160048,95.00436992071012,720,8.534538090228452,Actve,4
2353,48.2979487815623,97.45213192593634,22223,7.93590661863006,Highly Active,4
3832,63.123333352229906,97.03744028482512,3945,8.134400859196795,Actve,1
4579,72.29100457858307,92.5772892417986,158,8.951708332414036,Active,5
3100,91.03694154111447,96.95976548046924,7782,5.893547587109915,Sedentary,4
2473,71.14382303799268,96.91750574836485,344,7.321543899876031,Actve,4
3173,72.88554697031249,100.0,6309,5.4559832443052,Highly Active,2
1042,92.7784154112886,96.54837307068529,5196,8.93489565584273,Highly Active,5
4823,99.2117177414142,96.36772324635784,3057,5.380223355852476,Actve,5
1760,56.469550869400635,96.5320270039554,10743,7.041979672749567,Sedentary,1
4734,69.74555831933998,98.18449611972147,8858,3.8284858195003215,Active,5
3895,57.34678019352667,95.64205503469744,2634,6.168795851253485,Highly Active,4
3142,87.3113266629549,96.77578942738506,18148,3.882782220729148,Sedentary,3
2935,56.10017573695535,99.3938331055328,5392,7.354895380554626,Seddentary,2
4591,71.25747900180635,98.35988854676076,4156,6.6694823291420695,Highly Active,2
2719,58.21430432626737,96.82933560955708,8362,6.063510572559808,Highly Active,1
2887,60.69292130162019,96.7535385080864,2446,6.659978735557243,Active,2
4266,63.93418413462884,96.2563092439291,6895,6.220302957764735,Actve,5
1671,75.5744173087807,99.27195674909042,1205,4.673903819879079,Actve,2
1603,61.19633953647558,98.76295727836887,4104,7.596091009971559,Actve,2
4900,46.943286405354954,97.41858204090587,8295,7.660788449602333,Highly Active,2
3581,74.83061665851017,96.86610520834026,5360,5.266018316913858,Active,4
4584,85.91110702491288,95.98815633052789,1176,4.922657283340559,Active,3
3280,70.69952330211032,97.12647423731056,125,3.2383444141767246,Highly Active,1
4117,77.95372203610566,96.38562429611656,18496,9.498360336798727,Active,4
2968,62.15723318932581,99.13652220078538,4856,5.921437674385669,Active,1
2101,92.22814522534804,95.39125422066576,9632,6.489685569844592,Highly Active,2
4994,81.05169435018448,97.05619748166193,7298,7.961478503712168,Active,5
3094,70.70667228210411,99.46462625065028,20580,4.751068802124106,Highly Active,4
3878,82.25984196959959,99.46870242220588,2531,9.09570280109842,Highly Active,2
1336,78.0294921392601,100.0,17060,5.621879866386128,Seddentary,2
2280,88.28999962162253,95.63834919475345,1906,5.705304970624929,Highly Active,2
3055,44.43879519969515,97.39691313119026,4401,5.306425241477066,Seddentary,5
2715,84.26592363151494,96.41456273725402,4019,4.75302919205669,Highly Active,4
3766,84.39230570734775,99.91262439047816,5039,9.33730849763288,Sedentary,3
1725,70.94931083165943,99.39758448724544,131,6.049478675100156,Sedentary,4
1473,86.13232761417258,100.0,2192,4.878120313966239,Highly Active,3
4287,74.05193198321643,97.81407985409624,4904,3.7855054647871578,Seddentary,1
1364,87.66659922379331,96.21085739273258,5758,7.416034266485579,Highly Active,5
3713,81.14228186825397,95.83608284373148,32,3.9160293294926993,Actve,5
1525,92.63721335123452,97.00318189635672,12902,4.647620755657388,Highly Active,3
2030,70.93424745696184,96.53496913493176,7599,4.732886631627975,Seddentary,4
2646,94.05222632949668,96.50767592663524,516,4.513996266488566,Seddentary,2
1918,107.00395919311217,95.89313080731252,324,6.299467370403668,Actve,4
3797,67.67503830983928,99.05913779086198,1894,7.46172889796058,Highly Active,1
3410,107.21299699169978,96.84337480571428,7702,5.863822977548688,Active,1
2531,88.03389843426758,97.30788809766436,962,8.915062802255957,Actve,4
2215,81.16671211970967,97.96392060128764,775,8.209800215237424,Seddentary,1
3075,88.89672220237479,99.89280770052636,9986,5.573581337524272,Active,3
2296,75.679356709423,96.49195422538098,5845,6.682387870177498,Seddentary,4
4545,87.73731456120309,100.0,8281,7.753953864740012,Highly Active,4
1125,71.39362298024469,96.56223260098164,2864,5.82779161440477,Seddentary,4
3192,92.6091848655209,99.18888148053934,10855,6.593273859019777,Active,2
4596,77.25324621380247,97.0014425092785,541,6.860195762327976,Seddentary,2
4283,96.42253899349927,94.82526909720735,6658,5.376475323583758,Actve,4
2603,73.67782621553373,100.0,10768,4.4108043136895265,Sedentary,2
1066,69.93346327363456,99.62069180327757,1783,4.457001318290706,Actve,4
3156,63.30438836153787,99.67667634840028,8575,5.243747322482914,Highly Active,3
2169,83.90332708260176,99.77285743634046,5671,9.612067852539523,Active,4
1110,54.5980857238757,97.78214079107812,12772,5.380589468559802,Actve,3
1622,82.48677972190855,97.32999889484525,10956,4.143426732672019,Highly Active,2
2489,85.10179662473922,98.66071846844322,7160,5.319121665845746,Actve,2
4440,91.94005188244648,95.5970860453604,11389,7.464936849894926,Sedentary,3
3660,64.35976131259739,96.47872937948544,3716,4.585968828839441,Actve,1
3739,71.23031744639262,99.93984287171232,35250,9.415349306626144,Highly Active,1
2305,98.62868410153644,100.0,2579,6.9155075994220105,Highly Active,3
4514,63.688798279001865,99.50950828692513,1688,6.46871885519198,Seddentary,4
3910,107.5052560872688,99.523898683273,1228,6.405565237303613,Highly Active,4
1876,82.6793431432667,96.18214416847644,5788,6.616435255171874,Actve,4
4448,85.09906567440224,97.57767937992452,1208,8.448942868332624,Actve,3
2733,75.2722614924117,100.0,5041,8.590192220536188,Seddentary,5
4517,63.838290523407835,98.44491102559994,6823,5.731340306508733,Active,5
2630,77.27672352610041,96.3475196449653,15899,7.6762394526336895,Highly Active,4
4735,55.65548238247084,100.0,8277,9.49952858406309,Actve,1
1758,95.57128502856298,98.23521373240835,8734,4.311335204659673,Seddentary,5
3946,93.18676426415227,95.62140008860544,558,9.340856251178614,Highly Active,3
2063,70.83712483290135,95.9045263454328,164,4.766389198610286,Seddentary,5
1919,61.46935828050733,98.01490513774291,12609,6.824249654263702,Active,4
1467,41.89153192235964,99.2601130192706,22173,3.951138371640433,Seddentary,5
2755,77.53993665995813,98.75051973077274,1050,7.359943152760927,Seddentary,1
1074,64.54778639364498,100.0,385,6.778583879321448,Active,2
2870,86.31689584995455,96.09372341352504,3145,7.445191051502848,Active,2
1117,77.69895467717008,99.14229119641236,5019,5.34538022909789,Highly Active,3
2629,83.69411025206898,96.90066668693926,553,5.710139149608143,Actve,3
3621,61.78796503705676,100.0,2995,6.544578847991599,Highly Active,5
2464,95.48510526715704,100.0,18648,6.846847854492064,Highly Active,2
1846,80.55516734173976,98.81564770413424,4243,7.855195413438468,Highly Active,5
3762,64.78662640170174,100.0,4751,7.348230358065023,Seddentary,2
2433,55.4081886170287,99.46900973467216,11885,6.427182180401483,Seddentary,3
2141,86.57803969113515,99.74870953276468,10150,5.734020331992594,Active,3
1723,57.38658105326456,97.17109158282172,1636,7.950007297138251,Highly Active,1
1224,89.88412094159807,99.91811809302776,14193,7.966915671991242,Highly Active,5
1531,56.580162250791126,98.41135332323128,715,4.429295199254065,Highly Active,3
1112,68.33531713744627,99.93906985348436,3382,7.886863411035295,Seddentary,5
3137,110.70422055343003,95.49271806582728,10970,7.681517409304274,Seddentary,1
1319,74.48021084454507,100.0,1464,6.826061672311417,Sedentary,5
2828,78.37274083057949,97.37223486740572,4352,7.687868645803315,Sedentary,2
2917,64.05039907384929,97.30464469110132,2371,4.835622426564231,Seddentary,5
1138,58.13501012160775,99.7908787072567,7692,6.7861203448047105,Actve,5
3892,60.02384339945026,98.8407539576542,3069,3.4993035576955296,Sedentary,1
4744,54.99882920794742,97.2567724126654,3425,5.104820837451129,Active,3
1901,85.07695417779371,97.55469349741816,8016,6.022062392219524,Active,3
1689,40.0,97.25409936143332,2878,5.319778661263722,Highly Active,5
1009,96.20294707643772,95.57784284088358,3873,4.697414788424361,Sedentary,3
1260,71.67422259282326,98.21601696303924,32866,5.785766907296126,Highly Active,4
2619,46.040216478982195,95.69037435922834,89,7.594288417287938,Highly Active,3
4621,207.43024338048195,96.68808281147268,20577,8.049854248644627,Active,3
3038,80.41393084485217,98.15376281362116,20112,6.60816396938957,Seddentary,5
4490,90.72974841710308,95.56632189438643,1069,4.699076616413016,Active,4
2118,75.40146596628358,98.61422254411578,486,4.96914758187683,Actve,3
4888,79.61780165440054,96.94585957002748,3615,4.666943265160683,Sedentary,3
2604,52.781464325385535,99.04241397261292,12903,6.374137012206616,Sedentary,1
1235,88.72425987808874,97.61116782155736,239,5.150924440639788,Active,3
1333,84.84809073204039,100.0,632,5.759760204973399,Active,4
2908,90.3412999300597,95.74631202546146,3672,10.167755751623089,Actve,4
3560,40.0,99.5354669124735,410,6.3855951059637865,Actve,5
4391,93.27673590178708,99.63351788940764,881,7.459708612076911,Highly Active,1
4643,80.96382559276798,98.38197501110037,177,9.47595522717864,Seddentary,1
1872,80.04551089150287,100.0,23576,6.117165676053739,Seddentary,2
2851,54.01447055114163,95.37055551592437,3115,6.056809034732881,Actve,4
3845,90.96803770845588,98.42970183173564,9736,5.5186621252869745,Highly Active,5
2314,42.66471360576928,98.50606307612452,26609,6.986290294035,Highly Active,5
4236,72.90168085983015,99.60547838558143,2034,8.025326284045887,Active,2
4450,90.64364093377336,95.33533192295636,1500,5.8119374361711325,Highly Active,5
1077,86.30340037592599,96.8887753862115,1807,6.566106305903488,Highly Active,1
4481,103.54969622136367,99.36963590026004,7044,6.3123947889258405,Sedentary,3
2772,68.6911269833994,99.18149742381328,137,6.9876627929547075,Highly Active,1
3343,95.6919137445252,100.0,3750,7.975183175263966,Highly Active,5
2318,83.08440421556352,99.06844015388958,3657,8.683345730350013,Active,5
1615,82.74514500816085,99.80784302836342,10995,8.274560299321598,Seddentary,2
3847,87.7844017545101,99.14455701882406,1158,4.224030987180658,Highly Active,2
4762,74.11963270606029,97.78595790061163,568,6.2608071742576925,Actve,4
3469,66.5267992991287,95.31301402829196,1107,6.93387346617174,Highly Active,5
1574,56.65600868031159,96.52020616603664,5082,8.091660597444601,Active,4
1502,56.92238219274415,98.7746081491902,8582,8.986685575512212,Seddentary,2
3665,61.9848556813225,99.61794257522786,1935,7.496149896028287,Sedentary,5
4110,82.70728835664585,96.15919194648043,11265,6.201175821050619,Sedentary,2
3626,96.06767712635094,97.55837198734548,6037,8.525881338285089,Actve,3
2202,80.89880595996705,98.02492978327489,10732,5.5254006819713615,Highly Active,3
4571,112.91577718572796,97.92504327673092,5631,5.839712421170852,Highly Active,5
4086,67.04153143295018,94.884244346133,4783,6.424855154762039,Highly Active,2
2646,102.49255038043626,96.09755996310362,5449,7.17338607862472,Highly Active,4
2692,40.0,100.0,2224,7.821849210128791,Highly Active,3
2312,83.57978042807241,98.95280067861356,264,4.506131407098872,Active,1
3035,84.7089773155754,100.0,9965,6.664531886084542,Highly Active,4
1477,80.60379074919707,96.227413056177,17353,5.025243976703746,Actve,1
2254,81.58596488779101,97.99125535997858,4587,4.504861904794525,Highly Active,1
1922,82.84823237899181,97.60528746263287,12736,6.986354731896211,Seddentary,4
3204,70.03890620269352,94.63732288136237,18645,7.240086986225816,Highly Active,5
4068,94.5341378661715,97.36940053135834,11275,5.122264037340094,Highly Active,2
4044,101.16576927263986,97.98139885670844,3552,4.91660427237842,Highly Active,4
1950,49.13880452062571,97.3974238661808,63,6.822035252258921,Actve,3
3336,80.64466244600031,97.22226666746155,11257,5.285313553473472,Highly Active,3
2277,57.66560816226756,98.79546425086087,8154,5.250872404019848,Highly Active,2
3645,41.91982744979009,96.7686380383538,10977,6.875273025438016,Active,3
2857,91.30814192657095,94.9385639862546,948,4.942692866003029,Active,2
2658,79.56123969049054,94.31734031114624,14901,3.3202367299368,Highly Active,3
3853,40.0,97.40910397844816,9520,6.041576549124379,Actve,2
2932,67.93188662657711,99.35418105758612,6921,5.04192507827844,Active,3
4230,73.66454962450494,97.9363961571105,19802,5.188269352607173,Active,2
2900,90.81675340728738,98.18164630399114,6765,4.178417579174154,Highly Active,5
3995,70.62774430857418,99.1496027040274,4376,5.638086204227395,Actve,2
4228,60.34029017285593,100.0,8027,5.926230472644339,Highly Active,5
4332,89.67882920087712,94.38599871759769,5866,4.856988255493614,Sedentary,1
4228,108.17303114915384,95.95709494289626,9594,4.605746424810407,Seddentary,3
1129,83.48291987721812,97.90767933056588,3757,7.530982822252614,Highly Active,4
3802,64.01824491662285,100.0,1932,4.934762327384739,Sedentary,5
4363,85.06055188257908,97.75548920966226,13232,6.996687438162066,Highly Active,4
1793,40.0,97.25532618746932,163,5.165558078066532,Highly Active,3
1010,99.83274337000005,97.06500462917984,5237,6.178596716043883,Highly Active,2
2865,65.8905168783719,96.91265669472337,11491,6.8768986461460795,Active,5
3070,103.17559805203663,96.26024701590364,5149,4.3806481002651125,Sedentary,3
3443,78.6851126528246,99.15421802529896,14046,5.518879915272017,Actve,4
4005,71.41405380618843,99.18355507186985,572,6.116440447342046,Seddentary,4
1984,105.62781130294648,100.0,1836,6.795995390522271,Sedentary,2
4040,90.66896171067704,97.9136664545161,805,6.428656151219235,Highly Active,1
4531,73.92032094423917,98.18440300976523,4686,5.889649209393689,Highly Active,4
4055,74.18333863577963,100.0,32249,4.421775154391,Seddentary,4
2347,82.18862429781886,97.39050659449096,11243,6.351563947793734,Actve,4
4204,53.27330726517895,96.16412290281926,511,4.246795024956253,Seddentary,5
3935,80.52964710674621,98.08921549239328,7445,6.299796227920212,Sedentary,5
4056,78.29980452422264,95.42845592952948,10962,6.818327702534305,Sedentary,4
2928,54.566276292064,95.83386630401246,15691,4.599412628567759,Highly Active,5
4100,57.00785162115166,99.2987228933954,11957,5.227804592046441,Highly Active,1
4368,63.21737719812579,97.14179833990296,11321,5.980345973750934,Seddentary,2
4797,79.91413437512853,97.4235216882255,4283,5.860973673921069,Highly Active,1
3826,55.504059448268094,99.07669455037026,6552,6.688462561854642,Sedentary,4
2430,53.259443507161365,95.32397879677616,12126,5.480253477574606,Active,3
2792,77.50755019402459,98.40288369694892,5173,7.152470835017195,Actve,2
3708,106.13679331862993,98.63715036098289,7192,4.675662543986048,Active,5
4507,77.57706736074006,100.0,8388,8.982503003708056,Highly Active,1
4874,84.02415723881339,100.0,310,5.907405132381223,Actve,2
3291,90.3352603349465,100.0,4248,5.8865090458171725,Active,2
3122,79.75019489684975,100.0,8778,6.164192868837851,Active,5
4877,78.97377505838791,92.8878460996044,14250,7.632229635050274,Highly Active,4
1385,55.68459279201884,98.21873525329062,16854,4.527136539234055,Highly Active,2
4281,95.60382164006135,100.0,15721,8.172835781167658,Seddentary,2
1474,71.96974922037451,99.78899962518898,10125,8.517450231728512,Seddentary,5
3394,68.3239335129681,100.0,251,7.786258387671923,Highly Active,1
3687,42.27401654548287,99.29949200222406,6183,5.889228859652209,Highly Active,2
1938,72.35338623970537,95.97650991783064,5161,7.687473083553838,Actve,3
1954,76.50015749012707,98.303607138092,8343,5.865791864177935,Seddentary,1
2202,84.21971123564548,99.39725539200134,13586,6.133330754099902,Highly Active,3
1024,62.377486926910336,98.29936988747518,13302,6.159796465143172,Highly Active,5
2184,92.51191784567057,100.0,4070,8.509807028578763,Sedentary,1
4953,92.90223472894444,97.6233439449702,15729,7.07008223628346,Seddentary,5
2492,73.17633723371517,94.07921704948032,5598,8.116312295894843,Actve,5
4120,73.27144367099052,99.66807575976956,4383,9.03883316310025,Highly Active,5
1966,85.19834512059121,98.08331818650036,5990,5.75642743497013,Actve,5
2107,75.62980687801627,97.7373036431237,9848,5.480424428639404,Highly Active,5
4432,97.57982589029228,97.11471070766028,3821,7.307185780426207,Actve,5
1688,74.04249766910557,93.91965084102642,10495,3.698723442842899,Actve,1
4701,77.95756265976699,97.98519742963624,2269,6.937226752250159,Highly Active,1
1341,90.92016557629248,96.37687264765287,706,5.565325765226668,Active,3
3523,78.01837396531442,98.1026218244437,13324,5.85652713309959,Highly Active,1
2792,66.00597826669984,100.0,1323,6.063846396244784,Active,1
3262,63.33968438038553,96.28107383740084,5540,7.655528995693437,Active,4
4962,69.55019311041576,99.04637672684132,4845,7.523805494129733,Sedentary,2
1951,87.49072082895489,99.23607585629456,2993,6.777145479789535,Highly Active,2
3079,83.41258797132299,97.48928803733536,21984,8.237143708112827,Highly Active,4
1285,77.30385384517133,99.79781196598492,1037,7.956137122570105,Highly Active,3
4215,90.16771240181862,95.66611004278272,8282,5.098867193769773,Sedentary,3
3065,55.798906389797125,98.19370514561288,13450,4.6989043060339615,Highly Active,2
2394,89.53834198789238,98.55293493746946,22,8.062445178723403,Seddentary,1
4246,81.88144193961261,96.65787231953053,25104,6.206466437841258,Active,3
4057,102.07443784622032,97.00142138371932,9836,6.694945677536545,Active,3
3549,75.62112401209964,97.04308952734684,3969,7.446747132475661,Actve,5
1987,86.85706097752386,100.0,5418,7.251705762936483,Highly Active,1
1946,69.21075960155082,98.29490561576864,29778,8.540200596771104,Sedentary,1
4335,84.76780678354086,97.12069152702976,1897,10.047931927232463,Seddentary,4
3972,74.11200417518145,96.4499030979154,6326,3.595720379488328,Highly Active,1
1054,79.42689829297936,98.44082670515463,8209,7.79871178232619,Highly Active,4
4942,83.81726346686563,100.0,8179,7.208949439027773,Actve,2
4714,50.98097810271652,100.0,45,5.819962796870646,Highly Active,3
2481,71.42840636264002,98.66416157484444,854,5.310669119862309,Highly Active,3
3209,91.10829624222104,95.04767428896804,12130,4.9875484192759245,Highly Active,1
1054,110.87741579463022,97.51566703414665,712,5.819937936972229,Actve,2
2201,84.186715878249,97.77083074072284,13272,6.449285954998332,Seddentary,1
4420,70.9218775213582,98.05322555783916,3911,6.887058195798088,Actve,2
1832,64.30768477733649,100.0,19055,7.047935072964364,Highly Active,3
3007,59.42018379707882,95.99286806851372,2238,7.4590657895181245,Highly Active,1
3808,40.0,98.14775152016064,16307,5.630068738682355,Seddentary,2
4122,60.661010686423346,99.10089855827717,3427,7.124757540671653,Highly Active,5
4054,66.95803253990516,93.31542663941906,2989,5.197105397105084,Highly Active,3
4489,61.983719029688565,99.74794743768028,6958,7.055441459563218,Sedentary,2
4874,69.86051785484715,100.0,4256,5.405545026691714,Highly Active,3
3143,47.69834538281013,94.38606766820538,5240,5.7487144973906235,Actve,4
4149,73.45629705355122,96.67096381073516,313,5.329190091830964,Highly Active,2
2311,64.9210901311267,96.12486722907256,7306,6.8042957890023645,Active,2
3861,71.77423563881034,99.48983779766913,1886,5.793425291243358,Seddentary,1
3538,62.59130911811904,95.96187239508892,1668,4.754664117774684,Active,1
1451,70.53076225700306,95.64963299399535,538,7.261559420282963,Highly Active,3
1909,62.61578879547892,99.58477841729648,4011,7.007600993258723,Sedentary,2
1943,67.7670243429123,96.95009903536658,535,8.307445636084948,Sedentary,3
1329,54.51490597502182,99.58201560500748,1039,8.509721578648417,Actve,5
1774,76.32941194152602,96.84651426566028,6035,3.3965143877869357,Highly Active,5
3198,75.95021891467668,96.81802230607342,2451,5.353709244960645,Seddentary,1
1146,67.74491100219578,97.64067587313524,9333,5.299083387528963,Sedentary,2
4452,75.0579890224815,97.40667004810771,1017,3.860722964322612,Actve,4
2571,81.8349141144117,98.17458656399523,4395,6.61020464385666,Highly Active,2
2308,65.19866431877648,99.92509059151962,1523,8.43696209324632,Active,1
3747,63.78727764749863,97.23341385110253,57,5.42523144787701,Actve,2
1081,77.49825386405112,100.0,2148,6.81983120043988,Active,4
1513,78.90384845435477,96.55152467779725,1696,8.778615386889324,Seddentary,4
3862,71.07957124810328,98.93949577646735,13806,7.14448606762397,Seddentary,1
3756,73.41327802682781,97.96110013748915,1899,7.54899805862237,Highly Active,1
2939,54.20513878832388,98.02873775340396,1766,4.171922221070349,Highly Active,4
4594,96.72599134877794,96.23945821080314,3434,5.718353839354402,Actve,3
4070,85.87252048004319,98.31876846706264,20537,3.4285619478455827,Highly Active,3
1706,80.99853982091965,94.19863398308432,685,5.616923977801794,Active,1
1470,71.4391443911027,99.13215504767788,5697,9.582907992993317,Highly Active,3
4190,69.55896347716607,99.25284600587732,5399,7.155314526055635,Sedentary,3
2279,74.50889749845676,95.52714398744372,6933,8.657417469063768,Actve,5
1592,81.21668175498279,98.08796265830524,11712,5.331022453061091,Highly Active,4
3761,95.5967376279973,97.4091761276882,14084,3.5694289564049484,Sedentary,3
4229,55.98569715446186,95.2414215425492,2695,5.820769095075995,Highly Active,2
3106,76.40585319490107,99.6684538468704,248,5.15245128507544,Highly Active,1
4953,70.57939232829523,97.75492552217236,17484,8.248613693747684,Highly Active,4
4186,61.254982406114486,96.69630592590153,2803,7.773913493686386,Highly Active,4
4280,63.37353909306926,96.08485182446115,1774,6.361452236436528,Highly Active,4
3573,55.01639181832767,99.24346265123188,2029,8.220688032876732,Seddentary,3
1520,41.29045335563638,100.0,8081,7.841090697903812,Actve,2
3599,73.25109866841409,100.0,9057,6.250852234114347,Highly Active,3
2304,79.70501546397124,95.77007882448925,1920,6.907561265204313,Highly Active,3
4430,89.76423975364813,97.7401607194469,2734,7.322092770254415,Seddentary,4
4306,87.69074022700774,97.07248281258757,7116,6.545910561942432,Actve,4
3541,104.19845880764493,100.0,13848,7.6823534482994305,Sedentary,2
3657,75.40617057373856,99.39102310057535,30680,2.5181624516827483,Sedentary,1
3089,77.82516489548811,98.43904932981178,2293,6.040913494407126,Highly Active,2
3081,51.22410847598941,97.63182093710545,17376,6.900345981018022,Actve,1
4088,90.02468129490536,100.0,1180,6.07036037943714,Seddentary,2
2700,59.37709998780085,98.52507802043378,1778,7.66450401321427,Active,1
4224,58.03314769859253,100.0,4077,8.343688687183207,Actve,4
1587,69.48414089143103,99.26441801751584,2777,4.31531366733941,Actve,1
2622,62.37582633168053,100.0,480,8.587279628979816,Actve,1
4945,90.62924840761794,98.18579388035786,1735,5.207449460028062,Actve,4
3074,95.2699582066148,99.78557173134772,25833,5.92430591876002,Actve,2
1645,84.8854293973887,98.38481756710397,4643,4.675940753696876,Active,2
1609,77.56686937594691,97.14382226323058,821,8.248640742298365,Sedentary,3
3315,67.62060606787736,95.141747061304,17,6.598145485344925,Sedentary,1
3040,89.69145528524733,100.0,2560,7.120722616420904,Active,5
1454,76.60865022594068,92.64469923620534,7032,8.256488570736973,Active,3
3953,61.796015407844514,100.0,6029,6.39553885735153,Seddentary,1
2708,72.6161751206597,94.78245628166738,4670,4.9484389489669685,Highly Active,4
4472,81.58478654945425,100.0,2090,8.730691446438765,Highly Active,4
4028,86.0692336162767,98.16656580621644,4103,5.8606789816061555,Actve,1
4547,54.388612543626195,96.71643235338097,730,9.574412260507309,Actve,3
4629,60.264720317258664,100.0,6768,7.539919253134948,Highly Active,2
1129,61.588772251262824,100.0,4238,6.290497809962371,Sedentary,1
4067,80.24896259976539,99.61133890869236,4372,6.121956876933638,Seddentary,4
2386,88.13436329680744,98.72911198191616,944,3.553942460808503,Sedentary,4
4363,85.13486806629935,97.77422210027188,96,5.102445338844391,Actve,2
1793,74.11303424460633,97.18349963452935,7730,6.505510856235575,Sedentary,4
1028,79.7580335573377,98.46676901119216,19047,6.030945306217486,Highly Active,1
1148,101.8444604495958,99.05797204404143,15693,5.442944744071992,Active,4
2319,57.79710492059424,98.50805991928353,20993,6.19836118114673,Highly Active,3
2136,64.1395034852132,98.15364480354978,6022,5.6772923183279005,Sedentary,3
2333,75.40047613553786,96.30540727294908,9102,5.967734530366572,Highly Active,4
1054,47.50936372375334,98.10362927559304,22211,8.710909830269516,Active,3
3116,71.91790848550627,97.74120917127816,384,6.485576853919349,Highly Active,2
4383,81.03969627714947,97.87065190010294,7601,5.495454678739138,Seddentary,3
2312,99.13571678253795,97.82309251448024,9618,8.422749611441873,Seddentary,2
4619,83.57675835373384,97.14764974629696,6695,4.620051609852417,Active,5
1750,93.26795272503334,99.8280693606826,4562,8.624073664193554,Active,5
4538,72.30881175010609,99.64561772885584,1557,7.068589523240631,Active,3
4315,105.13419766785196,98.94983713882672,18143,6.746127417556941,Highly Active,4
4578,77.99236497936137,98.15382673061532,3169,5.344146243986163,Sedentary,4
3026,78.01196870967838,96.81109534971549,24112,6.993311341430232,Seddentary,5
1153,51.881228639439826,98.6874799325399,564,7.605496116909098,Sedentary,2
3760,85.65417808764116,95.87976512993122,2282,6.807032063812014,Actve,5
2240,70.9695386545076,98.95667515508556,3972,5.6998080011915695,Sedentary,1
1060,51.195971037822915,97.21047739974534,19858,6.623012788532694,Active,1
2639,87.7901843449816,96.6464889531501,12565,8.246712394058138,Actve,1
4874,80.14423146163334,99.0899159079284,9675,7.291864092598087,Actve,4
4569,96.20359551637388,99.7855341386072,8223,5.952334356276359,Highly Active,4
2252,59.13134079570818,100.0,4385,6.800850711828037,Actve,3
1171,59.99220899477464,100.0,4582,9.05057043355691,Active,1
1876,61.07263108976199,100.0,13549,5.094456533343755,Highly Active,1
4549,68.55305343002095,98.07032357648109,1176,7.25856168664544,Seddentary,2
1101,96.60533917736052,97.59399975077532,1301,3.497280946802083,Sedentary,2
2636,80.89167289098047,97.26966504272612,2168,5.61281656572705,Sedentary,5
1329,87.41608483172702,100.0,985,3.5607613053865914,Active,5
4894,53.10277618898907,95.71357582965648,29827,6.361274259401498,Sedentary,1
2341,90.4976571205347,93.8466084143144,7026,6.391463588570729,Seddentary,5
1215,71.42062804172625,97.24432217039475,9116,7.051456624384117,Seddentary,1
1338,83.38982812235517,100.0,30884,9.416560516489552,Actve,4
2799,99.11903900395538,98.28101395657426,3927,8.596643493567473,Sedentary,1
3708,59.72003555086637,96.91913206111258,4177,4.9416691648381095,Highly Active,1
2750,50.172975519319955,95.30022278923514,9337,6.729361165009172,Seddentary,5
2508,65.52851654418842,98.15286956579492,10916,8.280752773157172,Sedentary,2
3421,78.08672156658636,96.67452482901832,565,7.285047198844852,Seddentary,5
1709,81.55567492693217,98.92270558488056,13969,7.214115098924582,Highly Active,1
1704,67.91483450320382,96.89593089163628,323,5.946470751427479,Active,1
2112,73.46608819395865,95.88854951815031,4807,6.8731611983907825,Actve,5
2291,100.18799497405628,99.83134577576008,27418,8.450359312347764,Sedentary,2
4642,41.805945308034666,98.41353960125198,6244,3.624989210326767,Highly Active,5
4993,93.20658417946238,99.56203631497888,4946,6.204425529534351,Actve,5
2561,83.5207823446797,100.0,5399,6.119410169527697,Highly Active,1
1777,86.27999292873518,95.33208160866344,1572,7.404517954085499,Active,3
1400,102.29977296718646,100.0,4547,6.2912717168099,Highly Active,1
2817,81.10394383393269,96.86054886901208,4817,6.34068202299383,Actve,5
4028,62.18854675240861,96.47848175944232,3787,5.509773649207866,Sedentary,3
1390,74.5979581938019,97.92975863635064,24385,5.62930888596785,Sedentary,2
4853,85.48902204194086,98.93481238003214,5985,5.220591134677189,Highly Active,5
4590,90.53743175957705,96.2527075193236,14848,6.1457968637971705,Highly Active,5
3930,59.62986905920779,98.44996464278522,2746,7.331389659832417,Seddentary,4
3735,61.31667248105812,100.0,4040,7.740398969836858,Actve,2
4911,104.10014113861402,98.94956608277812,1714,5.070082241097119,Highly Active,5
1826,85.89928821079845,97.1747753736352,6142,6.34896570656663,Seddentary,2
1726,91.94157075028104,96.3974330543938,411,5.173904846671279,Seddentary,4
4294,74.05706755720935,97.38528754210724,15446,4.522482268901936,Actve,5
1934,54.4509254320955,95.0289147336227,4242,5.4942721810755994,Active,2
1401,57.31112999556828,99.45671048741218,1724,5.82088918910763,Sedentary,4
2466,65.81453344908172,100.0,22914,6.17674576949486,Active,1
4597,84.5014834037814,97.3681487134434,35120,6.4734364798090755,Seddentary,3
4223,78.8302033161769,97.50066043590252,11796,7.290548321099722,Highly Active,2
4042,74.4360127070707,95.65593004632596,5793,7.356922554519474,Seddentary,4
1130,83.13436536278806,99.06570981070423,16,7.4874070975246,Highly Active,1
3983,87.76105572838648,100.0,7879,8.780154026078042,Highly Active,1
1182,70.62130017091862,97.68036462746936,1564,7.131070231888965,Highly Active,2
4030,62.07520180643594,96.70922233795008,4729,9.785139586287617,Sedentary,2
1363,61.7627795242923,99.71693636132666,245,5.038598385144944,Highly Active,4
1038,70.24497796407522,95.63365439853204,7911,6.5376214394755845,Active,4
4959,62.796665217785815,96.13152246357892,9642,4.899475832652182,Highly Active,2
4587,77.35141047652688,99.6192826045919,1990,7.995031583393145,Actve,5
4029,109.3445870822265,100.0,9960,7.807828479375389,Actve,1
1920,79.99047415054561,96.51543569979206,2243,5.55560963595839,Sedentary,5
3769,64.860660835353,99.10896396856567,3029,2.986036192891856,Sedentary,5
2449,96.2797650965922,100.0,2264,6.165441167572666,Sedentary,2
2131,49.47792841933193,98.09417207250478,8148,3.610228778649956,Sedentary,2
4521,85.70753089588679,94.78695157333976,8799,5.604694365785193,Actve,1
1310,61.5500602829532,97.71030753005437,4276,3.5752969626591407,Highly Active,4
1738,51.79990998375173,100.0,14386,6.748510180607689,Sedentary,4
1545,90.65904255634074,96.89032217418114,1428,9.660374705607108,Actve,1
3461,61.90560108748586,100.0,12082,7.742006888852183,Highly Active,2
1250,69.65359952658306,96.78377899945868,10525,2.9187635396145972,Highly Active,2
2297,65.21924642307117,99.8401583866184,13064,5.34265061477373,Highly Active,4
2914,90.96350721575864,96.99816662808232,9523,6.774714929611823,Highly Active,1
4110,98.74213907004588,100.0,12401,6.549969272569128,Seddentary,1
1028,77.0654344181097,97.28103839071504,3762,4.846352187766097,Active,4
3032,109.54289149751033,100.0,6546,6.379709272059998,Active,2
1476,77.71916698415336,97.69584549207605,5587,4.674333297748296,Sedentary,3
1317,60.14153476031417,98.33001876904238,2408,6.851049173865555,Active,3
1244,94.67904865052402,95.62919906344888,4136,6.586075202032085,Highly Active,4
1271,43.76198801343205,97.59043880384904,4600,6.481460166148834,Active,1
1339,88.18788279639803,100.0,9813,4.506034044559657,Actve,4
3624,84.9674922682284,98.23100844209922,12942,8.075428803712487,Highly Active,2
4760,82.9200793229558,99.59933518027717,4298,7.377430787492067,Seddentary,5
4500,67.82933743674106,100.0,1300,7.130156306017631,Sedentary,1
2981,84.43173149445477,100.0,63,4.647294615616723,Sedentary,1
1431,73.98014663542749,100.0,273,5.830290118515181,Highly Active,1
1704,49.49547626699041,98.75817771368358,2543,10.207778571196696,Active,1
1398,103.65184039897936,99.776863860198,4920,6.571504565619966,Active,2
3864,75.0732861139529,97.2117526840349,10690,3.541381813605536,Actve,3
4960,65.59796733642072,97.94364244456456,13528,5.028333082974751,Highly Active,5
1963,95.55767338926712,96.14173339441906,569,4.407027040459895,Sedentary,1
2828,83.31323607119415,99.17919701213648,23629,6.154465477248585,Active,3
3108,66.55984053647964,97.22368974694405,929,7.0632828506593315,Highly Active,3
1938,87.5883261166638,97.22034479136828,14048,4.436345112884069,Highly Active,2
4451,77.3366468380125,96.72813073338878,32860,4.133811673051616,Highly Active,2
1709,49.20087122096382,95.79555931112031,32251,5.063677968203989,Highly Active,4
4390,72.36594367894293,99.36283292121576,1372,5.5871078295545304,Active,3
4415,67.0216209699389,99.30650211112555,6597,5.262019240765097,Seddentary,4
2551,58.44239360974328,100.0,6714,9.55064990034684,Seddentary,1
4224,75.37915519722704,98.90689024010646,15892,6.1066409659372205,Seddentary,3
4782,59.14778728776914,98.76399522781932,4471,8.405476040006395,Sedentary,1
3611,76.18092325554302,97.45625514614852,10124,4.85909276494859,Sedentary,4
1771,81.0248065101067,100.0,7067,7.968493283719413,Sedentary,3
2607,99.8142638169785,95.70864039195833,910,7.921633084907549,Highly Active,5
2333,75.34416132020188,96.88543609444336,15715,9.441704370571015,Highly Active,1
1884,88.39576477706036,97.51382744909422,3150,7.99098910654646,Highly Active,3
4314,81.78914024467154,100.0,2601,5.882972922123642,Seddentary,4
4178,60.601294724406706,100.0,1697,7.218766780245698,Actve,4
4845,100.21888139674762,99.01125139958609,3241,6.851852909006207,Highly Active,4
2796,93.71159443051064,98.79884534084722,9582,6.699912362163531,Actve,2
1053,75.34373982657196,100.0,3584,6.935155061757766,Seddentary,4
3736,64.959350876756,97.28180301865338,5644,5.084651093969516,Highly Active,2
2043,84.64470686002487,97.57084624523915,6264,6.8022892729275295,Active,3
2776,79.2923532584932,96.66703969749892,983,6.413271720253677,Actve,1
2596,59.61192717601573,100.0,33771,6.662685803072728,Sedentary,5
4561,76.05941743047512,98.01484316317335,514,7.665374054803435,Highly Active,1
3466,77.7232816656578,100.0,551,6.241463927543074,Sedentary,1
3109,84.22566902964039,96.46847465072122,25297,6.999156216694995,Active,4
3263,75.23607869598477,97.81446190009832,8236,4.56297687256146,Active,3
4810,80.92063421404644,96.78761001517756,5035,6.9266402365101,Highly Active,2
4191,63.63355349365686,99.41953640326052,16630,5.988167227964725,Active,1
3030,105.56478746358452,96.2307424762516,15871,7.780591653123316,Seddentary,1
1579,73.85615555526105,98.88073916031234,7536,5.964343057119229,Actve,5
4681,90.48776209801171,96.34377221644378,12608,8.625803062882014,Seddentary,5
2640,71.55471422698935,94.70423728575466,261,6.284433712228953,Active,3
1951,87.42100476875319,98.3589474092375,5124,8.760902344252498,Sedentary,2
1920,104.38374936123516,97.07756321110396,11730,5.882680981096854,Seddentary,2
1520,85.78424365514033,98.41928728759731,1651,7.261838933318327,Active,5
2486,103.67720384840024,97.85475700206644,13738,6.5161426356068315,Actve,1
1039,89.95974121775801,97.06998331634416,8952,6.025239761388985,Highly Active,2
3274,87.53656085766214,99.04365890325396,10163,7.704262279691771,Actve,1
2418,65.03140179275013,97.94162693161998,7017,5.82128740628131,Highly Active,1
1954,111.29198523360816,98.22193360889553,5256,5.415289438011043,Highly Active,1
1974,77.87182666687244,98.6275313468736,1481,7.329886140296625,Highly Active,3
3375,83.09410252546488,100.0,1803,7.39272941759465,Highly Active,1
2274,55.35113520050854,97.59617372585556,2621,7.779144254534955,Seddentary,4
1913,52.19355221783821,100.0,22410,9.238838212933103,Sedentary,3
4387,88.2354963636374,98.79631100254626,15,2.7104344183031213,Actve,4
2711,209.77392353062743,97.8527807354974,1786,9.403363125752088,Active,5
1795,62.774813357324035,97.13198555112764,4335,5.013713983542958,Actve,2
1592,74.07531109796722,99.39102641732592,1140,8.048804571732372,Actve,5
2137,75.643283988366,98.27498682464848,5795,7.461835360872845,Actve,2
4111,75.47658338904475,98.155010886149,3683,7.254796181677502,Highly Active,5
3271,58.427906117295635,97.80360861033984,15775,6.693975234108693,Actve,2
3745,75.03701493858057,96.6147712010379,3917,8.450587123012012,Highly Active,4
2346,62.10831421746962,99.3326903071775,13856,8.023528804050555,Highly Active,3
4111,77.96122262749502,100.0,3315,7.898578912145378,Highly Active,1
2889,78.0580879124192,96.07264261907883,1641,6.843988518542226,Active,2
2996,81.85586095060721,97.56851463574247,2470,6.604336427314484,Sedentary,1
2285,94.13897978791088,99.13822691261608,3677,7.061529319600709,Sedentary,2
3139,82.24017612143903,97.65398138393738,2617,5.416503218934029,Highly Active,5
3400,69.95794891125878,96.77722855445944,13063,8.10505876996599,Highly Active,5
1362,59.041731547479664,100.0,413,5.696260105724793,Seddentary,3
1355,50.47702145167579,97.1784732401663,550,5.766339745317852,Highly Active,2
1190,53.80347537401149,99.74013612020865,7954,6.342583480467598,Sedentary,1
3180,86.13944990871184,99.03666454035904,8023,7.377510160764542,Active,5
4818,91.4373725397626,96.67334816877806,686,6.476087114775067,Highly Active,4
1556,83.33505754286267,97.7220205977842,13594,9.5746202378953,Highly Active,4
1425,43.76731383407483,92.28299628754594,3069,6.116159844828475,Active,1
3719,54.56633684212444,98.62350473985111,903,6.3750113742083006,Seddentary,1
3410,61.10156097027786,100.0,4519,7.524896021669141,Seddentary,3
4508,71.11966571917641,98.85855747205076,3647,5.457647880321032,Sedentary,3
4741,63.87671094057779,100.0,3903,2.8493867529190773,Active,1
2574,62.20481154996262,98.62406549402992,20104,5.9853295270399505,Actve,5
3129,67.61688313547933,99.68140254022822,33480,7.701921786541731,Highly Active,2
4329,68.70215713328449,97.1019647917193,12937,7.51264901635251,Active,3
1588,59.53376521783728,100.0,620,5.9375996162861435,Sedentary,2
1294,53.7977659530828,98.21073307947022,18606,5.660097380591928,Highly Active,5
3064,65.33119594249538,98.41971201294638,1983,6.281400608978679,Actve,5
1359,93.3589852329919,100.0,1682,6.6459067371167,Seddentary,5
4294,62.088116943719584,100.0,945,3.5025252880114244,Highly Active,2
1447,73.20241444670934,95.60041793565196,20902,7.860273605317536,Highly Active,2
3903,85.30475530104607,97.12599275200913,17881,9.794109683655831,Active,1
3412,70.95808636800747,98.32933773458258,2219,4.3209961823967,Seddentary,3
2256,51.641179910829166,99.14303384556624,6810,9.28895370320568,Sedentary,3
2247,77.56649380957313,97.05847328272718,5371,6.07081839099042,Seddentary,5
1993,88.15651503788936,97.25456561664402,1738,4.779115701581606,Actve,3
2245,56.56441947087052,98.26948012145606,4889,6.205596153551943,Sedentary,2
3084,70.33689277684567,98.59672376919602,565,7.03448908142719,Active,1
2887,82.984293816209,94.40914594398784,8712,6.873867820781548,Sedentary,2
2265,102.53370656784126,91.51402594087308,1015,6.769490710476727,Actve,1
1917,78.26033691167956,96.32709894536224,15933,5.5471597697895785,Highly Active,5
3752,79.54267258900846,97.08978453180234,4498,5.966324565568488,Sedentary,4
3353,87.04448525711267,98.15981903508654,3740,5.3335450451587745,Highly Active,1
1686,86.91137308749688,97.50919205764131,11860,4.578326903174844,Highly Active,1
1284,72.11320677358621,97.8590894406229,21529,7.494284383264404,Sedentary,3
1715,73.30985247897802,97.02005860671728,11628,9.227963942363653,Actve,1
1947,92.066257887432,100.0,1801,5.766997185374737,Highly Active,5
2030,74.37009223157098,100.0,3069,5.561163851985823,Seddentary,2
1028,58.19048947194459,100.0,11668,2.725527243132308,Actve,1
3926,74.50464380434622,98.1261436936378,851,4.281639497675218,Highly Active,5
4999,66.34854499042632,100.0,15366,8.943848807554255,Active,4
1569,90.14545080380256,96.2233703738721,2448,3.382161004959668,Highly Active,4
3006,73.859140066097,98.17567642103724,1440,7.748275599007068,Actve,1
4553,69.35413492842748,97.58779058707684,7045,7.681315497020631,Highly Active,3
2453,53.83398966239355,95.42835370591372,1281,7.401843354513981,Sedentary,3
3000,70.79914018223302,95.72270358701508,6334,4.145453340867375,Highly Active,5
4170,58.227282866807144,99.09899930559136,7648,6.921692238932163,Highly Active,2
3444,86.78166945082762,99.37189667189948,2974,7.205240702911591,Seddentary,4
1038,83.89016860892754,97.89888803054568,12707,4.245297027538364,Active,1
4342,90.42960915109622,97.86363977614312,17367,8.942401838731548,Active,5
1886,70.14936231143292,98.69093638079974,6885,5.697790738915697,Active,2
3844,64.69614876810967,96.8749290016498,1739,6.189078080365614,Active,4
3204,82.12676930007608,95.74569173764388,9661,8.137140779749583,Active,4
2098,99.03637718439607,96.19585598923784,798,5.647540111774637,Sedentary,5
2710,71.51861296465974,95.94612584949108,483,8.325219300796741,Highly Active,2
4155,66.66442312823973,94.192190848397,6944,6.697848690723954,Active,3
3896,70.9596927499006,100.0,5123,4.455918611769053,Highly Active,1
3795,55.098656991833494,95.54954815322908,7601,7.074421902258088,Seddentary,3
4511,82.89701346922025,97.2784839569006,7789,7.458143786943391,Active,4
4675,74.30792451314339,100.0,5095,7.650053439992199,Actve,2
1988,81.5141724099181,99.8968240277164,6832,6.384806740355827,Highly Active,1
1020,54.16347030121287,97.34270091822414,5657,5.225915019859786,Sedentary,2
3350,88.24569483694486,96.08759981457064,7107,5.285012770012925,Highly Active,2
4845,62.50894644622532,98.99878182661668,8280,2.5561055269257436,Highly Active,3
2682,66.2253584556272,98.96442374205353,3391,6.137835393771139,Highly Active,3
1569,76.99637041132489,100.0,7302,7.807232843445818,Highly Active,5
4963,74.07674370491519,98.03053797561316,1227,5.874129914013564,Sedentary,2
4234,52.73205110316634,97.50956693932008,5198,6.075707046849618,Actve,5
4056,64.26442750917747,95.0204177073892,24749,7.892424193902056,Actve,4
4595,58.43092568766939,97.43675535160408,8007,5.458258510101256,Sedentary,5
4610,75.37238031241299,100.0,6210,6.270814488107049,Sedentary,1
2607,62.2384528748823,96.0152203660601,20999,7.04309222339659,Active,2
2680,81.33424694255042,97.18171731547798,3467,6.111979472607298,Highly Active,4
1590,85.52113792012946,100.0,11579,3.817162194185456,Highly Active,2
2709,79.49397349139417,98.53921149598152,1439,5.327569076601687,Active,5
4633,87.12551145086884,95.37903656204044,11837,3.3651534694456924,Active,4
3434,65.7963612091358,99.67951462150832,2434,6.085236341359057,Seddentary,1
1959,95.4645175424068,100.0,13854,7.185194949599054,Highly Active,3
2559,87.32100454284164,96.15509718725816,3021,7.119397197448029,Actve,1
4899,54.22314913973092,98.36179411059354,13507,5.864490476303017,Active,1
1377,69.60069744897012,93.9391822067823,5844,4.5975391135056345,Active,4
3963,73.17770804200524,99.11090424739368,2052,8.916853677306694,Highly Active,2
3253,52.51402903869782,92.36810504948566,3488,4.554555804683645,Seddentary,1
3502,90.87433767148292,100.0,4029,5.5020119618732,Highly Active,4
4965,76.13839231162281,100.0,2115,5.826238199933245,Active,2
2259,76.86063635370853,98.02362788387624,8566,5.466341342012861,Sedentary,4
2875,78.0878275477166,93.28766828905776,2480,6.858095643768163,Highly Active,3
2763,40.0,94.83852366535722,6305,5.6382409777606,Sedentary,4
2701,66.77305404135812,95.26575896932351,185,5.646909024640594,Actve,4
2016,87.68701783530503,95.99895497302224,648,6.786317772967793,Sedentary,1
4003,78.04141903614395,93.06320554794196,19066,5.9299104822020015,Active,1
2013,58.06622081029866,96.55667782482408,4045,9.2269479289988,Highly Active,3
3548,88.35524020971343,99.06599293931006,8820,7.246354945991791,Actve,3
4788,72.68916391782584,95.3375973338958,5182,4.955430247835593,Active,1
3768,73.11693480163315,100.0,847,7.009193320436718,Seddentary,5
1273,83.62795598477308,97.45966541576196,4224,6.399384746008498,Active,5
3013,60.02417483062102,98.8382882709885,4081,5.956408471906861,Active,5
2324,92.59306115783394,98.23493415943234,12196,7.103314328498042,Active,4
1728,62.97839393776417,99.48448708756403,111,4.90636761481862,Sedentary,4
3043,85.02357912359192,98.18139363987672,7868,5.972548141039346,Seddentary,1
4496,66.81773196219734,98.0560727377101,17605,6.437151816416433,Actve,2
2415,72.01890666846313,97.80803417962753,10808,6.7946228802917314,Active,2
2576,71.16312034159237,95.67415345201783,3624,8.09088896453602,Actve,2
3448,91.75794246512694,99.77631256125584,3761,7.385851154946888,Actve,5
3635,74.82385271967652,100.0,8076,5.13545646739529,Highly Active,5
4117,80.09261652559191,97.18613814847669,14566,7.310632898188025,Highly Active,1
2695,99.53250445835248,94.54758033485462,22372,5.846198395394923,Highly Active,4
4534,65.92222083704297,94.21622969195482,2829,6.563687156068811,Seddentary,4
3720,64.82180907287551,100.0,334,8.287541364751846,Actve,3
1713,85.47326326205624,95.8178475987423,4984,7.50743757677137,Actve,2
2951,82.95310521157622,98.97493743802386,28628,4.364327096315341,Sedentary,2
4936,96.86397717706868,99.65697799357392,5652,6.092300789743263,Highly Active,1
1001,63.817630960207275,97.11298322062753,4552,4.471895303705861,Highly Active,4
3848,71.3068728474677,95.41485546463888,1908,9.187863540316052,Active,4
2768,74.73627827042648,94.13819100270216,2610,7.157928094879986,Highly Active,2
2949,84.31206270029367,99.1476771124811,3398,5.366007114476501,Highly Active,3
3636,75.64477339638533,100.0,1409,8.78628923097465,Highly Active,1
3163,78.67795635272758,98.08274356104266,4558,6.7528475948889115,Highly Active,3
4737,57.685087509565925,100.0,989,8.944836176691274,Sedentary,4
4174,79.92451323570137,96.2328211040394,840,9.59312985595482,Sedentary,2
2709,59.120370438218,96.92507974373407,35205,7.081197200233836,Seddentary,4
1427,61.35835579966681,99.69546726267347,16309,8.103781919877072,Seddentary,4
2328,73.73711413442429,100.0,666,6.339047380084146,Highly Active,5
3821,65.19313976444019,100.0,321,4.646349048508288,Highly Active,5
4144,51.72961168655133,100.0,4816,6.924311722391923,Highly Active,2
4430,94.54533945156362,94.95301016689274,8739,5.0203737635048284,Seddentary,4
4911,83.32992220805858,97.14960707775018,10085,6.5652753602409835,Highly Active,4
4389,77.03841546280307,100.0,7404,7.19345268026651,Active,1
1110,89.24299901834969,97.72835701974516,1034,6.791239316181988,Actve,4
1250,79.67906438310943,98.225434875823,5365,5.5608761646583575,Active,3
3430,76.58343595107134,98.83825195469552,515,8.322949019156043,Seddentary,2
3054,70.37943138538475,96.13101991171742,4420,8.359877152778317,Seddentary,3
1458,70.51968302375623,100.0,9188,6.269685206169404,Highly Active,1
2107,79.78529277097765,96.68740014174917,4094,5.6222797486410485,Highly Active,2
1207,90.19655140844348,94.58189056432504,4968,7.6870229210573875,Sedentary,5
1894,70.8620819639067,95.48243461503942,1622,6.852640387224025,Highly Active,2
1808,62.0867535437463,97.36036229816952,10206,7.649474263766281,Highly Active,3
1013,74.600821470583,99.06713408871413,3019,3.972104699427656,Actve,5
4025,88.23103495984773,94.36554117151633,1137,6.814970289250949,Highly Active,4
4595,94.37136178886624,98.69633498892163,14960,6.5751457697023,Seddentary,2
2324,83.32457293650205,98.53799403796256,10947,5.801863769965768,Seddentary,5
3169,69.1643239491456,95.09225415844269,5808,6.992469814285143,Highly Active,4
4427,67.9697293251858,98.14012961259786,9098,5.706553145739598,Sedentary,4
2927,108.74676034172164,95.37931351467664,17151,6.0176759587540865,Highly Active,5
1306,103.67636701964844,99.40958602994364,2479,7.2471012595810205,Actve,4
4665,40.0,95.00636673570872,2142,7.678432555417187,Actve,1
2989,104.87203409823708,99.36131423456294,5676,4.573508022149956,Sedentary,1
4794,49.52235121506027,94.60938972099498,27244,7.803644114542546,Sedentary,2
1661,67.1270559280648,99.16132687060816,1701,3.6360891946606513,Highly Active,4
4423,63.41224019752861,96.39254674378948,871,4.65105061482664,Highly Active,2
1311,87.83615165335233,97.25369399742158,19577,7.150988761335409,Actve,3
2737,71.25978449259794,99.60518700249096,2297,5.06332498418921,Sedentary,3
1444,67.4191812504446,97.5878970355062,3877,5.1278442480464985,Sedentary,5
3140,85.46675085068361,98.28943811778318,4842,7.951916240787275,Highly Active,4
2230,88.48147003109496,93.06143897286704,2180,5.088749976447993,Sedentary,4
3909,74.61769444416583,100.0,2022,8.080191775123874,Seddentary,1
1403,74.34605948323778,99.43574557445416,1172,5.588473200312617,Highly Active,5
1515,70.00859749936491,99.94888175589692,6160,7.721726829364725,Highly Active,3
1955,65.99377373224516,98.28671058835,2216,7.139780704354612,Highly Active,2
4633,65.02476580336068,98.61723855577505,1499,4.203035034870108,Seddentary,5
2340,55.31762574294693,97.79394973648304,13361,9.573697864782186,Highly Active,1
4688,54.51961128965455,95.24338588372046,802,6.661987411631788,Highly Active,1
2273,76.53237946424625,95.4054076191741,2578,5.602389449313159,Highly Active,1
4188,49.76842357990792,94.91652628768264,9347,9.752404731622748,Actve,5
3913,77.73408913836317,96.8512521253779,566,10.126918584310973,Highly Active,1
3625,77.92838475245973,97.90666821210482,9277,9.302122884355128,Actve,3
2441,77.77015093850571,97.77504988498336,1374,7.526149684140822,Highly Active,4
2797,78.8717642395563,100.0,1854,7.2729625077045235,Highly Active,2
2394,54.04759786645619,96.06787638071752,29189,4.6764722738329105,Sedentary,2
1185,57.5801758501879,97.07118941358972,2631,5.553950030246575,Active,5
1636,105.32934230392723,98.08352324319034,3997,6.398239255914394,Seddentary,3
4714,67.17343611613767,98.19676867137768,5284,4.864958582006382,Sedentary,1
4308,71.4853450365451,98.15447833745128,1608,5.004771883682861,Actve,5
1529,69.64878013143183,98.5285388443534,14841,5.427338241827297,Actve,1
4623,102.22815084056307,99.87615471280849,522,7.185124193668033,Sedentary,4
4808,77.17041319789628,99.85190085020756,12487,6.7364795227165954,Seddentary,4
2884,89.42228476063752,100.0,7455,7.653418138385668,Seddentary,1
3147,60.83460614181903,97.06629336940117,6950,3.8614650617160393,Seddentary,5
1939,85.74820729101694,97.85203466945816,3906,8.320105752385068,Seddentary,2
1001,71.87508651309132,99.32878898929609,10283,5.4105551910830325,Active,2
1374,105.36748978923627,100.0,4555,5.74154956260463,Seddentary,2
3884,61.08144501361398,97.95132907312944,15943,6.140482761091889,Highly Active,4
4052,69.19670548292689,100.0,1920,7.6926425488232,Active,2
1552,58.95034568064162,97.5607188584203,2795,5.758201200794614,Highly Active,1
3365,73.3890472282677,97.43636439171114,2583,5.214911141254197,Seddentary,1
2525,72.90381878298756,95.69384463532904,7535,6.719933557237502,Highly Active,2
1013,80.42098456898887,97.83738390913064,4630,5.889517501068131,Seddentary,5
1837,69.89068124031635,97.59366220897624,3456,6.7716468877906415,Actve,1
4216,95.9704644755229,98.84454103915527,4257,4.779043457296291,Active,4
3040,67.53349763500425,98.37431508778806,314,8.471531111528565,Active,5
1027,83.31443846184705,97.51011434866273,4044,8.144785124033882,Highly Active,1
3113,78.34555576729652,91.03446326108296,15758,5.6881784100824815,Highly Active,1
2472,97.71720446637396,100.0,4586,8.750268648212936,Highly Active,2
2447,80.15694869819927,96.55150297478758,1876,6.086790488326166,Seddentary,3
1459,80.08531486989487,96.8884105563555,1252,5.999428971469554,Highly Active,1
3334,49.74477902341503,97.51954826142666,7331,6.243552442438284,Seddentary,4
4778,64.15820220509089,98.33318490875033,12378,5.569263453941117,Actve,3
1629,80.30845840004672,98.31347723897989,12790,6.114544112422649,Active,3
2801,80.03303481145407,97.08281790280896,7775,5.912651450946944,Seddentary,4
3891,70.5881659481196,95.12710211697018,2088,5.681761610452664,Sedentary,1
4347,76.29734726108906,99.713261725335,866,7.962204938864502,Active,2
2706,89.38396032854182,96.01260720635146,8067,8.405732856398803,Sedentary,2
4019,65.58049412812055,96.29057717821576,6750,4.349864771212292,Sedentary,2
3560,83.89120926761748,95.8164389252549,1990,8.069735499663114,Seddentary,5
2307,58.742702447831185,97.98512362112837,8292,6.7179902231577415,Highly Active,1
4192,65.10910424972712,99.11623491064296,6825,6.620497515605918,Highly Active,2
3352,74.35165989466901,95.71153989864476,108,6.402803422096734,Seddentary,3
2579,55.18974673433382,98.26086061768254,1594,6.308767119685322,Active,4
2390,82.83895729595045,99.55063996032878,6693,5.342865263816449,Sedentary,3
2742,98.90621391066044,99.63180241148112,5811,5.323319168485703,Highly Active,5
2925,71.41799946794936,99.39824056664848,12256,8.789192701422698,Sedentary,2
2274,101.5299185936879,98.9636172460471,28791,5.9992168598408755,Actve,2
1475,62.950391268613416,100.0,5638,4.030860113359553,Seddentary,3
3381,71.43485783588689,94.60378575906957,7530,8.587953505104746,Highly Active,4
3558,87.4002903166187,99.05729733803736,3899,5.825301716215356,Highly Active,5
2316,57.612268409539226,96.26249999265964,185,6.019677417082274,Highly Active,4
2043,57.263463303460625,94.67738338174787,110,5.81114992273438,Highly Active,4
3844,58.49950983033917,97.47983645685434,4463,8.379154732892614,Active,2
1197,86.82026036340957,96.65269718841554,16321,8.857311167550929,Highly Active,2
3532,73.39588457937954,100.0,7599,6.056795255381745,Actve,4
4828,94.23857983844364,97.61109426315494,2278,5.15145094740786,Highly Active,2
2184,69.50712542027048,100.0,19785,5.1986404613719355,Highly Active,4
2035,93.34268235094464,100.0,7858,8.639055284037667,Actve,5
1275,43.99139579011496,96.44792580570808,5995,8.012832192002586,Active,5
3740,60.43216340091829,97.63243597571535,9409,6.243168474190474,Highly Active,5
3289,78.09854520216854,95.56645683507546,3532,5.182336923575353,Active,3
2239,73.88730540234921,97.37846501979148,16403,7.428321520527169,Highly Active,1
2274,89.42794245976634,95.2430248870449,13939,4.806710068608719,Actve,5
4249,72.44592205720997,98.9376444872964,3116,8.33669063789649,Sedentary,3
3198,51.65304762248456,93.51954354609587,5054,5.702569371290611,Highly Active,3
3431,82.42770661272928,97.0600541304559,16840,4.454691664196526,Actve,3
2661,65.90578126726008,97.21988375780796,11621,7.794753264323093,Seddentary,5
4884,50.757891572360194,94.57522876716358,1410,6.652945159900301,Seddentary,5
1307,82.90274033560955,98.71518733669116,5773,8.78876282854727,Highly Active,2
2969,75.02078782264502,96.21333882766726,5427,5.899731305336211,Actve,5
1374,87.9986043573498,98.97097561661823,2996,3.952185592690021,Actve,2
3716,85.2134330844122,99.20829016305846,11658,6.423204229619894,Seddentary,1
4423,75.25930145649322,97.45441276317796,21172,6.958542270717265,Actve,3
1085,67.01439574994411,99.89397146326512,10647,6.751315616745736,Highly Active,2
2198,81.60486998356096,99.54174471825264,18296,6.572161239640325,Highly Active,4
4873,49.26276526457739,98.198346222352,9417,7.0693040872709325,Sedentary,3
3358,72.98921480532597,97.63409519918469,71,5.133929610584419,Sedentary,3
2142,61.00649111705535,98.51177706349756,26655,6.470676297746851,Seddentary,5
4485,73.84537427068479,98.09192042634766,15,4.663031188521555,Highly Active,3
1302,89.86399273657419,98.01545144816096,10517,6.544939200301914,Actve,5
1587,64.52684285636626,99.50059136477822,9879,6.522781438363575,Actve,1
2863,76.74936810016891,94.8721115542313,16110,7.097575968488653,Active,1
1344,64.889601790951,97.38855867659662,8682,8.216265797618254,Sedentary,3
3848,73.19898209600007,99.04223310700505,2150,6.128074079355277,Highly Active,5
4072,90.4631999651816,98.37611004112436,2951,4.732967017212305,Actve,5
2999,81.18015723864791,99.95514995635254,6304,6.968286913283947,Highly Active,3
2677,63.386158424058486,99.02153728414552,9754,5.61936291019269,Active,4
4124,61.799956589874014,96.8292074744295,2666,9.4990552256329,Active,3
3408,115.41131303006912,96.74888874976756,8452,4.795490172887513,Actve,4
1703,74.62415400131485,97.0132084116004,2057,5.825127104005615,Sedentary,4
1574,65.28569498982101,99.94862222924468,27700,5.685742432792279,Actve,5
1687,62.49911433086828,98.95199558005632,8111,6.997890603928594,Highly Active,5
3828,102.5207733674428,95.09550097596328,4277,4.664739941189715,Sedentary,4
3632,61.3893021661836,97.90620754765732,14870,5.838511896451413,Actve,3
1488,80.30335172485704,96.62015554373905,14308,2.320612877452449,Seddentary,4
4018,55.64081643355512,99.6611245009968,10713,7.350460639428949,Highly Active,1
4681,54.494046074995495,99.88643374193668,2152,7.156057351513751,Highly Active,2
1493,87.02241281444303,97.87878598014107,1965,6.340030722817682,Actve,3
1018,67.4628211395939,97.24089102738532,1943,7.060958761260327,Highly Active,5
4525,62.11765954790222,95.99550763192528,3288,8.471393446676469,Seddentary,5
3444,106.93042189578952,95.56541767469314,2645,5.21241601131444,Actve,4
4350,92.92627334450974,94.22557892195144,417,6.348180123383362,Actve,4
1850,64.7219965456714,98.05294720963292,29817,5.180548065992433,Seddentary,5
2388,64.40489433351003,95.7739812060439,3775,4.063901003522194,Seddentary,5
2354,61.83230432970367,98.8834987176852,2750,4.540204250129972,Highly Active,5
4712,72.7401915211268,97.61556162328316,18009,7.16532972021896,Highly Active,1
1454,59.63119960281772,98.87501426055763,3112,6.5741918443608505,Actve,3
4136,84.66435889653691,98.83040662902202,6269,4.801900779122548,Highly Active,3
1710,82.52203911304889,98.16195586283447,13012,5.033561809728751,Sedentary,1
1916,66.75963852485927,100.0,1557,6.691351906770464,Sedentary,3
4986,64.23820391337183,94.59068375898094,5585,6.148748384520456,Active,3
3875,62.9674971755721,99.09700805213782,1684,5.865221015254337,Highly Active,2
3652,58.76670390484017,98.9638917250704,2513,6.903712607066167,Sedentary,3
2496,68.69463782363948,96.53188780155568,8105,5.89516970336314,Highly Active,4
4568,77.36664905019916,100.0,6,6.4365697894256035,Actve,1
4338,66.41037846394971,98.68497042002828,17369,5.362530382468615,Active,4
3914,48.976387850229514,96.49606843134036,8518,5.776490825362564,Active,4
4848,77.41470840565982,97.0482814220652,8012,5.524487928253922,Seddentary,1
2026,77.93396143051648,97.895967669928,6573,7.555592419363714,Highly Active,5
3132,73.4820454256758,93.91656370888148,428,6.1288841027641565,Sedentary,3
4865,89.66529980434967,97.8922762652802,25769,9.239994497613292,Seddentary,1
2473,104.4399614686371,97.80421729488565,1368,6.1448993066078454,Seddentary,2
2947,74.44161149228829,97.30464694087982,22996,7.823132139026548,Highly Active,2
4292,66.50354777548176,95.92034531092182,2330,6.062424863475022,Highly Active,3
1011,64.31889350921438,96.77337548861968,777,7.835052988941305,Highly Active,5
1303,83.07081564652276,96.48669841743782,6611,7.165935007642174,Sedentary,5
4022,81.28339813726136,97.05561105120802,4710,6.643893698249555,Active,5
1042,84.40808845747225,99.89134021486718,5775,4.763830853172793,Seddentary,3
3390,86.39544186659425,93.74430757933496,1106,6.649970927801972,Highly Active,5
2349,57.04170403908629,95.482216947318,7646,7.316938923397455,Actve,4
3545,78.97409092353362,96.28502337050284,12872,7.915017745040203,Actve,2
1890,69.64233698927796,97.74190175013848,3629,4.5392470738272905,Sedentary,4
3474,96.7011260552678,100.0,26857,6.323747250724167,Active,2
2004,74.85164656187649,95.4489727807601,452,7.218953323256549,Actve,1
1406,88.17327909952775,100.0,943,5.492883794598949,Highly Active,5
2014,61.696019871525735,99.562286871626,7807,5.108649504180871,Active,5
2827,68.0691079383254,97.12906097117664,1394,7.420464343758961,Highly Active,1
1714,43.34345270428359,93.92776806778916,3359,4.564054146010974,Highly Active,1
1788,78.01778054096161,98.73654367599175,518,5.559555798224284,Highly Active,5
2825,84.2678312063483,100.0,1716,5.2594129219084635,Seddentary,5
2357,63.41374121500334,98.37971241533128,4899,7.401269716136739,Seddentary,3
2916,64.03536834800943,99.7163556657516,14441,4.818677966105227,Seddentary,1
1963,55.612803036135176,100.0,10040,7.390830333977973,Seddentary,2
4635,96.78804583985723,97.43415257829663,2554,5.508074821705514,Active,2
3541,68.53589088309286,96.7491807539251,8898,8.208879085907128,Highly Active,3
2692,57.96861689137013,98.92248436418924,2300,4.745510674065963,Actve,2
3798,77.02565029445563,99.40854456085324,6212,7.008977347164027,Sedentary,4
4215,66.43155690097115,98.00461326501754,2824,7.802961697033386,Highly Active,4
2443,83.49952705522637,93.28130332296271,806,4.443991553117445,Highly Active,1
2681,68.28895266280446,99.69117657185544,2060,7.798296953118166,Active,2
1349,69.95091644950345,97.5942332036712,1125,7.026396010524417,Active,4
4530,68.78199088947669,98.242036252129,1309,9.44002821937966,Actve,1
4179,89.6806666676101,99.66685873171068,6610,7.836578457302319,Active,1
4657,86.21085537889633,95.38610125875552,5913,7.455456165972601,Actve,3
4654,98.26411949020438,98.28582585306188,3707,5.778606163903684,Highly Active,5
4006,86.13208385070948,100.0,7847,6.702300939270903,Sedentary,5
3359,82.28850009280565,96.47020841483776,2248,4.276985844076018,Seddentary,5
1951,64.4338662765848,98.02787029384967,1535,7.7512955813380815,Sedentary,3
1035,64.89033503489897,100.0,3162,6.973279076893621,Active,5
2107,59.4958671458483,98.74533870884196,10252,6.256100460519962,Highly Active,1
2845,51.98864745073598,96.06541792342504,3668,4.908038292708943,Highly Active,3
2408,61.940712936725696,95.51792493985327,5829,6.88286266498964,Highly Active,1
2399,84.9751704364897,98.3250625203926,16445,6.19180405080739,Sedentary,2
3606,80.28588543117611,97.8585112511784,9506,6.7583699432821795,Sedentary,3
4989,68.35513650839201,98.01402600029826,6078,7.123868020038374,Actve,5
2300,98.5850981456178,94.42667847015905,7996,7.843212911539045,Highly Active,1
3773,65.48627303395966,98.5735315732274,2009,7.289063527295698,Highly Active,1
4097,83.32148683638492,98.597164536138,4556,7.231063313716986,Seddentary,5
2806,69.81414489764954,100.0,9358,3.420541222347004,Actve,2
1009,66.38686544367323,96.47870508972194,4407,6.8358480311177825,Seddentary,2
1983,69.86469039220113,96.2262901727425,695,5.742644786971158,Highly Active,1
2660,40.0,94.81268523648194,9071,3.202769785434966,Active,1
2072,85.36870513299309,100.0,8862,6.595841480496132,Active,5
1858,58.37918164056147,98.27629218648396,1015,7.192032410786123,Sedentary,2
2603,78.22060567130642,99.07240162071253,1221,8.631857424327038,Sedentary,3
3711,94.3306829220509,96.94376484190674,20990,6.479823424023113,Highly Active,5
3578,57.69324787471327,99.17256929322414,4270,5.257143270894607,Sedentary,3
4131,98.17012020174356,99.09043608861882,3286,3.755777505511764,Actve,2
4238,76.03231296896296,100.0,15782,8.823858120156943,Active,3
4273,48.14455039694792,97.2779052222254,2377,5.961037581182357,Seddentary,5
1914,74.37536372698229,95.85321898201158,12207,8.991336965731566,Actve,1
1580,70.79076358148497,100.0,8595,6.3951430958152375,Highly Active,4
3734,91.84785011161578,98.72244537508293,4556,8.837577976773796,Actve,3
1482,79.2818923902207,99.7471756319374,24207,6.890438580755143,Seddentary,4
2249,99.45295200264076,95.0203313803783,5098,6.545077078059159,Active,1
1672,57.66260414338001,100.0,27005,8.451664179391,Active,3
1630,67.62659915774135,97.97911476851549,6539,7.558091521946092,Highly Active,5
3708,96.87113092561592,99.10263683696084,469,5.1589629347638155,Highly Active,1
1661,104.88743113034964,97.34938555926112,9174,7.597642087540205,Highly Active,1
1987,78.71382724155835,97.64097025855293,2027,5.055983992932825,Actve,2
4231,47.98885415835783,99.84309440177822,2247,8.365867012651064,Sedentary,3
2546,65.17123065584265,97.27801190839148,10423,5.551438857919337,Active,4
1649,84.58108919215695,97.23591780306288,6083,9.137948324184691,Active,4
3637,79.29705129650277,100.0,205,7.350919713233116,Seddentary,3
4325,97.34255045425846,99.35777158180122,3481,6.739606044129379,Highly Active,5
2826,59.95065763356459,99.18246560032338,2838,3.662929706771574,Sedentary,1
1262,75.07073941375937,98.45696980329464,649,7.65265275564667,Sedentary,4
4668,75.38474323783647,98.73896218280647,4106,5.921570048393621,Seddentary,3
2577,86.26691747129311,96.88385789479337,3899,8.134241287023256,Sedentary,4
4445,87.06699136029413,98.32124367098912,1538,6.298304056982925,Sedentary,1
4824,67.36635292927502,100.0,21250,4.663166827502382,Active,1
1998,82.28749720388856,99.33613247714608,2923,9.064595577826978,Seddentary,1
4351,74.33480681770371,100.0,2894,6.193813438547344,Highly Active,3
3349,72.42045492735917,99.12607936170583,10735,5.577567776651214,Highly Active,3
2603,74.95810391006972,98.80160832162932,2377,7.332759008974395,Seddentary,5
2241,70.53817605203062,97.40946566483844,336,6.570036371325203,Seddentary,2
3601,86.19812479480913,99.800650040154,15218,6.505529736567561,Highly Active,1
3668,55.92942223400203,97.82285832110443,4614,6.65324653707035,Highly Active,5
1352,71.49793622260044,99.854079455097,643,5.4086659042415475,Active,5
4747,67.38522492386498,97.49552310402622,6222,7.131480318199555,Highly Active,4
2922,75.00758852579942,99.94523701288874,351,7.744523646433514,Actve,4
3695,92.0930064355974,97.73955243724554,8598,5.657522519975867,Seddentary,2
2093,46.488572619331805,97.43506312166224,439,6.798935620126558,Seddentary,2
1707,95.09381074673442,100.0,10325,6.810244769636802,Actve,3
4713,90.56232324070848,96.3174802618981,5988,7.816045387372567,Highly Active,1
1955,91.97031848286346,97.10410900265568,1276,4.393773741073289,Sedentary,4
1159,69.15801111903447,98.03379538414814,7072,7.754116444363326,Actve,2
4301,69.6751439930973,94.32998805998204,13830,4.863116966666691,Highly Active,3
1066,61.76159683893872,97.56698441075774,5307,6.872879256398724,Seddentary,3
4061,62.68302059267843,97.27396996410631,5027,10.308891981728973,Seddentary,2
2582,95.32854265157734,99.04447084877144,1367,7.16860056440381,Highly Active,5
3428,64.6899533411809,98.3179605797537,1102,7.448293578831736,Sedentary,2
4330,91.48842518085524,100.0,14140,5.491496227912541,Sedentary,3
4909,71.26263102650876,97.526087128718,528,5.049574322976273,Sedentary,4
2153,68.59206400882498,99.61575293177374,16789,4.522849698556852,Highly Active,5
3774,61.300254082927786,100.0,27652,8.138318029616498,Highly Active,1
2195,48.57738903328014,99.78185415747906,10460,5.225036909238866,Highly Active,2
2821,94.29829681379744,100.0,1503,6.589378063453919,Actve,2
4883,80.67833387728444,96.1342544259104,10464,7.253231823730129,Actve,4
4619,64.0595197404608,100.0,8751,9.65584895402265,Seddentary,2
4548,79.87380939555385,96.48412553998394,1715,9.156194157212498,Highly Active,3
4374,70.58838343614076,99.9472411275618,2019,6.483130607301752,Active,3
1207,81.7388663411831,99.29298513923432,25470,4.364040411777896,Highly Active,3
3665,83.20769221430453,93.88070922826869,1514,7.697309558603496,Active,1
3493,70.63062320045817,97.25152320424326,11379,7.354244485471701,Seddentary,4
1632,72.17943727740597,96.86412733577367,2070,5.739953256216031,Highly Active,3
4719,66.34469920530901,99.4826509460116,561,6.607694039658749,Seddentary,5
3562,90.13304254150712,99.00502304031116,1625,6.1897357935933215,Sedentary,1
2679,58.69249101425521,97.26078521517536,12865,3.487288252705592,Highly Active,1
1236,64.48735521695605,98.87999570489482,5609,6.899593633890513,Highly Active,5
4350,83.07057545887375,96.79706059439413,3609,7.18962970760287,Highly Active,2
4175,54.94528079286242,99.56810615593244,9382,8.845874228457166,Active,1
2107,82.8246211759541,97.1355180664286,3707,6.199340786204213,Active,3
3453,84.2963418609954,96.86541155627928,106,8.572970713241451,Seddentary,1
4025,76.75937801946377,97.82243291731685,5241,5.496732381176276,Highly Active,3
2766,91.59199493199937,98.45072654610628,8811,2.3934298483488243,Highly Active,2
2184,94.5268914996813,96.75368930411184,8979,8.231266735963372,Highly Active,3
3507,96.46968919352054,97.5835882924876,7280,5.6884666624535765,Seddentary,1
4621,108.441969643685,96.9184131281073,5663,4.236266184426282,Sedentary,5
3785,54.680918487626215,96.26439602947924,15745,5.6380285649251904,Highly Active,5
4725,74.41456085625741,95.13267244969784,818,6.041233332399948,Seddentary,5
1480,78.28755320535649,97.15595890410324,3300,5.663464527787137,Highly Active,4
2686,55.35390747016581,95.4033923431098,4800,6.305909606872432,Highly Active,3
3796,61.1963473376378,97.37614335390155,4219,6.423533134575516,Active,1
3010,93.81104003435333,98.17438715028284,1442,3.3231744829668832,Seddentary,5
4016,52.32004030337474,97.65485672015332,3022,5.488264542882417,Sedentary,5
3496,71.63202543347914,98.27505660640782,1769,8.236972780523068,Seddentary,2
4537,67.8758811568076,97.46713781115773,8363,8.562689475584413,Highly Active,1
1310,83.56839235167367,98.2819342946044,2041,7.032314387323207,Highly Active,2
1261,78.99827165986738,97.72992090036225,2984,6.697926043344802,Highly Active,5
3190,78.08991455499941,100.0,3420,5.81003298192765,Actve,3
1341,63.656674688834485,100.0,5339,5.803052759954182,Actve,2
4172,75.63139101187174,96.0309846360686,3773,5.3840111050043316,Highly Active,2
1489,96.16606593518284,99.82502671996578,6881,3.3846565115249203,Active,1
1041,72.65164489875671,94.82136903615944,2202,5.054288079687562,Sedentary,1
3725,87.61841260097913,95.5802343361589,3950,5.628774542620244,Seddentary,1
2452,95.41568396489885,98.12420710788732,4202,7.700902596872936,Sedentary,3
2826,76.48777040789338,96.60524406984452,2434,6.096103523740441,Highly Active,5
4287,65.53718567249949,99.77221026376544,12766,6.102890956140818,Seddentary,2
1133,79.61625834309349,96.00123239519424,4829,6.299301703566065,Seddentary,2
4138,83.42098119587622,97.11077518464484,2810,5.080658192097575,Highly Active,3
1947,63.681096464498985,96.65725012823948,2596,6.970361953021508,Highly Active,4
1129,80.11898918208959,99.43560235680948,2704,7.886564238392605,Highly Active,1
3978,87.3903438444261,94.45859449076724,6823,7.659365828592445,Highly Active,5
4277,86.78526374359096,96.21111269208338,2765,5.554549163223622,Sedentary,3
2811,67.0952809751424,98.01995694836396,9024,7.360206353218631,Highly Active,2
4839,76.11263251870795,98.41555663240418,2459,6.369105571405319,Sedentary,5
2560,40.0,100.0,1901,8.235791221133164,Highly Active,1
2985,61.18671554372506,100.0,6764,9.09029791150059,Seddentary,1
1792,90.03516330419663,96.75459254252156,6397,6.837207120150629,Active,5
3300,63.264999002256815,95.77338503595894,4959,4.127581896953538,Active,3
3869,71.29621745738906,100.0,2027,6.1734884962369705,Highly Active,3
1163,54.894729730441114,99.49770786072678,1088,6.524038036962615,Seddentary,1
2133,84.72684743938156,97.62926489583914,1676,6.7444715262114565,Sedentary,5
4507,92.14177489478983,95.5780717270555,8859,5.203682832575549,Actve,1
2676,81.79759272519516,94.92667996501736,22500,6.7849404376872124,Seddentary,2
3529,84.40209600628256,99.0263256158081,5373,7.147457241103403,Highly Active,3
4041,85.32540913796396,100.0,7958,7.972651932627144,Seddentary,4
1963,80.37214016706227,96.71019418111642,11666,6.7635895985594425,Actve,5
1536,87.94344078352938,95.51652050021173,10285,5.099445933450186,Sedentary,1
2603,83.95151369968599,100.0,8438,3.8608277397102775,Highly Active,3
4244,67.75154325069919,99.68299418710242,7104,7.919506977882075,Sedentary,2
4083,56.10540331043923,97.46048829983656,961,6.618891902817424,Highly Active,5
2251,58.74285733009414,99.17975398176544,1276,5.962096929556776,Active,1
1542,54.48404836070648,97.34563628598762,1986,6.527512787936183,Sedentary,5
2681,62.26854188444237,95.25688571051944,7716,4.8228630720023595,Highly Active,1
2851,67.99293174201766,98.31804133817604,3733,6.053188678133406,Highly Active,3
3494,87.51752342377978,100.0,2701,7.01333235152319,Actve,2
1389,72.01303533722216,96.1121674339135,787,4.109040657324976,Actve,3
4201,81.64082088309999,97.12712762498155,6245,5.690109349564968,Active,5
2083,72.28268563402295,97.38005772509273,978,7.144720940526833,Actve,4
3710,101.59617008893017,96.55442223234664,6156,5.674499801184653,Active,4
4058,79.45109644700219,96.39659640160032,11109,5.634114021246518,Actve,2
2540,72.35681386349638,93.668871607527,4414,5.334933922368441,Sedentary,5
2953,74.07491849479696,98.15116488647756,11737,7.1400110603825,Actve,2
3392,64.9804591235033,100.0,2649,8.068977291824663,Highly Active,1
4850,92.9650312481617,100.0,8790,4.816662682901267,Seddentary,4
1689,94.04517361515192,95.92439859427384,6203,5.611065493835811,Sedentary,4
2276,89.06259054968547,99.78759991658944,8154,7.29974332365415,Seddentary,3
1982,92.0498681420139,99.1047278887746,4218,8.642369338901608,Actve,1
3130,40.0,98.5709698851159,4245,3.486326993927629,Seddentary,4
2122,59.03110994336155,100.0,18685,6.3373200899308735,Active,5
2352,91.10211952828396,96.39121638584172,6668,6.266010778325295,Seddentary,3
1189,103.73439457761968,97.30081487677644,363,5.62373078299747,Sedentary,1
1882,84.46886879860827,99.91501982052878,10135,6.492208934817506,Highly Active,4
4151,70.19802056833154,97.50448344248348,2756,5.275751673032127,Seddentary,3
4331,45.46891394243286,96.49604641819134,28451,5.57142444066287,Sedentary,4
2638,68.480587169781,97.28720504525674,1849,5.088193592802722,Actve,1
2575,63.18976369829241,99.59556602514262,2401,6.35766391921048,Seddentary,1
3832,86.15047845758899,93.9282572877686,19416,5.5272267333193605,Actve,1
2403,62.828443758519434,99.76774492127328,11407,7.485235374327946,Active,3
4292,71.1607231112,100.0,3616,5.6882019816213765,Seddentary,5
1123,52.88134416846773,97.72006113186832,1713,6.500300044188251,Highly Active,1
2597,93.19013719381604,97.05178408934523,8591,7.689597867025421,Highly Active,2
3202,93.7691553744214,97.4279336429778,10821,6.040344771912441,Sedentary,5
3139,74.6103059492697,98.60344773029092,26107,7.238597647933983,Highly Active,3
3502,86.92748666304837,97.17936363510007,25279,5.136862150413736,Sedentary,4
3044,71.29417005907284,99.09584959877276,418,9.597791322025753,Sedentary,3
4716,71.24709922989055,99.27167765675031,4628,6.722193023516652,Seddentary,2
1509,58.32170105289186,100.0,4271,8.820685048818032,Sedentary,2
2206,77.5594311811582,97.5124805901756,17,6.011370191051094,Highly Active,3
2597,46.92922950425002,100.0,7794,6.235196204451105,Highly Active,5
4802,91.6409031538176,97.0515447568251,10948,5.129915600545768,Highly Active,4
3452,77.22154829140364,96.65424676691882,2761,2.9838199102060203,Active,4
4662,67.13834856559541,99.69178101661596,3149,6.913730163250126,Active,1
4542,80.98125584876783,97.9909767804036,1040,5.230159057470849,Highly Active,3
4897,67.69401433261359,97.41038177309063,4061,6.872338788590079,Highly Active,4
2446,64.28492277792192,97.3766985946596,2309,4.9061833474373024,Seddentary,1
3112,74.15144791990241,96.01683525505148,4047,4.542074874959048,Actve,1
1241,83.98497601687743,99.85372854651362,10508,6.867588494448376,Active,1
3540,62.866540931837385,96.60705278567778,1592,3.239804733266703,Actve,5
3385,60.97199451114272,99.43357620818212,9715,6.383043785306309,Highly Active,2
3020,88.43584098260433,97.76183922565116,1275,6.21446990106027,Actve,4
1163,91.42388732948432,98.55625131207924,7023,7.932304615003217,Actve,3
4042,84.9808945508374,97.78069001126588,12541,8.861107435319354,Seddentary,3
3442,77.90658444423529,98.48315359899796,12338,6.183659460607328,Sedentary,1
2791,64.28142811736386,96.24717414137672,4519,8.146401435834262,Highly Active,3
1182,90.76836570373445,97.15526470028924,6015,4.54831953024832,Highly Active,1
2731,49.1552401552684,99.23700541030864,1492,7.568692103988694,Highly Active,1
1545,70.19487542764561,97.26369618364768,1227,6.567392731029366,Highly Active,3
2587,80.35917617610447,98.6986018963474,8120,7.210447847033453,Highly Active,5
1743,83.06049793299756,100.0,1858,5.333594281207732,Seddentary,3
2459,60.16282902289518,97.03974520576996,1057,8.278269777432225,Sedentary,2
2948,98.54632024091708,98.46816542856983,1653,6.83751126317307,Highly Active,3
4493,86.52492181280458,96.62962761793324,4456,6.926927735226857,Sedentary,3
3601,73.97284685231264,99.1833214322178,999,6.282052767238061,Highly Active,3
3672,69.93264179467066,100.0,2092,6.37218607432246,Sedentary,4
1888,94.8966084782535,97.03986265488427,14516,4.850982275796939,Sedentary,5
1016,80.62846894966415,100.0,13900,5.24631880731039,Sedentary,1
1424,61.029795197479885,94.61421308903432,11759,7.018215578211628,Active,5
3176,76.6996586745484,97.4316951782041,5433,5.121697299903633,Sedentary,3
1571,54.126356523041025,100.0,1730,6.960151007618476,Sedentary,3
4631,87.04570625511852,95.43805371239472,1,6.886368326260279,Highly Active,2
3076,71.15517899250914,100.0,2841,7.158945877504843,Actve,3
3279,74.93751876261565,97.4202368213978,884,8.112260058109591,Actve,3
4355,84.69841649442036,99.9605583105735,19615,8.464455745830543,Highly Active,5
1758,80.22439759019306,99.9369426373652,2977,6.443314939871139,Active,1
3773,67.25148625966895,99.8332025694528,266,6.907329362462504,Sedentary,4
3247,65.21557807012346,99.38242384890243,513,6.953833011067754,Highly Active,3
3992,74.85467612709932,93.63139210108189,895,10.51452875618417,Seddentary,2
4926,46.860517559012294,100.0,2934,5.744319681985854,Active,1
3514,100.07514909959076,92.72399459757828,10971,6.071914916193266,Highly Active,1
2439,60.34035327524994,100.0,20588,5.649598112685163,Highly Active,4
2031,89.77631862124201,98.03396949636677,9158,5.777080134689604,Highly Active,2
1844,57.99421253664109,94.55966265250184,1734,8.063614972254435,Actve,1
4692,79.28284737479464,99.82888704097746,16435,7.828706932332302,Seddentary,3
1407,95.24745029868916,97.25779874980924,5226,5.989698159821632,Actve,2
2668,74.4397842151371,98.05884020341036,2977,6.342964211366635,Seddentary,1
1231,50.49643113556777,96.71404445669364,267,7.082666545294732,Highly Active,3
2950,105.7456387740553,96.062770681096,2114,7.061410295452518,Sedentary,3
4299,81.81102309110592,97.65451989615316,2573,4.529218207259365,Active,3
1398,69.40084012144241,96.30011294454444,8925,8.559280858470812,Actve,4
2234,51.42171860041303,97.5172745631961,18125,3.688398796770051,Actve,4
3587,84.65179967850095,97.65611181514868,19360,5.855560470545449,Highly Active,1
3037,110.24961729280086,95.56900600000586,812,5.699492297129582,Highly Active,3
4423,73.91936996465381,97.12271580024824,8536,6.636856143662672,Active,3
2343,73.28921428277977,96.38659430260408,2556,6.033651045811149,Highly Active,3
2573,62.75424670441269,100.0,1019,6.289388660912231,Seddentary,4
1991,73.16628432677466,96.92308243176548,3416,8.779869978472739,Sedentary,2
4291,65.12185726600337,96.73680805610614,4063,8.080971423230082,Active,5
4408,86.85922316263895,98.96960667490328,3681,6.953458272905184,Active,3
2246,90.70821570318034,94.55579538709692,3933,6.555786817585843,Actve,1
1359,45.866477504869025,95.45992236196253,8542,9.22006320837674,Actve,5
3883,66.20205836385645,100.0,390,4.117670480975609,Sedentary,2
2613,80.46678444682739,96.2506884606517,21735,7.666947193534044,Sedentary,3
2640,61.866157761524704,97.7574257697728,4219,5.9550613421099055,Sedentary,5
1377,68.14738624151695,98.47514036101552,2742,3.390210395435425,Sedentary,5
3814,77.74096197616417,99.5528885375925,7340,7.1136094624972275,Highly Active,4
4501,75.96210907605791,99.39038480159248,1152,6.977778026924327,Active,4
3196,64.88708671492853,97.77497344584094,1179,4.798813363856375,Seddentary,1
4747,86.49121099088069,96.7763739207314,10714,7.221667498384774,Seddentary,4
3421,45.985221952417874,100.0,7012,5.123401264417942,Highly Active,2
1780,83.82838588618739,99.05959719935252,9647,6.872605804426692,Highly Active,1
2716,57.39272941035309,98.5109515909592,1957,6.787558898721522,Actve,2
3398,106.77101043838412,98.33755931423346,3353,5.56562354433225,Active,1
2311,73.47879189537815,100.0,12432,4.525850731275087,Active,4
4359,71.71461948227495,97.25977359021466,3233,5.990811498160365,Actve,5
1522,68.11982617942641,93.7911810136513,24056,9.059540644085294,Sedentary,2
1521,65.45739010148175,94.82292215755882,7280,4.7354720914190995,Highly Active,1
1782,80.876886164606,95.87421963034676,3086,7.861511737012496,Actve,3
3230,84.03931849321418,96.66091575543338,3081,5.353353684402077,Highly Active,2
2688,75.1192808006108,96.51140365476928,231,5.933919959968922,Seddentary,2
3171,40.0,100.0,1292,7.708941754224111,Sedentary,2
4697,87.84691031747151,97.49928307337512,2284,6.240151044359807,Active,1
3837,55.99861504952094,95.72775228153002,533,5.690840766583264,Actve,1
4243,80.56947006852215,97.92031114534208,14398,6.798121749135778,Active,2
4359,88.31255993096497,96.55702274363104,5357,7.78759354060017,Highly Active,3
4506,76.98325038960974,97.03860749828104,21104,6.41852091329876,Seddentary,5
1685,76.51019611141479,100.0,1151,8.555262651086343,Highly Active,1
3160,87.5675742522674,95.9462161533649,7940,3.496396544391617,Seddentary,1
3935,89.53268496250311,96.63096852183055,8527,4.527307364880962,Seddentary,4
2567,59.72182058367101,94.09315011354074,20838,6.944388904065143,Highly Active,4
2245,91.2700162426352,97.29626977038718,9961,8.379682721879806,Active,3
4702,70.82909693800562,100.0,393,7.014874030448499,Seddentary,1
1038,66.02074263411214,100.0,5447,7.869518131448276,Highly Active,5
4601,55.97978054802476,96.68817685980106,16742,5.630099678875585,Seddentary,2
4468,97.53874126276251,99.0377537224692,18830,6.439307676122813,Actve,1
4069,58.15790991176665,97.81393583263976,4751,6.369418324289778,Highly Active,5
3708,52.86679835181467,100.0,8874,3.9812318444520582,Actve,4
2927,74.55597778335857,94.75215625197434,5628,6.298429327054883,Sedentary,3
1301,67.82437317375219,95.126320029523,2741,8.83349409426775,Active,1
1646,85.70656375492148,97.96416946010346,1215,8.563007956718655,Seddentary,2
3250,84.73348198448153,100.0,14298,10.203952765791156,Active,5
1255,78.41018705288018,97.3125303387545,2360,3.5224126507363227,Actve,1
1661,68.83153785210288,96.19620071362348,108,7.442311588521035,Actve,5
2368,51.40463358785304,98.7022549029702,3601,9.869168246217177,Highly Active,1
3581,81.53360974313142,100.0,1681,5.5322716029849826,Sedentary,2
3907,63.65009562847416,96.73111018310033,5860,6.147496682002957,Active,2
1462,89.83163892782264,99.13326947784422,3172,5.457042210884702,Sedentary,2
3483,95.17420314673576,97.27028651913837,3202,7.139484605234636,Active,3
2067,69.9085666699942,99.37616472151824,22,8.679819915293894,Sedentary,2
3325,62.88235347015354,99.72949304321236,10783,5.2569354332631235,Active,4
4754,70.03144283613214,98.35648170165418,3389,7.325928043390475,Highly Active,2
3468,56.13677096361462,97.7276669118543,15056,7.181536333102484,Sedentary,3
2376,81.49036494243715,95.71217391755268,6520,8.950386560685192,Highly Active,5
1514,78.76032866808825,97.5821269497954,7762,6.3866575668592365,Active,1
1702,40.0,98.52865583342655,12560,6.609839194119056,Actve,2
3155,59.95935218624401,95.13795402333484,11025,7.411500174275004,Active,4
2304,86.80158181250336,96.2219559563406,2232,5.650959419224571,Actve,4
4300,53.55810449512397,99.11325624613984,17117,7.718872738860966,Sedentary,1
2134,68.23764883384302,96.44437269341572,8053,8.37378495867158,Highly Active,3
1361,83.98340015357564,100.0,3193,7.718917958436559,Sedentary,3
4655,51.54297217444589,96.7126608406906,6539,6.558986554448668,Active,5
2284,79.13449451825599,99.10015138019344,516,6.279773270626639,Seddentary,3
4175,80.4234430283428,97.8727636156257,2884,3.666508167333513,Sedentary,2
2247,60.68241227223301,100.0,1991,8.19922579819665,Highly Active,3
1873,63.44006317073281,100.0,4054,6.6758285125277395,Sedentary,2
4937,55.99818930339184,99.91877674461378,5572,6.009089035264465,Seddentary,5
4967,47.17512727782662,98.59948834854484,3546,7.485295224726759,Actve,5
1922,65.10635263116885,96.70256949927376,2339,4.688994491665909,Highly Active,1
4137,71.32979127797043,100.0,5419,5.215910904606444,Highly Active,1
2036,90.03241429187999,97.63436198588886,20613,4.5301801222942855,Highly Active,5
3979,78.9530389988478,99.06888828376346,28607,7.6076969866995405,Active,1
3645,56.09612931429473,97.61345877299529,2842,4.471070673904977,Actve,3
1313,61.313420938765994,100.0,9728,6.263089512032767,Highly Active,5
4083,65.95905976829437,99.44967361811852,759,6.5566614158710586,Sedentary,1
3256,95.13611121968889,98.79412405375292,7235,7.043048286254956,Sedentary,4
2997,73.87987934843932,100.0,1766,6.971440405564637,Highly Active,1
4983,49.50026812989776,98.04016826195154,1514,4.623710159557213,Active,1
2778,60.821410420765496,97.16557831693044,14887,4.297993131398469,Highly Active,4
2014,80.80262729300202,98.1132055041519,617,5.695425582725004,Sedentary,2
2093,80.1589816310447,96.387061477642,3200,10.317628614574248,Active,2
1697,81.48923474339334,100.0,996,3.76205780929529,Highly Active,2
4694,65.23379591306511,99.77897146468716,476,4.234233357369245,Highly Active,5
2155,83.19190112058861,97.16487991784416,148,8.447772425783576,Active,5
2929,100.76294629707792,92.96587187304095,230,3.16936326913825,Active,4
1226,55.90222881338232,97.31367505384556,2336,5.348669545560019,Active,5
4813,76.81673790045987,98.78092924558162,37466,5.678388595736146,Sedentary,2
3452,79.38748910576678,99.66308884452438,2392,6.603041339619709,Active,4
3085,68.56351960647126,94.74266721736714,632,5.33833969263924,Highly Active,2
2795,73.74416347213767,100.0,9003,7.1969548579283735,Highly Active,1
1187,74.48036716123168,98.51282786141113,4506,7.787373256163384,Highly Active,2
2080,90.37525250557542,98.59918082567016,15105,9.257194115617056,Highly Active,2
4190,41.526019074038736,97.6007389580834,1951,6.911793010941867,Actve,2
3630,63.70742926518747,100.0,2663,7.421540782543444,Sedentary,3
4292,70.38408701105382,98.74038101681369,3133,6.760548063375099,Actve,5
4586,49.32390806496209,96.9512223623692,2247,6.250227863596304,Highly Active,2
4505,66.83295190110115,95.10525770289637,15006,6.706716344802106,Highly Active,4
3547,81.85107490202797,96.10888778298748,4960,6.46440771184116,Highly Active,2
4959,75.35780553995006,94.61199066460286,10578,7.757275258679048,Seddentary,1
3813,82.35042379976403,98.96131833728586,832,4.495520863858813,Sedentary,1
3583,66.45840616819503,96.46578941395522,4494,5.3821281630247695,Sedentary,3
4741,67.70692316343698,99.62724696791172,10445,8.734949909664284,Highly Active,4
4390,61.34972011423328,98.5118102586536,7265,3.8049371436071233,Highly Active,4
1405,55.60865370234527,100.0,8037,6.166203739259294,Sedentary,2
1663,73.60366081896917,99.2487717960425,1323,5.7425175334618395,Actve,1
1541,96.67253268640069,97.76272640997144,15380,7.02327286779297,Seddentary,5
1997,83.4205295115649,97.5407011329426,14663,7.532612821989056,Active,4
2140,61.35780579051044,98.36804802350528,1238,3.616445116957508,Sedentary,2
1867,85.83612010107404,100.0,21398,8.899756954238846,Actve,4
4756,69.64855590977248,96.88314955807348,694,6.299233813366455,Highly Active,4
2373,67.21874159557197,96.20856270140344,23531,7.616530451162751,Active,2
3160,85.5934384576325,95.49357834385012,848,9.144221266877384,Active,5
2206,79.29113753443664,100.0,2908,7.628738647138565,Highly Active,3
2169,76.70277980403772,96.5194735988827,9714,7.551149935388553,Active,4
1830,72.37840304822113,95.30070215549406,1304,6.451062049175666,Highly Active,1
1197,81.44061113109383,99.4389147888228,36,3.9043307810765375,Actve,2
2070,79.8338273425709,95.949920088928,7899,7.2676026459091405,Highly Active,5
1398,61.239607273697395,98.02647957338571,7116,6.517930859360921,Sedentary,5
3125,77.76549995713661,95.66303748080897,358,5.421285913630198,Actve,5
1601,50.76646975113687,96.63051423072233,11398,3.4555730966441778,Highly Active,4
2528,88.28239901088101,96.53305416762232,5109,4.602266171273172,Active,2
1499,69.45886316488397,95.75663898499052,5523,9.251429435661692,Actve,5
2596,67.74597792089718,97.85987604895948,12063,7.778089874276903,Highly Active,1
1137,79.44803747938151,98.60706955545984,1606,7.503939461893713,Seddentary,2
2794,79.44386756036208,100.0,3186,7.139782821817764,Actve,4
3757,70.33314834030145,98.37844148072216,8162,4.275207861055861,Sedentary,5
3804,70.37139664920363,95.620396835652,1692,7.219021593709699,Highly Active,5
4986,70.86531619610933,100.0,24706,6.6212176905050955,Highly Active,1
1546,71.6620402067732,96.9753973065042,6270,6.067973806914801,Highly Active,2
4373,57.90146679436971,98.10753727318424,57,5.248903352819697,Active,5
1580,67.25866048907453,99.1215109245844,9748,5.168527205569736,Highly Active,4
4903,97.71786367177477,97.31780999485149,92,7.71866807313771,Actve,4
2956,78.89350725877442,97.49699399555062,202,6.552529629110306,Highly Active,2
3003,76.5472226733214,97.57087419384256,5100,3.515621178744724,Actve,3
3096,78.50753704283541,96.8324664105229,13567,4.470972051812858,Sedentary,4
2625,79.94192621734477,96.15294112907542,13435,5.113423504522217,Active,4
4331,89.9139920367599,96.95484737653224,4107,5.894437009445313,Highly Active,3
1637,63.628134964439454,96.71298968670742,384,5.667774971935704,Seddentary,1
3790,94.66819093137124,99.3747600806074,6728,7.551681124123014,Highly Active,2
4366,50.96012593974355,96.4384646223982,4004,6.633059659726893,Highly Active,1
3978,77.51640477706766,97.7033800263975,20827,8.235317658364776,Highly Active,5
1640,60.55634397852048,98.63611662599614,4275,4.159949840989217,Actve,2
4384,47.79728572245516,98.96555480061676,425,8.97715874319244,Sedentary,5
3659,99.37834117931972,100.0,4564,6.32655435733255,Seddentary,5
2861,108.85221603787808,100.0,6184,5.910791635471268,Seddentary,1
2205,59.58422465924852,100.0,2519,6.104229840873658,Actve,4
1685,66.33394298648695,98.364197305103,9418,7.030035908433363,Highly Active,2
2851,89.6267178168106,98.82414521865948,1422,6.917286435002742,Seddentary,4
4435,70.16437726562437,99.9066066738862,962,7.233725885300013,Sedentary,1
1187,40.0,96.0807877253821,2489,4.850127464390291,Seddentary,1
4640,80.7514105296322,100.0,13711,7.159639235158014,Seddentary,3
2619,82.71467877377367,100.0,10497,5.601648136377075,Seddentary,3
1984,99.06784419332703,96.36734820642327,729,5.7449346373821895,Sedentary,2
1547,71.82809174966246,99.40711683725668,227,5.543086932057518,Active,5
3973,72.68441939691986,97.324805890022,8481,8.519832120585681,Active,2
1875,72.86384459760954,100.0,5268,8.213583838803395,Seddentary,5
1617,105.5745873863952,97.22035818397684,2289,8.193743265927417,Sedentary,1
2243,57.006259268602776,99.33811293393018,8866,6.7979356320095565,Highly Active,3
1902,78.09319840233175,95.69902826512256,199,6.446546646643456,Highly Active,1
1162,62.71084162630028,95.35562028460303,20205,7.074015703261019,Active,1
1631,83.06559975768626,97.2647135852776,4840,7.07086241838627,Highly Active,1
4471,96.60701609101916,98.62462698621694,1633,6.554093591123573,Highly Active,1
4800,62.20328994784232,97.95206146641456,1298,3.7823739337204216,Seddentary,3
2579,78.09368456441156,95.6138359553545,7576,6.966371030693656,Highly Active,2
2642,76.89274735880396,96.72174431837875,1685,6.835787746823738,Highly Active,2
3297,87.42799165685274,98.38802952934012,519,5.734377355291946,Seddentary,1
4604,85.04367645757627,96.8183678557006,6676,4.646219521760743,Seddentary,2
3243,67.72283601857787,100.0,5208,5.458518744751471,Active,1
3010,83.6083129435374,99.62607392796484,2819,6.966710227517564,Highly Active,1
4590,76.28073465652486,94.3823628482084,3113,7.756486673404826,Actve,3
2422,69.52550877302777,98.86598478585172,5956,6.542358777535086,Highly Active,2
3001,59.43600456663154,96.80059667669688,2361,7.822873279861934,Seddentary,4
1671,61.398569056243126,99.19397783944682,9061,5.156255806144471,Seddentary,1
3539,101.8303449937467,97.9077934876456,3344,7.301202784750633,Seddentary,3
3480,50.956623521040626,96.98746447865427,412,3.7859793356819775,Highly Active,5
1164,78.79828635829733,100.0,451,6.712372464070232,Actve,1
3068,67.74024912205094,98.56211497320794,1866,4.473805118561765,Seddentary,2
2105,95.05624766335193,99.65681356984616,1381,6.9582671412403245,Active,2
4652,76.19872656761821,97.54809133642485,2983,6.554029755614602,Sedentary,5
2880,70.30505126779568,97.25745126819726,6179,8.247617648242683,Highly Active,3
2931,55.45925539861041,96.22267823645144,12127,5.901138424544159,Highly Active,2
3208,50.20436677494112,94.9399821848821,6615,4.948033610722298,Highly Active,4
4779,99.51991536369356,100.0,4962,5.103569506282366,Seddentary,2
4064,95.99807818078652,96.82570305577856,8550,5.869111787498641,Highly Active,1
3336,59.04331212824343,96.9436546703687,15663,5.6101066186388335,Seddentary,2
1592,78.96464703195285,96.83809724167703,2311,4.140493363492798,Highly Active,3
1572,107.60639111576864,98.29066855948795,14852,6.219997753276442,Seddentary,5
4425,71.93649770902708,99.2304475460334,13695,5.979571609558966,Active,5
3075,73.57663042963365,98.63139718587784,2392,6.915032294162355,Actve,3
4001,96.24762446326048,96.03412266302696,5462,6.961280934951154,Highly Active,5
3470,85.32323351250676,99.88611996357837,1684,9.3126175876501,Highly Active,2
4669,40.0,100.0,622,6.583858997739742,Highly Active,5
1528,91.04821957008332,100.0,3362,7.691997487845886,Actve,3
2633,67.3466262615077,94.42437997499722,20511,7.513893259949052,Active,5
1197,58.72910644062675,98.26041366256936,20323,7.730748401939843,Highly Active,3
3657,40.0,96.6349601677023,3837,4.74024047002875,Seddentary,3
4648,69.55274289096648,100.0,4502,4.7770407125830445,Highly Active,3
4588,62.51975888039431,99.35910632208028,10178,7.715754979362634,Sedentary,5
2537,53.56512393730847,98.61695300700922,16602,7.719328687252271,Seddentary,4
4183,55.065474653246966,100.0,342,8.992892666722454,Actve,2
2080,63.486440281707885,97.51580293016389,2488,6.03748833650743,Active,4
1097,94.2947230364725,100.0,1138,8.213154934109262,Seddentary,2
2903,65.92828820952343,99.26786306828342,5159,9.413044882167478,Sedentary,4
2317,81.62536623579044,97.05020124483512,7263,5.992082154113431,Highly Active,1
4721,73.86337658862058,93.82458292166552,3796,5.448697272989089,Seddentary,3
2727,76.11920959547511,99.6090410161461,11610,6.0049111525258745,Actve,1
3290,52.339668737207376,97.01872789333828,665,5.596468586350602,Highly Active,2
3324,75.51334979535399,94.98412645632268,10349,6.199130526920908,Seddentary,4
3430,63.80515288544305,95.22051062311424,10337,8.466854353825102,Highly Active,5
2091,92.83467782501606,95.48026395331394,5015,8.138291502651334,Seddentary,5
1883,70.86258453144106,96.7242321239427,3746,7.20220107986427,Sedentary,2
3261,78.69270350757468,100.0,11806,6.310621353462788,Seddentary,4
3423,89.3788547804134,100.0,644,6.5990379023228165,Active,2
4048,63.281485568171966,98.97813812668817,1685,6.680791624261465,Highly Active,4
3727,40.51853552357175,100.0,11914,4.6456280734892,Actve,2
3105,71.74717962613404,96.25054766402424,16480,6.197137438389059,Actve,5
1880,94.4096081175894,99.58840091470748,14360,7.137578891353019,Active,1
1446,73.45811250393957,98.6010300798534,4637,9.845685995275003,Highly Active,5
3113,61.55429323496643,97.13273151141918,1296,9.304076991357675,Highly Active,1
4992,51.255979331911504,100.0,7255,6.801946038497206,Seddentary,4
2783,99.9158096405176,100.0,4291,5.329072687479182,Active,1
2991,88.93513542896525,96.47872174640224,3147,6.805438332257069,Highly Active,3
2067,71.85664803460564,100.0,1271,7.617626445990263,Seddentary,3
3274,69.02167167523103,99.7562683317361,2176,6.304487171190465,Highly Active,1
1773,75.92199506882784,98.72921324918042,8342,9.366249367589262,Sedentary,4
4507,109.17505349936351,98.76259550037204,5133,8.252545026723913,Actve,4
3648,81.89191949730613,99.594230402196,6732,4.731141450268739,Highly Active,5
2164,82.95701235678898,96.30110453434722,1746,7.95966464972628,Highly Active,1
2450,68.2472936590245,99.51796947565568,5493,8.243117728829159,Seddentary,5
3315,58.22615783025597,98.61592718973937,36092,6.141783906774196,Active,2
3555,58.354529972265254,100.0,7999,6.134349886110704,Active,2
1475,72.16733317494945,97.83762584880914,6962,8.380292612682128,Active,5
2320,72.83338745882429,99.96820486772272,11517,10.183848548237268,Highly Active,5
1484,55.61369483456683,94.71066366521764,1469,8.100305849461343,Actve,5
1558,84.3981790302022,96.21164508895438,2030,7.442328808713857,Highly Active,3
4982,78.83359207555802,98.62390396707914,1129,4.762613742291099,Highly Active,1
2127,97.6904138713941,96.8493253691826,6785,7.740470361951501,Seddentary,5
2233,97.64327511458086,96.49505243502782,30617,7.004299464339127,Sedentary,1
3875,86.48959362231842,99.93831782279878,5159,8.189336307927395,Highly Active,2
3433,108.96654221918833,99.62530169794849,1619,6.476243343716237,Highly Active,2
3822,67.03504725662081,98.30279750728305,644,6.850105436512106,Highly Active,1
1847,81.51619725651224,100.0,3220,8.048505836587317,Seddentary,3
1282,98.83215620711177,93.93964356969424,6558,6.405591981797393,Highly Active,3
2898,63.023915138685645,98.4618893813462,7864,9.41265296807608,Actve,2
1039,81.10645844397018,95.1528947925763,1833,6.435800379834195,Active,1
3533,76.3283829311517,98.8470423706702,9187,6.554310377130392,Highly Active,2
3267,65.00719073594419,97.73703193850196,4025,5.340680061872329,Highly Active,3
4071,60.30516295921629,100.0,5220,8.370557533202126,Highly Active,1
4591,76.85375393413767,97.26756277371015,164,8.207261994815196,Actve,2
1612,58.405873100919024,98.34779013975007,11337,7.804171591762899,Highly Active,2
1687,72.97358100625031,98.19407647125652,3459,5.097866176819714,Actve,1
3413,87.16139039633505,99.27565100022,13241,10.69471260304706,Seddentary,2
3325,112.89269173717295,100.0,23043,7.725011937591425,Highly Active,5
2810,95.474885525253,100.0,10647,5.237380375576118,Seddentary,5
3591,55.498186690649554,99.29578344659276,7009,3.4315292427551163,Sedentary,4
3696,72.03538516592168,97.4078315887807,3852,6.193149988441019,Highly Active,1
2930,61.108919584642834,96.98048069950588,2021,4.955339179924341,Highly Active,5
3861,92.02566566662544,95.28198531485398,2214,3.951494980869683,Seddentary,5
4958,91.70948732446374,97.42488613625656,3908,5.369546839221563,Seddentary,2
4180,77.81837699611684,98.41074575710604,2247,6.219940014413162,Highly Active,2
2910,61.41627755329883,98.61581717693204,407,8.492192426966245,Actve,4
1268,70.44459605840524,100.0,6509,8.526509068522184,Sedentary,4
2125,85.34235295111984,96.8432148237202,10798,6.6121177139898935,Highly Active,1
3241,68.2715996738794,98.50329455238214,3653,5.1368810805280045,Active,2
2594,58.34143177239298,100.0,3593,8.112075293388887,Active,1
1246,95.82658021732637,97.90208551486582,5317,5.423312654295508,Sedentary,3
4908,78.9766725120187,96.53687531080612,8677,6.768203629827977,Actve,4
3400,73.11464069606072,100.0,4877,6.342407683346386,Highly Active,3
4737,58.52830316683763,99.1662173654006,2357,9.918969417846704,Highly Active,5
4453,62.41456446140812,96.18801884831844,12495,5.389074509639668,Active,3
4069,74.33293380314333,95.58798267293844,8148,5.447915672080981,Highly Active,4
3692,81.34683551027732,95.27103001690692,9126,6.540181366891143,Sedentary,3
1226,65.73607528570251,98.22381151975524,496,7.597790417341633,Seddentary,4
2418,63.473673693851346,99.06854242818824,6797,10.463924296789786,Active,5
3990,50.8259303328715,100.0,3930,5.157721260085726,Actve,2
3504,78.99749800916712,99.27750115741571,8522,6.6808109597172916,Highly Active,4
4799,77.32422841240252,98.16433309991604,5803,7.544977063785491,Actve,2
2249,75.46387231010097,98.88128075112304,1992,6.343393112418527,Actve,5
2154,77.85452684802544,96.42063185711665,32052,6.987665549198724,Highly Active,2
1587,60.41841440925047,99.93464088857388,6936,7.2946517283316865,Seddentary,1
1475,63.0066720301688,99.1204678142702,11982,4.619014297921729,Sedentary,5
2821,100.14864850427468,96.80317678658054,3329,4.971345699976096,Seddentary,2
2440,74.69396839310933,100.0,5552,5.832745804725471,Seddentary,5
2698,68.3957642492968,99.98462508130746,12058,7.053190570176563,Highly Active,4
2715,94.4682668093596,98.1689447335394,6778,6.974621483295108,Actve,4
3593,72.23325489970348,95.90232928849876,506,8.364319350319407,Actve,1
1040,84.19046575536129,99.13570668320712,3649,2.7330383557914644,Sedentary,3
3354,83.86614353130173,98.19387699130868,7364,3.881000154066064,Active,1
1942,73.34355718896353,99.84609171402494,3689,7.907196805805001,Highly Active,1
4733,83.74143524257069,95.98407668800382,1901,8.623498244876341,Actve,3
3320,102.30399496544088,100.0,9020,6.248634035189235,Active,4
4930,96.6961948163667,97.94517949721238,2918,4.334106509869212,Highly Active,5
1930,101.18543286437502,98.30597156673556,8595,5.1247633258915055,Highly Active,1
2089,89.81241647267821,97.13869918773348,58,6.241516356137468,Actve,3
1482,81.61970054556684,99.1005030343703,1139,6.296330662599168,Actve,4
1935,88.40245144835293,100.0,6487,5.482942354743984,Seddentary,2
3501,63.19166805539389,98.7651981916446,624,5.844044060545337,Active,3
3248,86.19340743436847,96.06818828945934,707,6.656385002862153,Actve,4
2683,51.57567190149182,97.12546415985076,631,4.240518789708846,Active,3
1123,63.97188666216721,94.36406446319444,396,5.798209444812259,Actve,3
4830,68.34042524205488,98.2702523397342,13564,6.605033644464429,Actve,3
1639,61.74498936601697,97.34179198690155,1599,4.769210521224131,Highly Active,4
3238,65.41421921534362,96.2218668745391,343,6.371499587831229,Actve,5
2602,57.14852467369408,100.0,1187,6.009055614926828,Active,4
3563,204.0576099318878,95.76837901098088,5871,6.169674782300074,Actve,3
1532,83.5835305003842,97.8029161791187,6324,4.1381128319965175,Highly Active,3
3274,75.2293799294371,94.51829617609884,6335,8.670261410229621,Seddentary,4
4700,59.007938968037344,98.0012474233844,12161,5.745790967848487,Actve,5
1459,66.71819877617118,97.69225672534463,9,3.678705026597687,Highly Active,1
4472,65.11833461396643,99.57132729836312,2721,6.934083023551237,Highly Active,2
2787,84.68204287423507,99.5021601731451,10360,8.20976772387617,Highly Active,1
2138,99.59135912556926,100.0,2897,5.0889262197736596,Sedentary,5
3454,98.13517774301772,98.27473008971369,21400,7.968108202989974,Seddentary,3
2466,63.10593879367637,97.59694605400598,4375,6.67372594893922,Active,2
2377,86.37970763390742,100.0,11379,4.4673865503233365,Sedentary,5
3605,76.09638052445821,96.712528072039,322,8.008775056534699,Actve,1
3597,89.7317681302039,96.35737305284616,962,9.457019072668578,Highly Active,5
1141,67.20334097619661,95.80733929548408,2918,10.135311878840682,Active,5
1500,57.726312333038024,98.85557903505584,306,7.049874942883113,Seddentary,3
1839,89.20377710602966,99.17809032678647,17662,5.869296690554084,Sedentary,4
4618,68.61893835676065,98.1078355955294,755,6.600250517851172,Highly Active,2
2682,70.37504670073952,97.31803197888496,1160,6.342599886358148,Active,2
2565,74.86467179139937,100.0,8183,9.357790555413525,Active,3
4917,65.20912330308573,95.33973465698593,1282,6.155256800348957,Actve,2
2530,66.3886401061286,96.66804434960744,16428,5.177426075241947,Active,4
1595,71.05007321096032,96.16371243116431,998,7.301244899025536,Sedentary,4
1423,62.958939476897186,100.0,14308,5.470261803422467,Active,2
1153,61.83130374584606,99.87639840399318,1310,6.014894103882122,Highly Active,1
3661,97.01317691518808,100.0,454,5.77307961980979,Highly Active,1
1661,83.16450922246278,100.0,1825,6.736755949948769,Highly Active,2
2967,93.23239002730628,98.42031149360804,6017,5.265190761915236,Sedentary,1
4693,54.714343878762286,94.73414854524523,3675,4.039095550264331,Seddentary,5
3994,79.26169943025278,99.35473536900498,10252,6.060641804791808,Seddentary,1
2449,63.22423887763095,100.0,2140,9.93029451416173,Sedentary,2
4784,78.8625751786423,95.3515582610648,763,7.046270144908435,Highly Active,5
3220,74.75358640903536,96.9371371758794,12788,6.139316409781959,Seddentary,4
4789,55.74912034562498,91.71762924467686,1539,5.5149299679046875,Seddentary,5
4144,61.88391655403285,100.0,5718,8.454161519752741,Actve,2
3810,100.43231257702982,96.85669088801986,3034,5.826042399381276,Highly Active,2
2398,78.14803825657938,98.0489670489084,755,6.735005474805928,Actve,3
1632,82.3897195428704,97.83870695538256,1462,5.926270158915212,Sedentary,1
2531,73.4443062151164,99.9462259051452,7823,7.517295463109978,Seddentary,5
1786,72.86486153780078,97.99305275497191,9112,8.521951250131893,Highly Active,5
4059,54.76567793486052,96.63826412086624,2879,6.016053400581806,Sedentary,5
1397,84.90441671519035,98.41391649321686,4064,8.70008941158765,Sedentary,2
2143,60.21948983867894,99.3690197153822,8654,6.436143811887615,Highly Active,2
1933,69.69224709657335,97.35091094080748,7548,5.307999341744874,Highly Active,2
2460,75.49771561815595,97.8319997030534,10380,6.754814540856164,Highly Active,2
1285,61.931859550340725,94.08286521542306,22622,6.422195966055454,Active,3
1264,72.49671139725477,98.92110454036153,1718,6.751298570143789,Highly Active,3
2226,81.07971954306747,98.8384517620418,1794,4.280257926280013,Actve,3
4048,74.41343945711641,95.54527987454696,8155,4.253996644180511,Actve,5
3381,40.0,93.4096840877358,4430,8.313886304200487,Actve,2
1040,96.46027974778876,97.07490500642749,9128,6.099026987009981,Seddentary,5
2731,81.73042800327833,96.45815429823652,15563,7.8231648366772575,Active,4
1067,58.902968599903105,100.0,4519,8.036113673000115,Active,1
1987,69.18723325637173,99.62043292297125,104,6.1267893807015,Active,2
2621,57.99334715211275,97.9330034973887,3191,7.954983835598925,Actve,4
4087,95.23716711371426,98.44866052976026,9659,6.456507865948979,Highly Active,4
2085,59.17581534644074,97.4288021220757,3945,7.442841892173471,Highly Active,2
3479,78.1421084676454,97.7863584803714,6091,5.891313571142316,Seddentary,5
1778,83.6073277033808,98.29099349590088,14745,3.6214580948322697,Sedentary,1
4647,41.36685149591033,97.24936629603803,2313,5.867092917836765,Highly Active,4
1493,60.55662960563688,95.17463685818475,17368,7.174416388773762,Seddentary,5
2492,79.2572315314753,96.68285545118243,67,6.306435980912631,Highly Active,1
2348,88.90950288355702,98.75524220208476,1624,4.583098363698033,Seddentary,5
2327,67.90760368735063,98.04492683882252,1445,4.5535661213313166,Highly Active,4
2986,82.47205785419499,98.95105414489628,12334,6.086197042217182,Active,2
4755,66.4110714538817,97.9587581168604,10072,8.578716857480163,Seddentary,5
4136,73.5587642031197,95.76082985864856,8908,4.291108175184092,Active,4
2031,89.13402658011766,97.6648685509668,3969,6.208095583035369,Highly Active,5
4372,78.72986884143123,95.4181024244707,1690,5.2402537138655925,Seddentary,5
1342,105.38945403823604,97.85433995603104,7652,5.948942465992183,Seddentary,3
4502,58.400470311782286,99.62815687258475,1576,7.481320380665639,Highly Active,3
3379,81.41554102887865,99.54217893039116,5960,5.6445141817118465,Active,2
3221,50.9857426331863,96.53443886320868,7264,7.624723799184736,Highly Active,2
1526,57.00668843538854,98.20653063935444,10854,8.55530141137552,Actve,1
2896,69.1793607322561,100.0,2862,6.364271384681104,Highly Active,2
1658,76.2178120674827,98.59673422507208,22219,5.9581855238769155,Actve,1
1819,70.25095517518136,97.19685757943066,14372,5.285900628152934,Actve,2
3652,78.5461947314517,99.30887207250508,16921,5.250910147434493,Highly Active,5
1405,66.35391526496181,98.39065254201236,278,7.608212020795797,Highly Active,3
3279,58.78713656165863,100.0,6994,7.745906873022691,Actve,3
3580,64.02980665187407,98.34750716036336,9687,2.531177147138899,Sedentary,1
4890,95.04873956551177,95.0592661859295,21528,7.91035542640247,Highly Active,5
2573,49.09940537331808,95.54519397496335,2026,5.883066942086922,Highly Active,3
2846,79.01570564741661,99.57821480743412,7146,4.17846432924677,Highly Active,5
3395,94.06725924730203,100.0,1765,7.961910757416699,Highly Active,2
1771,55.21166858068476,100.0,2389,8.800595580240968,Actve,2
3901,73.36176922780098,98.56279351646246,4395,7.987824743674122,Sedentary,1
2515,101.79054478648908,96.26649983808,4492,5.976470254651035,Highly Active,2
4655,70.66581747576376,100.0,4109,5.156143147840253,Highly Active,4
4333,84.9917525645258,93.70947620918965,17693,7.096006829621013,Actve,2
2936,46.41394191462226,97.14749579889182,2247,7.704803923205843,Actve,5
1779,95.1411233441039,98.07582201001084,4889,7.022205542095738,Highly Active,3
1261,59.00142666300734,98.38978204685168,149,8.199249598391972,Highly Active,1
1729,99.38624137392458,99.52621415049929,9107,3.726135500715244,Actve,3
1282,71.48266153195036,98.67601646510953,2254,6.739962293616102,Actve,2
1361,74.19214738223225,96.06404454638124,6053,4.480368129329846,Sedentary,5
1866,66.81577363276267,94.1275197087008,455,7.505879833211196,Sedentary,5
2447,82.17852848739321,96.04772129832334,5768,6.694777156216313,Highly Active,4
1141,50.936524575721016,93.7219887165123,1749,7.828892063866094,Sedentary,4
2314,63.560465904352334,98.94311498719698,9705,5.607544695039374,Sedentary,1
2455,72.56939311406552,98.10056344776363,4208,5.177771588062681,Sedentary,2
3796,63.17655394465073,96.3216499668546,2017,7.270461593485342,Seddentary,4
2712,112.20998336793414,100.0,10031,5.211694213845493,Seddentary,1
3700,63.58111138301261,97.08697456538052,4212,4.242515689280686,Seddentary,4
1700,74.83284108591373,98.86440637855898,11723,4.941289676004054,Seddentary,4
3096,104.09703734802147,98.24444431577248,3375,3.4382668935161034,Highly Active,1
2325,100.51830218314969,97.7851476908857,1389,7.21276790809258,Active,1
1880,51.48120278215231,97.41236140817485,442,4.565984782517398,Highly Active,3
2213,72.53293231170552,97.07378486483388,21761,4.483082419021155,Highly Active,5
2159,75.54049309642804,98.80298159982055,9078,6.107117476759792,Seddentary,1
1891,86.56353583443817,97.86645559297956,1599,4.299086359064154,Seddentary,5
3912,101.81804856827242,100.0,307,7.303317978116837,Active,3
1601,87.10582702198579,94.63203112932749,758,5.9953651017238485,Highly Active,5
1340,69.67750277466625,97.9956030395604,7681,8.683910875701493,Sedentary,2
2968,90.21071686417557,98.18767518404545,5878,7.294770073544601,Actve,2
2386,54.71128206685495,96.6459362987076,948,4.431782183732873,Sedentary,5
4893,68.49400549032995,96.27996699453432,6202,9.866112736205544,Actve,2
2572,56.688301017364935,94.99241581270267,34073,8.55388274346253,Highly Active,1
4600,81.06696544326488,100.0,4861,7.710610700551777,Active,1
1855,89.20291159521031,97.3652808532926,343,4.61881735772999,Sedentary,4
2812,79.7815504672219,100.0,19097,7.489147500173243,Seddentary,1
2727,85.04482429859331,97.96755130935686,4042,4.831426339581139,Active,4
4239,55.27883464382161,99.49720704081076,15677,6.604568679258672,Active,2
4403,87.81566012206746,100.0,2539,3.2567092604238805,Seddentary,2
4004,89.74647734716459,99.11029281510665,14587,6.201113427078359,Sedentary,3
2132,78.36730138410394,95.21784461955944,8462,8.15328828775382,Actve,5
4339,83.75625215494514,100.0,13231,5.463899349945936,Sedentary,1
2952,96.61850078118816,100.0,7876,3.8380640249718994,Highly Active,1
4372,72.1701814573777,95.0261873036942,1531,8.205454800290283,Actve,3
3150,58.717304659879005,97.06092486549952,2177,5.337855910884703,Actve,4
1519,71.9005351679623,95.54031143487336,17718,9.850518658030422,Actve,3
4224,66.22162226487958,97.66301540514866,9852,6.005275333023216,Seddentary,1
1194,72.1699719842955,100.0,519,6.62050632372142,Actve,4
2710,78.91480395480477,95.93099960127586,2953,5.813208474440951,Sedentary,3
3686,83.94063235684185,98.38349510105871,793,5.299706875239057,Seddentary,5
1419,66.39760265590711,93.9590873165687,1983,5.3236297527946945,Actve,4
1593,103.83518756499969,99.45261823641088,2640,6.483499180327431,Highly Active,2
3532,93.74445471255216,100.0,6538,6.043720908325054,Active,2
2107,76.33610067419599,96.12010807262324,1961,6.989461752518685,Seddentary,2
1042,40.121512140783,97.69189024899822,19458,8.704677130559972,Sedentary,1
4808,71.73649125298914,96.19358613500148,7784,8.111441632957211,Highly Active,4
1331,78.15543427123372,99.17921399864838,5336,6.38833278194173,Sedentary,4
4826,84.20065209049326,100.0,12236,5.730507654419038,Actve,2
4868,86.87353302416764,96.44201735747772,3993,5.793838991883965,Sedentary,2
1104,79.2193101636078,96.17128260102989,570,8.391212470187089,Active,1
3497,101.6687089568418,96.73353037302758,8755,7.121359483004941,Highly Active,2
2842,59.81329503020327,97.2357675422127,2082,7.532403232092563,Highly Active,4
2996,63.950516967004376,99.10384255322316,5921,5.383001045166635,Highly Active,1
1909,52.85816092630964,99.57805648018808,3411,6.706614938651699,Highly Active,1
4155,56.94212367910794,96.9669283252129,6881,7.547608383530759,Active,4
2628,87.24618596485672,98.60817712408269,4245,5.891398162373395,Active,4
2935,67.53988638596344,98.7324790230494,7763,5.139116501540129,Active,4
3343,64.26469437857185,99.74642095891562,10772,7.987387625858525,Highly Active,2
1267,80.71426333818113,95.22508963918904,8646,7.591141652449584,Highly Active,3
3466,88.60408979549685,95.78173116031542,18510,5.839809108268081,Active,4
4382,50.54348810508845,97.45939638189186,13782,8.393501047338,Actve,1
4884,58.390877175531074,94.09842657591784,7465,6.457582555078255,Highly Active,1
4033,71.91059156266252,97.4299537355967,606,5.510673879413989,Highly Active,1
2380,65.99215899029284,97.2383995639298,2656,6.595450451167937,Active,5
2236,80.96602865498505,98.03372128080326,11788,7.872018175568576,Highly Active,1
1573,45.21057852464843,98.48625757162571,153,5.28151624739096,Active,1
1222,54.74200505036603,95.23039696570036,265,9.222480868043622,Sedentary,3
2431,84.48217062656367,95.50721538126984,9137,9.20889346430221,Seddentary,5
2528,58.041021551693746,98.04241711215307,1071,7.843929457282849,Seddentary,2
4365,93.16377070972506,98.95663892384054,3680,6.57714200580775,Highly Active,2
2819,55.39996153535309,100.0,866,7.29269955401707,Active,5
3467,69.74442591553847,96.82875783070293,573,7.79679818238362,Highly Active,3
3658,102.56615422950588,99.31177531494532,6210,5.676971594855528,Highly Active,1
1374,73.69342191962205,98.23876355741972,487,6.967993512453576,Sedentary,2
2889,90.05932025086422,98.7188635193829,738,5.760585734691947,Actve,4
2474,79.32639652795973,100.0,7328,6.505764683943824,Sedentary,2
3242,55.364979168943194,100.0,6293,4.566655699704169,Highly Active,2
2179,76.65305474019455,96.2416318318394,7959,7.362833677512071,Seddentary,2
4243,80.56600997504314,99.25501340329238,3889,5.962341290509886,Sedentary,2
2064,67.8236040015795,98.89183518008863,2206,9.331041355243965,Actve,1
2403,90.99748972064413,95.85207575106486,2575,9.65090331441198,Actve,4
1678,73.94596448734994,99.56989871179996,698,6.473506029262718,Sedentary,3
3487,81.38063371884763,97.74942335649185,2168,5.116111215716101,Highly Active,5
1832,86.20720687264453,97.93451981766457,12223,6.924730460210327,Actve,2
3606,86.6550444377592,96.73485528720562,2430,6.23286292849212,Actve,3
4273,96.8023960563858,96.26815701335796,8754,9.114404288596528,Highly Active,3
4515,78.96411347222863,95.10542673697452,2419,4.152057695192469,Highly Active,2
2450,76.23966809798503,98.21163240574133,2984,5.61111254720741,Active,3
1125,76.60694677959377,99.94352129088595,7715,5.3534884145237225,Sedentary,5
1816,40.0,98.64809997307955,1250,6.984259100368792,Highly Active,5
4498,54.2511077171538,100.0,6750,9.226228499078632,Highly Active,3
3372,96.1199328816722,95.77345497847628,15599,6.560352311384562,Highly Active,1
2415,101.85613460275512,96.76303311571964,8819,6.050991683787638,Highly Active,2
1929,54.99530465096701,96.73391155148768,10707,5.913933769936632,Seddentary,5
2463,48.03540289144867,98.2513256958366,1621,5.849122015911998,Highly Active,2
2054,102.42993192044108,100.0,1064,8.5783984475698,Highly Active,1
4459,80.52822158626947,99.91047126080085,13126,3.7056765427807634,Highly Active,1
2900,75.67682951075291,97.12063823149028,1472,6.402572283222693,Active,3
2457,53.048105127291606,95.42995874716448,1091,6.717391919214572,Actve,2
3973,72.11608781661245,96.634360310678,976,3.7289211458077434,Highly Active,2
4843,79.16875193878474,95.3105808535748,4407,5.028321423899796,Active,4
4737,62.27530655533973,93.74774588039172,3333,5.168762103329218,Sedentary,4
3037,95.54461508074304,97.07621995238718,4494,6.179292903439812,Seddentary,3
1362,98.80428166319513,100.0,2835,6.717334514803793,Highly Active,5
3495,102.0034280719544,95.96815737451686,4347,4.454702963479631,Highly Active,2
4634,64.34963629943638,97.44353408096052,2360,9.969903838658563,Active,4
2850,72.40683715921068,96.84255861536631,9227,3.286168594342451,Sedentary,4
3172,93.94091541303833,95.23556184581436,4474,8.668662773404668,Seddentary,5
1541,63.02587837045223,97.02855039939828,7884,5.424889093610998,Highly Active,3
3169,85.5115098920612,99.08966068031532,12448,7.457981738389392,Actve,3
3693,91.0528569246262,100.0,11574,8.137383959696564,Actve,5
3043,78.11498355468588,95.22947959504658,1109,5.92732638961781,Highly Active,3
3248,68.35127806484627,100.0,1957,9.344217467708106,Highly Active,5
1076,100.61654735723764,96.02534739627256,1295,5.658952243028079,Highly Active,3
2523,85.6739030703677,96.16286009531844,8235,5.421229102975461,Highly Active,1
2936,70.85102880603856,99.25186321272233,4630,7.073244311872173,Actve,1
4807,61.46218741479086,97.30391585377028,8456,8.151658004262046,Active,2
4055,98.13556458658326,97.83163479625853,2310,5.695967725073631,Actve,5
1067,63.17376550208857,100.0,1302,6.721692817798672,Actve,5
3352,118.5325595220546,96.69349427291874,5382,6.901664355812993,Actve,1
3721,102.97660739061232,100.0,1485,4.528834643842506,Actve,4
1364,62.8442063974,99.37897206332748,22404,3.634512152392374,Active,1
4925,84.39005327578158,98.21248763815082,16741,4.183738421713558,Sedentary,5
3390,54.27028651930212,98.51778386124268,5772,6.989707345745385,Actve,4
1946,52.4390161218964,95.86877527021458,3446,7.034927712544861,Actve,4
3946,86.504144118033,99.68981779448625,3609,7.051096288478199,Highly Active,2
4180,55.58771981298594,94.5080275762365,6592,8.41786351375076,Active,5
4634,57.499596912150054,96.36281924029768,44,7.298931423975987,Highly Active,1
1761,68.83412092862513,96.59822840708313,11595,8.22155972715082,Active,4
1340,53.98657561234839,96.22806828800424,8620,4.460250341038855,Seddentary,1
3989,95.10200058209412,99.77669132427312,6788,7.968063269215589,Actve,2
1382,89.35367356411447,100.0,455,6.249327459562224,Highly Active,2
2556,83.92108305889663,95.29057365628772,340,5.874629061176809,Seddentary,2
1299,94.5242529568873,93.50601609153216,465,6.181969781259505,Actve,5
1138,68.67701078962547,98.11312205807218,367,9.935552004908963,Actve,1
1835,81.19359135705642,95.9403263666278,11328,7.611026587393651,Sedentary,2
2982,68.15797610083699,100.0,18907,4.3779154235994575,Highly Active,3
2303,89.95890394530461,97.10354262988096,4911,7.81470982684837,Highly Active,2
3913,75.55990426478948,95.47613558652046,6420,5.4327400343991075,Actve,5
3186,76.28148519871195,98.87668749641593,1796,5.757842192426162,Highly Active,4
4921,77.84128298277201,93.78143983298564,16500,6.30571221205732,Seddentary,1
4735,76.94687129088885,97.88594434925538,22160,9.40788567730975,Sedentary,5
3567,87.90508999410963,100.0,9679,5.040035025953022,Active,2
1656,72.88069031865092,96.1128250447893,2054,6.8480113033335845,Active,5
3660,84.79151492555265,96.83191032634814,10,6.937742778149407,Active,2
3111,90.05982507513335,99.83232975755648,3992,5.607721232372307,Actve,1
2140,108.07207540076097,95.9962644621547,3536,8.713532818155098,Highly Active,2
4211,69.86815245531054,100.0,29151,5.808973081661879,Sedentary,2
3293,68.63392015603702,100.0,997,6.075898816362138,Highly Active,1
4732,87.21636232864053,99.37769173945811,448,6.094589229718502,Seddentary,2
2510,57.36737530424102,95.04331442171664,1815,4.489105020862179,Sedentary,3
4588,88.19569769702898,99.06669371495282,43447,7.10256196176197,Sedentary,3
2207,86.32018709710702,98.31082394963934,1656,9.418103980820812,Highly Active,5
1557,79.90461127428514,98.45356209510344,2228,7.283260701437485,Highly Active,4
2017,96.6479548032035,98.0901350394671,4719,6.2969831182118385,Seddentary,4
2605,69.91169562981861,99.72976787792622,1856,5.63874984230609,Highly Active,5
4600,82.95484322155333,98.79252733697696,3859,6.36636375428571,Sedentary,1
1882,113.14344668615452,99.72106372199892,4111,8.126280495791612,Highly Active,3
3667,67.6739035027929,99.49028586421632,8275,5.277850171474811,Sedentary,4
3867,72.60996883269095,97.97435633837364,994,7.507066506345716,Sedentary,4
1863,75.11199480890579,99.63123495122046,12526,9.32201649671124,Highly Active,1
1581,75.69084064235707,95.88392707608504,6542,6.852094688452612,Highly Active,3
4488,64.72202364808778,99.294460597107,2093,7.801253894174437,Seddentary,5
3454,77.04463538432262,96.1752322387708,9809,4.945630162665868,Seddentary,3
1714,62.21600713529491,98.0674560383484,2614,7.381901424744743,Actve,3
3808,68.55101978729004,100.0,5252,7.29025091696744,Highly Active,3
2714,82.06316142549235,97.3510907228691,2553,5.704259569458258,Seddentary,3
1992,84.90793330664367,94.48864746548452,9770,7.217840617007419,Active,4
1603,73.13582011056137,100.0,12282,5.159401321949224,Actve,4
2970,68.80626410544708,100.0,10747,6.0238164901903595,Highly Active,2
3046,84.79084658393738,96.0412213559414,4448,6.074843890715944,Sedentary,2
1902,75.0703087105755,99.32157125436348,6210,7.368405353197995,Active,3
1364,70.73718934729244,97.68038011354297,18713,3.465338232966843,Sedentary,4
2863,62.726824545594695,95.84675625795872,1910,4.5036951205321465,Seddentary,3
1115,97.6151150191916,95.63738619592132,23471,7.898410789570645,Highly Active,3
3988,76.25911821050562,97.20308119113616,283,3.7424663443668065,Seddentary,5
3384,55.49179007014479,100.0,3184,7.021691265219538,Highly Active,1
1880,55.41963873448977,98.9158218356714,1214,7.521837150505572,Actve,3
1839,94.93482577622314,97.10733359984226,1954,7.304429709620046,Sedentary,4
3194,80.46007323808281,100.0,4819,8.457151806330554,Actve,4
4646,65.33734716648084,98.41903573738752,6042,7.768990248181877,Actve,3
2036,73.84887403780903,98.16358118955756,2448,6.50519345256934,Sedentary,5
1942,92.5256435090583,97.88302650424482,532,7.362931974431522,Actve,1
3527,48.07080865969655,96.0667898768465,2211,9.567494092493718,Seddentary,5
1682,58.6762784469584,97.8902156004942,15304,5.171733776474867,Sedentary,3
3953,94.11112734731554,97.75970975520056,2159,5.895352642108937,Sedentary,5
2833,64.24883385285474,97.7933714555456,7565,4.900546638863618,Highly Active,5
2227,69.76631840055586,95.37878565576132,3593,9.2907520813592,Highly Active,5
4618,77.861578958888,95.4819426535068,3118,6.609404544292916,Highly Active,5
1695,74.99065234650192,99.4397081109029,6176,6.305061713565784,Sedentary,2
4805,85.97934416235063,99.3362519416024,1516,7.764674318062015,Sedentary,2
4234,71.97736653947271,95.56410357455088,183,6.282572592802212,Highly Active,5
1018,83.85515867815691,94.22906834119668,7206,6.369408913737883,Seddentary,5
4441,78.54935282721144,100.0,2130,3.7409607616155816,Highly Active,2
3311,85.65161619070061,99.73621119518756,9917,6.910794327432483,Actve,2
1112,53.58962344332073,93.23664271069032,3919,6.36443136735724,Highly Active,1
4559,72.31848869777689,99.25817651332687,10300,5.777895466089527,Active,3
4398,60.770006642349,98.40054043054552,15967,5.07664633284342,Highly Active,3
1541,68.04558240036314,98.66024269575836,1410,5.189905634359421,Highly Active,2
2088,84.99009621158899,95.90537922837078,13593,6.937139880042375,Active,4
1024,93.7218673465848,95.45116644521146,2294,6.293374814742427,Sedentary,4
2767,51.47854922791746,99.44741708210324,1168,7.705380040151182,Sedentary,1
3235,62.2651372812268,96.07354895813152,13121,5.503010174128593,Seddentary,5
1200,77.21061553919802,98.86684430830948,6896,6.204881945693912,Seddentary,3
2455,66.5957495074173,98.33712656199032,24273,5.521072209623983,Highly Active,3
4747,75.62687052939003,94.29836033666852,2694,7.807298389158422,Highly Active,4
3750,44.537127822378146,99.56556896048995,11265,6.8918729710754505,Highly Active,2
4175,103.17646047991254,100.0,3031,5.76847027473639,Seddentary,3
1941,74.35794063017157,96.76990448343004,6697,4.483792646881749,Sedentary,4
1413,87.54175729784214,96.51385573680034,5072,7.546857730897552,Highly Active,2
1909,54.93839502261298,98.83630850972185,1550,3.433957583073448,Highly Active,2
3092,100.04926924468045,97.35056609347671,5747,5.541829976973192,Highly Active,4
2146,77.92389586903691,100.0,9174,7.281321325105127,Highly Active,3
2551,81.3269556087314,98.7640929691551,1429,7.725273473786971,Highly Active,1
3422,83.9375594106138,100.0,10910,8.278729360617064,Highly Active,5
4451,62.057167177477766,96.1844232627564,20379,5.790383889615519,Actve,1
4429,67.00445570178057,98.98803420944128,6143,7.249585596050538,Highly Active,4
4259,68.79626514514871,99.64258413155328,4059,6.366984672117187,Active,4
2903,78.67695320295087,100.0,21038,5.455605145393408,Highly Active,1
2497,91.54848579182324,96.84777499618394,1683,6.411524219961897,Actve,2
2036,85.02953752781384,99.8940205347728,2180,6.887252600513251,Seddentary,4
3231,68.06604325407291,97.29598449882408,3315,5.6659793889165995,Seddentary,2
3342,67.28116528415337,100.0,2526,5.452805144681507,Sedentary,1
1631,55.27340797767045,98.56762559168644,27421,8.281613880214381,Highly Active,3
3780,57.72787982247621,97.3357053623826,17860,9.911487905141136,Seddentary,4
2588,75.67603822279793,98.2055125353304,3916,4.349446092541264,Seddentary,3
3368,74.72214689546544,96.81695988784126,8022,7.098943882390415,Actve,4
2693,78.63048096909301,100.0,3681,4.338585823107432,Sedentary,5
1436,48.46094876551835,96.93111324810032,10445,8.664829408549448,Sedentary,1
2076,114.55420254869009,95.59285020580582,4358,5.532244490775951,Sedentary,4
4858,66.95143971158194,94.53944077410766,1142,6.534556395296386,Seddentary,1
4384,65.21064354841708,95.50993846132071,10936,5.1326710829664695,Seddentary,1
3773,102.38345527737144,100.0,56,5.544017996612843,Highly Active,2
3078,85.0656906989352,96.99297450467374,18567,4.345056800291455,Actve,4
3384,69.86037447125885,98.91736830231169,4639,5.127311904908082,Highly Active,5
2469,59.989700133468205,94.47259735493176,9542,5.607237402394716,Active,2
4145,75.83794702340286,97.58077838717512,2307,7.79695160375756,Actve,5
2479,67.96844404060847,99.290274896603,5003,8.015162164068593,Sedentary,1
2589,81.02818479938948,93.50239464121069,12273,5.460475470141075,Highly Active,2
1659,78.35968353229532,97.50531426439328,5508,7.710112170623081,Active,4
1159,69.07173186399923,98.52492331291882,1438,6.040015748510301,Highly Active,3
4953,83.55295583284784,98.3700761568638,6723,6.207441756234461,Highly Active,3
4249,80.06432674119957,100.0,2136,7.477270978558144,Sedentary,3
1052,66.39439970037853,100.0,6411,9.460377379919006,Actve,5
3894,77.8496466191224,99.86100476984149,26329,4.21394996094736,Seddentary,3
2045,94.1070803292144,98.63875351797763,17039,4.454215000487473,Highly Active,4
4130,59.52003442605531,96.1581321214284,10222,5.251768532425706,Actve,3
2494,50.89093656590545,99.10410198351305,785,3.619877842752575,Highly Active,2
2035,83.33488337785562,98.89198201704572,243,4.149325751597081,Sedentary,4
4702,57.32537084677184,100.0,1415,4.614666193545679,Sedentary,3
2950,50.45987131273108,95.90436583941036,583,4.997396552735035,Seddentary,2
1849,84.49025065453468,98.11651641026474,7909,6.693013775748748,Highly Active,2
4710,93.7390892127522,100.0,142,5.793960321032887,Active,5
2098,74.14157660960691,95.88754515325486,2151,3.893583504929594,Highly Active,1
3920,60.02810977361374,98.64937646252146,1385,6.837208687133445,Seddentary,3
2739,52.54361102052402,99.50344823919652,1270,7.395231547520798,Seddentary,2
4632,64.673725855658,95.800661016263,1784,6.967873375101167,Highly Active,3
4662,69.08518111374389,98.5638031087979,11455,4.517510322506348,Seddentary,5
2464,86.44290726645792,99.3040575424717,20935,7.396925942211403,Highly Active,3
4065,61.26958857234599,98.81035476877504,6925,7.21740052693724,Seddentary,3
4225,89.64729769168208,94.51057233058664,824,6.076937301796635,Sedentary,4
3341,40.0,99.4830774421292,5113,10.613025140084016,Sedentary,4
4414,103.8432254206956,96.20116577434524,4118,4.71300619939309,Actve,2
1817,60.21593124708296,99.50214668278076,4325,4.059379593060897,Highly Active,5
2960,62.07842524849107,97.86083585915776,11340,8.340238696829243,Sedentary,3
2180,64.96183919833372,96.97856406624597,1456,3.7011503001237727,Actve,3
4722,84.86105192967973,96.26064958588348,4600,4.088058225167301,Seddentary,4
1136,91.85710141207647,94.31590356020791,4926,5.691464425133953,Active,1
2697,65.67920584805393,97.54930866174416,3892,5.42043654671017,Actve,5
1818,73.63488910669437,97.54867093325392,2073,5.90945150562061,Highly Active,2
3738,51.09306914715928,96.43974321729569,16074,7.773070098395199,Sedentary,2
3448,71.3766884931963,100.0,11347,7.950226311309576,Active,2
4769,77.32532800710378,98.38528623166744,5774,5.605693886781773,Sedentary,1
2948,74.19578376768952,98.54019267040783,3778,8.021161420834437,Active,2
3010,44.11435086378152,100.0,13813,5.771726821071036,Highly Active,4
3998,79.4147887355305,91.81809262055388,9767,8.001757826031191,Active,5
4988,74.75940807893767,97.35273464690324,37385,9.929748264829636,Active,1
4947,62.95694959884958,97.72062823007072,18390,6.001304343951311,Seddentary,3
2808,81.11468483338322,98.46709739872908,227,4.876810815360944,Active,3
4523,48.11912587825681,94.25737304556598,5485,7.107547247842852,Highly Active,4
1430,76.7633954167461,94.54064542909808,1348,6.656305323461377,Actve,5
2629,81.22629986781658,99.23869968656712,3818,8.356923965615799,Highly Active,4
2746,75.41985443710608,99.019550903272,2860,6.680177736897632,Actve,5
2316,42.11754113999045,98.02297987026138,3580,6.537372873615341,Actve,4
2124,95.1195881226343,99.6351467512575,7079,5.374689128899346,Highly Active,2
2327,59.33291192431667,100.0,13290,8.253255420643235,Highly Active,4
3918,76.82694960628307,99.4729670025129,2344,5.695876475285722,Highly Active,1
4839,107.7136322905271,98.93638664454524,3678,7.15155569900443,Sedentary,2
2259,42.95125672493724,97.29099382585925,5724,4.907379243782697,Actve,1
1872,112.80161863233252,98.98831641709752,662,7.91649599944964,Sedentary,5
2478,76.13965813321278,97.13091817437382,15372,6.860932334769529,Actve,5
2036,52.31112800201969,98.78263616257686,7880,4.82251811049683,Actve,4
1396,45.67072073382897,97.80859685950732,615,5.339184521826296,Active,2
2123,93.28547507747638,95.40559736445006,3758,7.370402179278246,Highly Active,5
3078,81.46137007713794,97.99939314914133,1982,5.88757263913446,Highly Active,2
3945,68.59429154502229,100.0,7568,5.015347767221796,Seddentary,2
4237,106.28506429536571,94.928827404674,4051,6.998143900994659,Sedentary,1
1951,56.528868257410466,96.80620464685464,2075,8.652935311197675,Active,1
3005,68.50127850392975,96.72349080975174,13292,6.373590707214549,Actve,5
4171,92.68228459773088,98.49330190410969,3621,6.312346502549585,Sedentary,5
2878,81.6759027889914,95.60378893359356,2992,8.585718592225097,Seddentary,2
2196,93.53641322908584,96.25548361305208,5608,7.057361473440476,Active,4
2772,84.3583099688336,94.20188515689496,1045,6.1035435428066185,Seddentary,4
1775,57.82063469685096,100.0,5933,8.005077159654936,Sedentary,2
4334,90.8189109643173,100.0,1230,5.56639069023656,Seddentary,4
2827,91.67027800489969,98.90387584628988,572,4.774133008863471,Actve,1
3321,59.76711698061845,100.0,5560,8.307408312343169,Highly Active,1
3535,83.95340555252406,97.43680989709246,157,7.527998395549105,Actve,3
1355,46.06508920476255,98.48216317216072,9283,8.268219902499904,Highly Active,1
4604,92.19041571463862,99.16353682513208,2040,5.918133611272651,Highly Active,2
2548,74.78254151612965,95.5055046023968,1108,5.8256331975936,Active,4
4384,60.82488875327939,99.94084611988082,1108,7.391774364587123,Sedentary,2
1117,75.2040610998128,96.07123817095268,14319,5.441411093956782,Highly Active,3
2673,61.45427434896133,97.35261877052169,2240,7.026308593657475,Sedentary,3
3612,86.15433122660644,98.50903590200312,942,4.6930477509961195,Seddentary,1
2067,87.10762023468894,99.86313393399884,113,7.63350866073005,Seddentary,3
4657,87.89196622877289,100.0,24510,7.152871433223676,Highly Active,4
4173,103.99734741010622,93.64568496702742,2457,6.833520534744044,Seddentary,2
3005,64.48316682406376,99.79210694171142,2094,8.362817782401532,Highly Active,1
4920,76.88461854221279,98.19380767185244,17737,7.143735051082069,Seddentary,4
4209,67.2855103823361,100.0,2664,6.962220790050192,Highly Active,5
3158,83.79035616082705,99.7607180248786,2580,8.610407022854048,Actve,5
3661,74.53968570923848,100.0,351,5.837904887042692,Seddentary,3
3064,46.09206844112311,94.7342584015312,6850,4.772172593960915,Highly Active,3
1540,56.57819489888713,99.2271062114294,5348,3.9572036484386057,Seddentary,3
1170,74.0637322626244,96.63432214624498,5681,7.135727750739546,Actve,1
3456,85.21770200029428,97.8179322082494,5500,4.9251726143555175,Active,4
3905,92.8877997005988,94.0928181979582,4646,6.044900323316238,Actve,1
4904,77.18424208147766,95.49792605751716,2027,9.63561922420672,Highly Active,2
3831,50.21749269865377,99.70724631539228,2432,5.201825060181418,Active,3
4866,59.63361558705335,97.55326381083609,14907,8.548138263399778,Active,1
2705,61.89697061629746,97.3573817607656,143,6.179225474673147,Actve,4
2722,60.33970899252465,96.07526690868195,22000,7.178118970720925,Sedentary,1
3792,53.71812007067075,96.93551723899054,2024,6.184372338439828,Active,2
2444,67.09683666060724,95.79346719851009,3297,5.594637030235532,Seddentary,3
4462,68.61160136827642,100.0,6660,4.685654045061725,Active,5
2759,52.85276542955637,100.0,4469,6.798070961213682,Highly Active,3
2524,73.7007096279765,98.87301695869532,12537,3.9347498687386824,Active,4
1032,52.72416488716716,99.85419181803276,17046,6.7545637619291075,Actve,1
3566,86.15907575285459,98.21466691603504,13950,5.577742171291539,Seddentary,4
3803,56.54358310129184,96.0643050184632,119,6.245868489986641,Seddentary,4
4896,86.79124087036128,96.1339676331944,620,6.140101498147913,Sedentary,2
4709,51.799012681695615,99.0059221674985,1613,9.022017848978434,Highly Active,5
2551,75.34719824953835,99.4712426287395,678,6.837924630854794,Seddentary,1
1719,63.680427358594685,99.906588659888,18771,6.059920297039523,Active,3
4299,77.71066733918654,98.69785985699684,16858,7.671849518746234,Sedentary,5
1306,74.72784404469135,98.11072042296622,3785,7.00997831975497,Highly Active,3
1456,62.970976143384775,96.86198068344014,14940,8.27618539542597,Active,4
3776,75.27013237821092,97.7939935011418,624,8.212762866982791,Actve,3
3657,105.83123610967698,93.53072646112211,13919,7.5900636606717,Sedentary,1
2249,102.04518665650374,99.21078831749584,20622,6.6559826905727135,Highly Active,4
3459,63.031176169442695,97.12963337267948,904,6.447185444496476,Active,2
1392,106.53974803577772,100.0,2385,3.665719576671236,Sedentary,4
4716,95.52173127074568,100.0,4314,5.1185218927116125,Seddentary,1
2847,92.12925915315164,95.7541259629233,4187,6.347068352434073,Highly Active,1
3655,64.40097499918248,99.344134530923,12945,6.295693084173722,Sedentary,3
1979,79.86302093045597,98.88457783252927,4020,5.06555104937065,Sedentary,2
3587,71.74765886859277,98.00055008128017,6967,4.8804401786982305,Actve,5
1232,75.56225145662272,99.79578057483668,2083,7.278478094601318,Active,3
2552,118.94516529390434,99.17766137761274,6489,9.121200541237576,Seddentary,5
4563,77.45408864426682,95.2537319242962,2871,7.211834008172373,Highly Active,5
4270,62.05491228584225,96.74103778509117,13866,7.497050555973172,Active,2
2417,79.3945932330325,96.26323440789297,4806,8.17416182389403,Highly Active,5
3314,73.2552042620233,99.6563474363832,470,9.464656485398296,Highly Active,2
1460,77.35389751880916,99.38801867195596,5148,5.513842346457362,Sedentary,5
3503,64.90140152800586,98.68650485672651,21332,6.867742979460831,Seddentary,3
4431,52.97726263369535,98.19848210955271,524,4.790323341417496,Actve,2
4483,48.9598113588477,99.65525884177973,10718,7.9518943798743,Actve,2
2994,84.42147395321165,97.80641716453373,5514,3.223189195515239,Sedentary,2
1490,64.73158635034919,100.0,816,6.723567314449779,Seddentary,2
2072,68.6689957273621,95.21551492038846,877,9.015379367142693,Sedentary,2
2592,51.194955124527674,100.0,1794,5.121527512715083,Actve,4
1158,80.50454284984906,97.17024245376577,7289,9.028811907045808,Active,1
3536,85.03826230400287,99.69384760579672,3700,8.754241886980296,Active,3
1685,80.00730606619913,98.07862952713552,9154,8.43540921810973,Highly Active,2
4953,100.76531719920064,94.15028783715056,396,4.539137239782262,Seddentary,3
3295,56.919954100202816,99.93454405037537,1798,4.736532236395886,Seddentary,1
2696,82.60778382564258,99.53361570423232,21760,8.434572705251835,Sedentary,5
3469,78.7620122346908,97.36406757318696,5922,7.440801220859776,Highly Active,3
3324,79.66081385001343,99.73777857489864,2989,6.682950151839743,Highly Active,5
3500,83.99166787240344,95.45593314209168,1120,6.0136829040042095,Highly Active,1
3645,92.68655805200972,97.52182204628708,2532,4.2960824678074125,Active,5
3493,89.83012199362231,99.02896737900912,3915,5.753221753975453,Actve,1
4661,77.22078206378097,98.12612907658584,10736,7.836034106163171,Actve,2
3761,69.04686430749673,100.0,20484,7.231910074388322,Active,4
1989,91.25407198809718,97.5725050611897,7034,6.691349494754965,Actve,3
2541,65.72331093418065,96.9512402550191,2434,5.326251980230369,Highly Active,5
2116,78.04172802571154,96.26954973796384,11689,7.176811125741137,Actve,3
4499,73.52334287895167,98.67804982830258,3366,7.895251159043399,Active,5
4306,82.64033895801789,100.0,8306,6.616962089526078,Active,2
4232,96.17943008924492,98.52515015866356,2923,9.687292246400148,Actve,2
3097,52.07026552207961,98.26985340838011,3077,5.93027863379618,Sedentary,3
2546,71.71369502682415,100.0,5405,6.541883181129661,Active,2
1862,85.4025929615861,99.44279681122298,2791,4.722844772781895,Sedentary,2
3319,67.45804811491669,98.4142395771716,1580,6.030422152902053,Highly Active,2
1579,46.909928309674875,96.13231061584167,2398,6.179139573827999,Seddentary,2
2890,51.294728280966325,98.23757056604266,20616,5.455454431738085,Highly Active,3
3743,66.14248528554207,95.25783112396282,2196,7.324523324848548,Highly Active,5
2855,92.08041161730506,94.34154940751831,6633,9.047116497018612,Active,1
4770,52.48354244944447,94.58824733417956,10085,10.094596725243548,Highly Active,1
2162,97.48526473938234,99.14337446598756,3066,7.1402859216580215,Sedentary,5
3321,66.98772213924644,96.65437255141948,5685,8.526004012313487,Highly Active,4
4090,92.25046722810008,100.0,4033,4.180385534282353,Sedentary,2
3006,68.3074073981922,96.7583278862932,7653,8.797993554974383,Highly Active,3
3001,67.52003274956553,97.86226007474308,1349,4.7213796254612195,Actve,3
4425,66.01647096533374,98.22385219392854,340,6.139229840463639,Sedentary,5
1618,97.04017107720796,97.19435061167871,8140,8.19376608821492,Highly Active,3
1244,77.67428137940412,98.444964028702,15516,7.803557232488821,Highly Active,1
3497,85.93326646192202,98.10141256848624,2721,4.787550183372743,Sedentary,3
1929,87.02674173108888,96.90086121602872,3285,5.646595625712153,Seddentary,3
1519,63.268138815173714,99.50805759265928,971,8.315958308240498,Active,2
3880,86.63658599401398,97.16737281536668,4443,4.963863309125889,Highly Active,3
4498,60.73929838988241,98.6116329214002,1777,4.122562610957558,Highly Active,5
2062,87.70696730284716,99.52364544667654,4383,4.369626201565785,Highly Active,3
3640,77.31790167677538,98.80895223628931,64,6.415819892363709,Highly Active,1
4671,83.75123976905525,96.17960158992658,4863,6.513634128718563,Actve,1
3140,61.47397450424012,97.0876327450406,10476,4.43567633103175,Seddentary,3
3468,69.50549302661058,96.03907770883391,636,7.018374559920109,Actve,2
3121,80.50675566633554,96.2053318828924,468,5.970210366588607,Actve,4
2636,51.65107267033467,99.07354303360609,3677,6.732927603934192,Seddentary,5
4583,64.12284104276485,99.10497869534068,388,8.553242363994674,Actve,1
4227,63.41687005548615,99.26316545298158,7614,8.455562633936179,Active,2
2751,92.00699879543154,97.66581341166834,3701,4.270495064314332,Sedentary,3
3369,82.76300168643759,97.8156238296986,3170,4.99629670503798,Actve,2
3503,74.76548550816243,96.41703374784764,157,4.878632645749967,Sedentary,4
4522,79.85565227700677,95.94630307991608,1387,6.761937197224449,Seddentary,5
1009,84.61741684331477,99.37359193746435,13651,8.131830691025584,Seddentary,2
3787,81.81612630530668,98.37062569413207,9019,6.150704162275195,Active,4
4318,75.17288364152785,97.35338776402553,6279,5.279899109362755,Seddentary,1
1666,86.54257576941974,97.00846135028196,1777,5.62006947074912,Sedentary,3
2522,74.90740538580027,98.83387837777568,35725,7.849660831045053,Seddentary,5
3652,56.95965646196415,94.21144712933744,9651,7.8235105732539,Seddentary,4
1326,74.82123472293573,100.0,15502,6.655948015062231,Highly Active,2
4824,56.63549678633282,96.3328611862654,4544,7.691955683772822,Sedentary,4
4906,85.09640586298924,97.93973413415378,2437,4.283823434228873,Highly Active,3
1979,75.91876120731546,95.03879260095636,10548,7.1786960759095795,Sedentary,3
4746,86.00062779544925,98.17931676093907,7465,5.856477114271211,Highly Active,4
4696,86.60808757369095,100.0,63,5.032625864734907,Sedentary,3
4430,60.70383317550704,99.3280179252036,642,9.54743666630686,Highly Active,1
4929,41.46360054079096,96.73378934893816,4595,5.796173261676075,Sedentary,5
4088,92.44921963612532,97.91585824340962,2007,6.371407247186146,Highly Active,1
1273,75.10538807014454,98.68855615510198,4948,11.248580417897674,Active,4
4162,81.48000345791776,96.89193082852894,129,8.425324218151472,Active,2
4008,78.00092749599382,94.36347176996767,7524,6.827947252869995,Active,3
2792,82.08118620864497,96.66155718336498,11858,6.817006697886859,Seddentary,2
4129,82.1349084212737,97.05531648459596,353,5.74569872794436,Seddentary,3
1153,77.9899328354222,95.4892469220196,130,5.785172248011226,Actve,1
4926,60.708204671497825,99.26049319981657,1184,6.760706494739923,Highly Active,1
2064,104.68179138624576,94.01393956965072,1173,6.227194629716526,Seddentary,3
2424,60.20556058695743,97.53725320098722,675,5.828493056267841,Seddentary,2
3401,59.48965036013806,100.0,19096,6.842361796384275,Sedentary,1
2960,73.30620341737992,98.04746257566084,4295,6.0877071805990965,Sedentary,3
3780,84.03058994918898,100.0,14180,5.130952431543723,Seddentary,1
1708,45.17110339085494,96.10475417994392,8234,3.2836764484140537,Highly Active,1
1660,69.74063984172413,99.2270279225822,5431,7.40456966025889,Highly Active,4
3146,55.13432671349264,97.107228681398,14009,8.687603234133604,Sedentary,4
3635,96.93300126069688,95.1065429041,1727,7.078697022137347,Seddentary,1
2132,81.05712788547737,100.0,8315,3.5519951404016146,Seddentary,3
3038,113.48343330306533,97.56515507903087,2710,4.603690760774744,Actve,4
3201,61.170091467600784,95.9651856855298,14947,4.95322269648325,Highly Active,4
1404,72.87997611302548,96.25616848946078,18163,8.125149976777571,Sedentary,3
3179,90.02814576409583,100.0,3021,5.52559241950553,Actve,5
3838,60.68105736451097,97.95779708467714,3989,6.181431099123628,Highly Active,2
1872,77.66686907656748,97.9930506324341,1855,8.96045560824842,Highly Active,2
1083,65.41469667506162,97.82926918931231,12846,8.159101912626516,Actve,1
2422,63.384940658472665,98.07949141194504,609,7.815002682321465,Actve,5
4975,56.85773271765528,95.817120264235,8816,6.6831522881167515,Sedentary,3
2391,64.822742685332,95.71199149622132,1509,6.126112406788502,Highly Active,4
1111,104.05615105473235,96.76970006460373,5870,4.966405313339044,Actve,2
1614,72.37611506565516,96.95167719115472,323,5.808912807632981,Active,3
3971,76.36506593314127,99.68003842957825,4515,5.415375313600599,Seddentary,3
2913,74.21511078376956,96.77995933245948,6745,3.263910767859069,Highly Active,1
1270,86.64822820392999,100.0,14352,8.116859431853268,Sedentary,3
2920,94.6626267079952,96.5539815495969,5020,6.444157906607727,Actve,3
4354,85.64440713055286,91.46156154657564,5641,7.078524485412201,Highly Active,2
3012,79.6854130893758,97.72137252210273,8253,4.099890978318609,Seddentary,3
3583,71.905600560152,94.66885657785666,5391,7.400875379240924,Sedentary,4
4075,87.06190460180865,96.47517175845203,12075,5.574280059812304,Actve,4
4906,59.0599486374467,99.62520830530612,1937,6.870956617629562,Actve,2
4252,71.30175817604594,96.76164457122128,7047,6.567166538071788,Highly Active,4
1862,95.80190461239764,95.75036781283708,10915,4.900082319269727,Sedentary,2
1180,68.50516865419029,99.21594460569288,4329,4.102688587333759,Highly Active,5
4901,94.13523367537564,99.88612814234416,942,6.063615287387554,Sedentary,3
1680,72.29385217216917,99.94910156969476,16563,6.684790265231946,Highly Active,4
3613,46.9150600974849,97.05313435012438,5343,6.899252748137231,Active,3
2380,119.90857601902,96.85800579337489,2669,8.988655907397577,Highly Active,3
2673,65.55261900706002,93.82700781632629,6078,5.926058624336962,Active,3
4388,51.31453664165872,97.2794387679995,8779,6.51863907937629,Active,4
2538,78.10530764086243,99.00140316710834,6763,5.81592405641307,Seddentary,4
2838,72.2166239480093,95.09803517736216,2606,7.622896669036475,Highly Active,1
3798,58.88971822523904,98.82376322244032,19312,3.890344552888171,Seddentary,2
1305,74.87528681298002,99.81706852824604,7861,4.1693983186847134,Actve,2
3749,64.63065384886393,98.1991823694363,3593,6.506360516928245,Active,1
1868,73.78121546249865,97.26228108908052,3748,8.480623709062833,Highly Active,2
3584,75.45312913617144,100.0,30341,5.762228289681756,Highly Active,4
2135,58.27416428908204,94.97323927621584,1568,7.128017740393162,Seddentary,4
1205,70.11550392860427,97.03414043007294,1519,2.4465127338136687,Highly Active,2
4450,94.51274309696416,97.27768751032124,14585,6.753864630982918,Sedentary,5
2909,69.48453829079254,99.58673433079132,3066,6.238653723691465,Highly Active,2
4811,83.7383394020714,97.98538945756796,13798,6.45295054777615,Highly Active,1
4599,51.38569454024602,94.14532208233554,10317,7.268490810271162,Highly Active,5
3551,83.34881999554088,97.7170452084361,2737,6.545772283267303,Highly Active,4
2045,92.1985025445456,99.06431734650684,3226,9.11931605703526,Actve,5
1212,79.29623406691258,97.81345294063532,15339,7.760807716436178,Highly Active,4
1309,87.08675745337302,95.14102891778896,9692,7.993977020146493,Seddentary,1
2991,69.61088829953898,96.41132208513788,1697,6.61463097310907,Highly Active,5
4642,82.41101004719485,98.98976776350268,8373,6.689032021244239,Sedentary,4
4273,58.02781854187408,97.87836855565187,17254,8.148516693508487,Highly Active,4
3209,90.97321471863208,98.3940334632034,1359,6.0813537503782635,Active,5
1520,92.6699474243922,99.668488433758,10682,8.435734208064385,Seddentary,4
1976,72.59916865085398,95.58178104537886,2895,5.664175507128829,Sedentary,2
4722,75.30793352647906,97.07694963309244,1193,8.966012856834764,Active,3
4907,62.772925770450605,100.0,3480,6.785687274509438,Seddentary,4
3483,69.50745282725582,97.60914273015774,511,7.430761651108731,Sedentary,5
2658,91.43154424018545,98.87018863613338,14527,6.84425398030626,Sedentary,4
3916,74.22242154030936,99.1825875670069,3001,4.73005612586668,Highly Active,4
3610,101.31584040409255,96.74344504822142,5760,6.107969723532257,Seddentary,5
4269,91.2934992631049,98.61807236570922,19711,5.830144621466243,Seddentary,4
2006,101.80185728159508,100.0,2304,5.833368861833174,Highly Active,2
1508,65.48245388545158,94.31533566044044,1577,6.158109540344302,Seddentary,1
2661,77.9720341228395,99.56247455214309,7176,7.38054336646888,Seddentary,2
3360,103.23892954583376,99.9545053790167,9714,5.232824349344685,Active,5
4664,73.57619640853716,95.541410346898,5244,6.083664121853106,Sedentary,4
1762,103.43051481149708,97.85209457667128,5029,4.888232271791441,Active,5
3524,96.80694078108375,95.00613885008129,372,4.040561239988155,Highly Active,2
1581,89.48909332289553,95.91443496570444,970,4.4129125594826695,Highly Active,2
1261,63.97881183819128,97.00363064993512,4170,4.743307426554111,Highly Active,5
2363,70.63564703489308,100.0,2980,5.061782687704478,Sedentary,4
2099,69.55663201922442,98.95776109888358,3198,8.057738420858467,Actve,2
3230,58.0993656247729,99.48349797449411,658,6.022221219968246,Highly Active,3
1191,78.72521526002942,98.94105383768506,150,6.782982281889425,Seddentary,3
4920,56.5967942314243,97.4776898636694,552,4.239899839495616,Active,2
3911,62.84250388622189,99.77966111277937,569,8.03341448945621,Highly Active,4
4523,68.60063429433154,95.6819004487968,6638,6.1658218965542355,Active,5
4490,58.72250518344161,95.12077314870048,14375,8.140897900927838,Sedentary,1
1673,59.20981074145375,100.0,2872,6.241275695827148,Highly Active,1
1700,57.69268670034603,98.68204500952444,4635,9.793548897363108,Seddentary,1
4922,84.18726315446723,98.25262745435592,13600,5.14078865025404,Active,5
1901,46.649411045924694,99.33080688724392,6026,8.493630247912286,Sedentary,5
3936,53.31300146630486,98.92465383217193,13023,5.078520518520497,Seddentary,1
2191,70.72509837373686,99.50299903763926,1444,5.053927195821301,Actve,2
3386,84.02215991349958,97.90356152239497,3057,6.783765524281049,Highly Active,1
3240,59.786727344407254,100.0,2458,5.746294646525594,Sedentary,2
3330,52.25852127299795,97.12043881750807,3513,6.55129432008811,Actve,2
1524,40.0,97.40403023924448,3504,6.950373271528717,Actve,4
4311,115.61916212675304,99.05329030014605,1475,7.41256678597871,Actve,3
3763,107.02730831992878,100.0,880,6.508297208026827,Actve,1
4626,82.09849612338547,99.48698993527206,35211,5.976570847760469,Actve,5
4166,88.69431930460377,96.06949748652409,9275,7.260531566083286,Actve,4
1451,79.773684569812,99.1211739502046,10090,8.447028142762875,Active,3
4222,63.36496801298061,94.21355939123066,11603,4.54278749573419,Active,2
4447,92.26920412607149,100.0,6248,6.384569092543249,Seddentary,5
4093,90.63313209802077,99.1258509097176,858,7.402733221572622,Active,2
1312,75.15156826583895,99.61595039264232,16582,7.168487457313281,Sedentary,4
4277,61.609405269218534,96.25055150838016,4002,5.548036685343149,Sedentary,1
4855,88.55160417601847,97.42007047342676,1561,4.641735963554291,Sedentary,2
4062,85.76484435494473,97.0147836351551,19705,10.40069099241337,Active,3
1594,68.75542088132171,95.18156729348948,1903,4.950471008256901,Seddentary,5
2233,83.79361265988798,99.23308706970256,5723,7.520111153053707,Sedentary,5
1463,78.83098662082392,100.0,13376,7.164593348282786,Sedentary,4
1044,84.62074766104806,95.0349683755138,1416,8.743099819728785,Actve,4
4197,61.70377692489856,99.03299557210832,20158,5.181456114015094,Active,4
4354,74.80898765854475,99.63929861064788,1049,8.10415415657987,Actve,1
3949,58.02966183522136,98.60895276484604,2678,4.423882311321895,Highly Active,1
2947,67.3451480595104,99.4136333191357,2247,4.72727369746452,Highly Active,3
3893,60.46995747475101,100.0,11064,5.517776772180238,Actve,4
4140,74.1412264838072,96.01437717498222,1799,9.175168642439315,Seddentary,3
1887,80.17111931650567,100.0,944,8.858429351816238,Seddentary,1
4104,92.12695649421627,98.90902068752176,5678,5.566362904734659,Sedentary,4
1835,69.69523075290233,95.6766348331108,875,6.315056618981451,Actve,4
4951,87.7894834006073,98.12348736308428,1495,6.0033505590556935,Actve,3
4560,50.115465631610306,99.82329862810988,1510,4.533746313522418,Highly Active,4
3244,81.73559228753064,96.6655019256882,15594,6.044581747588673,Sedentary,3
3606,77.65745641293594,94.8075415932472,4814,5.165246388991497,Seddentary,5
3336,101.65958552688888,94.36521240080008,590,8.129492032118337,Highly Active,1
2164,85.09286531528804,96.14837949377718,38818,6.996918022834801,Highly Active,2
3262,82.15601015564093,97.32167874134588,2521,7.784563156280322,Actve,3
4474,85.66045250983204,98.81585453326392,1240,4.211970317942024,Sedentary,3
1759,53.66312896044468,99.7724845816383,84,6.235993440480156,Active,3
3878,68.36574156057513,97.76291582140092,7786,4.665807544502062,Seddentary,4
1360,61.51426989238153,100.0,6668,6.004099050640847,Actve,2
3265,91.98019535132632,98.6310592756588,1701,7.383992440237134,Actve,1
3064,74.44238647522748,98.42468083628476,11800,4.425431026979103,Active,1
2341,61.74977093013081,100.0,785,6.253417029294164,Highly Active,5
4153,80.90437663778691,98.14280625438585,5811,5.950108476968192,Highly Active,5
4545,83.76541247430883,93.25278418380246,10103,7.221872912648153,Sedentary,3
2491,93.56157828847022,94.19331845441717,15471,6.818857481015517,Highly Active,2
2731,85.22492763386518,97.85283252539988,5755,6.125331707522904,Active,5
4066,76.28816781254781,100.0,6109,7.356733616719303,Active,4
3145,80.5355206354723,100.0,3683,5.038722490335513,Sedentary,4
4416,89.94249531597967,100.0,6023,5.1522134737498435,Actve,1
2826,77.111603993725,99.7145599288124,7784,5.3166449577101105,Highly Active,1
4863,88.21552130458178,96.56270329775622,167,6.778736807053538,Sedentary,4
3633,76.81533713065876,99.41100105600876,7341,7.142330650124233,Highly Active,1
3213,77.53941337153387,99.024074838481,10495,5.9619540947478376,Seddentary,5
1153,68.86964678476564,99.94500247026916,3307,4.867085063037258,Sedentary,4
1949,79.45379710365201,96.90971121187782,31298,7.114577666102198,Highly Active,5
4179,73.26685744087162,95.53762215018018,3896,6.439507010799748,Sedentary,4
1402,82.13226401570748,95.67558489436284,6925,5.466693839015636,Highly Active,4
4554,82.08818276328617,95.1331741098486,615,8.585755076113886,Active,5
4905,70.43343634867088,96.27856612052616,3869,5.204360680329094,Highly Active,5
2437,62.827021180506065,95.4474881053336,24526,7.421246055287554,Highly Active,2
3965,46.767467563807045,98.9153637205916,1017,6.150428423475973,Actve,5
4849,91.69255115324184,99.75654275224151,4618,7.262896914252516,Sedentary,3
1072,58.06738628977244,98.23885549610472,1695,6.127776224387292,Sedentary,5
1480,91.77336479371635,97.63613854478098,4105,6.859498189242012,Highly Active,2
4423,72.0765541123727,94.71107681888444,12877,6.785415333096723,Active,5
1559,64.62124221986365,95.40675776952652,8771,6.722776522455978,Sedentary,2
4397,40.0,95.87868942434991,6509,5.879631949667511,Highly Active,2
1744,94.70055376766992,97.28612785930564,8285,7.859872505957219,Sedentary,1
2466,70.73140132081531,97.8135438904618,12578,5.226700537078289,Active,4
2082,79.81555301796979,98.44595980543284,12912,7.085261234673456,Actve,3
3305,71.61246210439077,99.66344231757134,4543,7.689873541590876,Actve,2
4523,89.52973509680636,98.24582865479768,18875,9.945224206628334,Actve,4
2088,70.81328203305091,97.66217188630308,11980,6.85489802182554,Highly Active,3
2177,42.17441561747314,98.42542567377966,7185,7.832077953568506,Highly Active,1
3008,95.04426095250577,95.55442986079376,224,8.635313882876334,Active,3
3313,78.58092492534115,97.30207850396812,1169,6.632121923048431,Highly Active,2
4150,67.7074021940415,97.212641954211,7131,8.68399620396162,Sedentary,1
4386,85.19615691560216,99.0931886809403,1544,6.931996608325459,Active,5
1661,66.24305451218868,95.05734505892188,84,5.452151850321588,Seddentary,3
1559,76.6170593629293,97.21301267574988,1035,6.528516388395738,Seddentary,4
2271,65.60188328384073,97.89287203016008,12930,5.325159595156868,Seddentary,4
2472,86.18114638043366,94.75025755516307,501,6.935519882144327,Highly Active,3
3928,80.83672431516774,98.10940648343444,1085,7.896817221582424,Highly Active,3
4208,68.94079509721291,93.3328431810504,17028,5.500588442507149,Seddentary,2
4235,64.79804977665322,100.0,258,7.392077025357842,Actve,4
3975,100.55793925462928,98.5295133216828,2398,5.91285521179662,Highly Active,3
4871,54.922162169234745,98.14607130860276,3743,6.292319846731166,Sedentary,2
1175,70.53823173513403,100.0,13395,7.660665344737474,Highly Active,5
3704,75.15544669664821,100.0,445,5.392992496221323,Highly Active,1
1369,81.23569985546924,93.8686568878656,1541,9.102229376715655,Actve,2
2779,56.185656016339394,97.15241617891648,5544,5.000117967203635,Sedentary,3
4578,57.16486979648003,95.43392805590769,1189,5.7209720250799085,Highly Active,2
2364,58.42273151045943,100.0,5679,5.35017496381205,Active,1
4198,81.84116546208215,97.26125464779211,4204,8.434087275944766,Seddentary,2
2432,80.98678023097034,93.7943251375953,2960,7.575394392312802,Active,3
1643,82.7131222897311,97.99831686865078,5403,7.835918959598991,Active,1
3426,66.34032808942824,97.9624220531799,1761,7.452679067072683,Seddentary,1
1072,57.52566509275573,98.8696242037424,5072,9.221190026505576,Sedentary,4
2271,82.33197962104566,98.10894275775205,9679,4.880700316066152,Highly Active,1
1859,64.42475436370985,98.72871841734784,5220,4.685367213734547,Sedentary,1
4856,85.33493919366518,97.65808933500143,30171,7.511972873060732,Highly Active,3
3671,71.61054813451072,96.95708749150592,8900,6.657111721060052,Highly Active,5
3217,61.152543303916495,98.62325930870092,940,6.541284028900612,Highly Active,2
3086,81.00573350110679,96.21175269265946,2843,5.544308639067028,Active,1
3804,95.08508996881764,97.29491950691596,15460,8.42466613120042,Highly Active,2
1150,71.03747840616133,100.0,4234,6.957208459622805,Seddentary,3
2459,103.45393567453937,95.89307620040692,8320,7.45940717349019,Active,2
3784,76.61628755024108,97.01490473425328,7316,3.8322893186613056,Highly Active,5
3250,71.6157244270703,96.1537914047694,2417,7.554802936543297,Highly Active,2
1945,110.95655398301052,99.13711850343591,22797,8.168853827090103,Active,5
4010,94.44035653074523,100.0,3722,6.957346394906149,Sedentary,3
2337,112.8117505934176,99.07590493619792,1065,4.445834141904786,Seddentary,4
1330,71.02981753952498,96.15724893787323,17320,7.806106284058505,Highly Active,5
1337,40.0,92.14465161615792,5534,3.28148139323254,Actve,3
4997,66.832041399911,97.19071014706752,10244,6.000485411629854,Sedentary,3
2361,92.70735552871018,100.0,2801,6.232155366751519,Highly Active,3
2573,85.23185453074396,93.24027225227503,16199,6.77173990228714,Active,4
3686,70.84554218819608,100.0,10587,4.456014549310213,Actve,4
3366,64.06533601580882,97.7186141136214,8752,6.771538858764662,Seddentary,3
3636,79.41290884756893,96.48959104986332,5774,5.376454315373164,Actve,1
4757,90.53278205191477,96.31115716745464,104,9.190058571960323,Highly Active,4
3434,68.33139020944388,98.26709428382924,4084,4.266482809594187,Highly Active,3
1869,60.545159586562505,99.71926853830536,7625,5.700824034925681,Actve,5
3880,70.40312509755975,98.1886185538172,5947,6.566542992232406,Active,2
1602,70.8339691670026,100.0,13257,6.320870473040514,Actve,3
1690,85.75618543598546,98.85412143421,3194,4.620304251903642,Seddentary,3
3768,59.39053005467149,97.1668169404879,6258,9.204829718718146,Highly Active,3
2392,79.67988643036342,100.0,18348,6.752411913092562,Actve,5
3843,76.34915809873263,98.76532378065296,4817,8.128147907708808,Highly Active,4
2717,88.25885251843714,96.33858694095674,941,6.7069629732456875,Actve,4
1648,74.02638472184529,96.6603911279802,111,8.401208763125538,Sedentary,1
1567,58.41034231927427,94.26818134042584,11136,5.666513174890621,Highly Active,1
1444,73.45346004559103,96.65438022585424,13440,6.921685265756455,Highly Active,3
1741,69.19952867556931,97.85582539741674,22061,3.6588574206556377,Highly Active,2
3041,91.23583587484806,98.8609014855242,618,6.628203149561403,Sedentary,4
4323,78.69899372863895,96.4042054590018,1257,4.816279377960337,Seddentary,1
3139,87.30822950100483,98.71815580638398,25615,6.122053659113491,Highly Active,3
1062,81.95070456584672,98.76710472256056,321,7.829905414762482,Actve,4
3559,75.75852019812439,96.72114388508685,21670,8.578840573900363,Seddentary,3
4285,82.75093528688704,97.3233930622186,8815,7.3486277482194495,Highly Active,4
1255,80.2029744954985,94.60744815125044,9308,8.147672155223773,Sedentary,4
1134,82.58005627352547,99.16025883881562,7612,7.109127776537095,Highly Active,5
4644,91.72020721807208,96.7522689769085,1086,6.285670496314154,Seddentary,2
1874,60.46394762711796,97.3106736403058,1620,9.411591446390052,Highly Active,3
3135,55.69360753801111,96.78858622500567,37774,4.912112029375141,Seddentary,5
1973,41.49219954483605,98.69459388180016,3243,4.74711414997485,Seddentary,1
1120,77.53414761960651,97.48312879185426,6254,7.298168376200139,Active,5
2364,106.54631593002344,99.5434408582458,18560,6.242653237138697,Sedentary,3
1924,75.25215215357841,94.59352555517287,3836,7.05937165777771,Sedentary,3
3761,86.19285961134331,100.0,4137,4.027764567756536,Seddentary,2
3068,70.72752157122042,98.39780039986336,2969,8.86312779368194,Actve,4
4010,64.35432559996903,99.3010459421706,3868,6.553187537620253,Active,5
3350,98.24807556238898,95.6713652821646,3397,9.622526117585428,Active,4
2619,66.19034703227719,93.7823528537864,411,6.4238056683541975,Highly Active,3
4666,72.82740175574497,98.31122752124018,16037,6.561898768988029,Active,2
2152,70.31673871371042,100.0,1170,5.087830814614477,Highly Active,4
3187,98.55076346205168,96.07047391812009,4726,7.109741581878318,Highly Active,1
4515,58.49740633642596,98.89475620874865,10995,8.528932315333275,Highly Active,5
3330,79.84225257190127,100.0,3431,7.924933199498741,Seddentary,2
3359,79.39866070468453,100.0,22043,6.066328813124879,Active,2
4086,98.68944864845952,96.76180814453988,5081,3.997251760402043,Highly Active,5
2913,71.75404241988188,99.4101155049912,1132,2.7679705803624737,Highly Active,5
3099,100.98883415339634,97.9177837740066,6388,7.09740751805791,Actve,1
2772,74.02311964634636,95.33291129681484,12747,6.066235475259328,Highly Active,2
3591,83.1359457695984,96.78286208174572,32,6.6623741788502,Highly Active,5
4935,72.65254955117824,97.84180761348178,2015,3.923029102061319,Actve,4
4460,56.54674179782152,97.09738562531858,201,4.389551309370266,Active,2
3025,108.58249342327215,97.70451202655082,3744,2.5307871120489542,Highly Active,5
2200,66.7851809656913,94.85153059822748,2131,4.604688542109679,Highly Active,4
3854,87.43255327803058,95.9688009432004,4393,7.116217667666468,Active,4
3144,66.32863595136527,99.19951221026004,4953,5.419418296666792,Highly Active,5
1136,69.92441725823572,99.121145951986,8668,4.232671528643031,Sedentary,3
4058,65.70319129430887,93.62344994681514,1708,4.02616433329082,Actve,5
1661,92.97714804149096,96.4880931900134,1063,8.077284579822113,Highly Active,4
3677,70.61279497322383,100.0,30266,5.666756754095533,Actve,3
3308,89.986085292808,98.12307076659452,20468,8.220472463460023,Seddentary,3
3942,71.954662830397,99.40986701545664,5437,6.001708249536218,Highly Active,1
3773,91.08819767916972,100.0,9136,6.8810601988332225,Highly Active,2
3504,94.35097553815017,95.49356396661408,2232,4.178047081630932,Highly Active,4
4670,68.06203814811452,96.0270699141488,2073,5.821212289963091,Highly Active,3
3700,63.86120104165399,96.552761037019,45621,6.8739612981893865,Actve,3
3719,78.18436982218847,96.83916254557656,1543,8.930382484108437,Seddentary,1
4318,62.118512511253456,98.29444854596024,11158,6.131499637514442,Actve,3
1645,87.58438306731546,100.0,38106,6.87019742277271,Sedentary,1
2629,54.22483895994266,98.55112936011864,1060,8.968971424929642,Sedentary,4
4485,80.05194678417664,96.44973883169676,1996,3.8170791061429727,Actve,1
1720,43.07905050977236,99.28264493783428,2773,2.806419772944333,Active,4
3463,60.93305063466858,100.0,5157,5.907367829030088,Highly Active,3
3985,69.32854718722758,98.2122708088834,5414,7.667709381792493,Actve,3
1498,56.93865726237786,100.0,17418,8.456966296306824,Sedentary,2
4021,62.3921885955897,99.3938946167584,3602,4.575193264108995,Actve,2
2673,47.11255444213272,97.27170046551365,1337,4.756351393531904,Sedentary,1
3030,92.5733851570534,99.18310988774364,2428,6.1904372025715055,Active,5
1673,91.15279798425335,96.26487201406611,8029,7.695548913081481,Actve,2
2257,63.26905078140503,96.99719893724084,4594,8.87028207118586,Highly Active,2
4198,68.33979607114668,100.0,7155,6.29930871249887,Sedentary,4
3165,67.40267737782537,99.51713338102502,1318,4.22264319690083,Active,4
1136,71.32495492262873,98.4673789016943,12659,7.496746774072827,Highly Active,3
4246,63.776559888533725,96.56960646354264,8193,6.89124476546176,Highly Active,1
4552,58.20821672110095,100.0,2933,6.755808821353538,Actve,2
3242,102.71503653177832,97.56696896725356,1110,7.533689297406083,Seddentary,4
3377,63.014554139416774,93.85556666085805,8458,7.747922198177632,Actve,5
2959,79.87897806264262,93.9095080201718,206,3.073256798242076,Highly Active,2
3222,42.07992480925839,97.19580916362972,13088,6.949290235345769,Active,5
2001,69.47838502408948,99.45187919112946,2539,6.912360677429819,Highly Active,3
2948,72.87962734326074,99.9217105342052,11330,4.651558304238153,Actve,3
1945,76.68880889860591,94.13581485043936,11780,7.215287803912515,Active,2
2377,63.32927051194152,96.65945467024416,3575,4.611268550508902,Actve,3
3805,56.558088229156105,97.3471929300138,8166,6.0050693439206935,Seddentary,2
3977,88.84357813529098,98.09393294209104,13010,5.079544630535045,Highly Active,5
1238,67.23401686816686,97.69656864874646,13224,8.246002883838349,Actve,1
1204,101.59740149380778,95.22674285291912,2185,8.186931369976241,Active,4
2456,49.31479740099316,99.03325268750577,1054,5.5713341549991675,Actve,5
3687,70.6473669090314,99.83036726524756,905,9.204889341778854,Sedentary,3
4353,67.05836334469356,97.05353922946011,2598,4.1303573700554335,Highly Active,3
2292,49.95937586618497,99.3776268980704,3274,5.1532749602478045,Actve,4
2348,84.77236723981486,99.1840407864537,1016,8.613151214771136,Sedentary,2
4522,61.11686477425145,99.8700882522939,1790,10.390253554741095,Seddentary,1
1192,100.83214838784286,100.0,5009,5.573563985161441,Active,5
1528,40.0,99.3793198517448,4907,2.7436422342410074,Actve,2
4458,88.11807014150257,97.58014461692636,10463,5.49607155487299,Sedentary,4
3841,79.89967649079841,94.32676337870724,1345,9.006039319191483,Sedentary,2
2167,97.05265084476773,93.74252743345647,754,6.983029230317084,Highly Active,3
4893,101.88483377402224,96.28278080466002,14404,5.677545762909977,Sedentary,4
3715,72.35898282288801,96.12506140959847,2524,5.112230876959654,Highly Active,5
2096,76.59120744234417,98.30759905041694,6112,8.419537204277786,Active,1
3679,95.67421220619872,99.3100450727794,13653,5.499032396155159,Actve,4
4904,68.55366881321319,100.0,8164,5.208034946226576,Sedentary,5
4164,75.31274400378584,98.91206463302714,20993,7.073715310945441,Active,3
2621,70.70394036974685,97.8253945229956,10909,3.5033226757416767,Sedentary,1
3383,60.975300749644816,94.5524618657236,19419,6.601740809751009,Highly Active,3
3472,87.81391701035425,96.67616459512494,382,6.952216484203316,Active,5
2387,77.34533284975375,96.603535069818,9436,4.664353701662747,Actve,5
3994,74.89461870655822,99.22666461051313,2651,4.818161272738845,Active,4
4816,81.84368808348201,98.76533918501364,11516,6.408347784643344,Active,4
2222,71.17071090513953,99.20085187980688,1259,8.568118328863125,Highly Active,5
1717,68.77556114650643,98.44387972216654,2708,8.15195098984175,Actve,5
4484,73.33883312378123,100.0,16900,6.918987733019716,Seddentary,3
1658,62.9359152490819,100.0,15760,6.263854508692929,Active,1
1898,73.20252295224802,100.0,3755,3.4444454808714307,Highly Active,5
4764,77.02877175574302,100.0,7011,6.807184767381543,Actve,5
3989,69.95783457875854,96.69439423838942,4518,5.595766523539348,Actve,1
2255,60.702677696641544,99.73448922161738,11536,8.454949068693342,Seddentary,1
3482,84.56598667423637,96.32071424680922,2204,5.418712300071109,Actve,5
1383,88.18988074530078,95.88405903538288,8796,7.670780813504536,Highly Active,5
1193,92.3453868083944,99.8173386443389,5053,6.247522129014977,Highly Active,5
3565,75.45099581467788,96.69011773211152,15135,4.602643719660879,Seddentary,3
3339,63.089930179734026,99.04515714362527,4419,10.331004139093798,Highly Active,1
3163,61.46646092470715,97.69558990216316,14936,6.458610564808844,Highly Active,5
3872,82.65724139741533,96.40525302867962,10181,6.005052641252586,Highly Active,1
1684,56.30585360816955,99.12654319632033,14487,8.295638719789533,Sedentary,3
1081,84.61858466526067,97.99109152945186,13857,5.1615060661527705,Actve,5
3881,81.61489032207231,98.03849154937096,8772,4.8534921754888165,Sedentary,1
3380,84.3476772964643,97.16023435862708,749,4.447531237071968,Active,5
3382,119.42489922890093,99.26465113377368,6268,8.204372474543804,Actve,1
1531,93.54345038420104,96.00711906142624,1971,6.546789094321707,Highly Active,2
2983,78.90739825286487,100.0,5607,8.27599501659672,Seddentary,5
1220,84.57362399050628,97.6305456957909,5759,4.949841924907732,Active,4
1634,81.51041240745909,97.19348617655352,6191,4.995541024618658,Seddentary,3
4804,77.06105743963798,99.34532463804558,3337,6.9452934490439056,Highly Active,1
3370,68.78607217934439,99.09651833122992,1652,6.290203230384623,Actve,5
2717,60.47032670441783,95.83945114376148,2252,7.231311643491462,Seddentary,3
1205,64.92155632137744,96.786369951411,367,7.527324539321333,Highly Active,3
3106,60.732445135903305,95.83187632358432,5369,6.481470869854572,Active,3
2530,85.28517415683703,97.6830170625103,7422,3.203593408843646,Seddentary,2
2907,89.27460093486923,96.05896703474984,2582,4.673723851156166,Active,3
4193,56.59363869188199,97.54771066998016,7906,7.306853849610162,Sedentary,3
4550,85.19821684631638,98.34296498905243,20852,6.689231140208734,Actve,4
4930,78.57149889603704,97.97305467056736,19134,4.145708279799802,Highly Active,3
4306,89.56731569777867,98.99041007429528,4322,5.172304623340354,Actve,4
2279,62.381564412577504,97.62731419523,10749,4.598960862165974,Seddentary,5
3952,69.4411302909835,98.70226067498204,21687,5.394609353374351,Sedentary,3
3395,67.04923958335593,96.68307556998889,1596,7.801858805505226,Active,5
1670,80.52677999948267,98.6198839961924,6757,7.739297402113981,Highly Active,5
2505,97.8180542497726,96.47437742183465,15760,6.3388482346303725,Highly Active,5
3364,101.15741766311588,99.1506205432536,215,5.838842796501156,Seddentary,3
1718,82.50125562880784,99.337802840913,6829,5.617764022703294,Seddentary,4
4480,77.83362855472079,98.69410339580604,14574,9.431902514386408,Sedentary,5
2955,63.655628485953535,98.68950706692044,6237,7.356384651226421,Sedentary,4
4272,80.03018785885166,100.0,7263,6.338275806747387,Active,2
1249,62.61977840892244,100.0,504,7.28940084544976,Seddentary,2
3361,99.3211252549592,95.18383131794008,838,3.278221298512147,Active,4
2503,98.5698657068007,95.66372757205124,5739,6.39350542583518,Highly Active,4
4571,90.44675132967129,97.79962143267008,1354,7.910922009835809,Actve,1
4775,94.4994992460608,94.80908567972342,14974,7.0229655358631735,Active,4
1582,97.65193988819088,100.0,9864,6.493431434164599,Actve,1
4163,80.4907157978499,96.01979888923414,11144,6.524905059981398,Actve,2
3942,67.84227183480162,97.30719145418092,8138,8.462655533656786,Highly Active,1
3972,75.61868528389064,99.7493567963335,6634,8.958066407097894,Highly Active,4
4471,80.76355821713463,94.73958329106677,1788,5.334534788237213,Actve,2
4647,93.2829817587784,100.0,960,8.037586638985951,Sedentary,1
1857,59.21264068542836,97.39534862345612,1469,6.3408401064518864,Actve,5
1803,69.32006188125997,99.79299394928216,1316,7.694147603083317,Highly Active,5
2493,77.22514590834435,95.1638429147116,9029,8.291109602563582,Highly Active,2
4645,93.19168980306816,96.61312101865484,9083,7.247446620856639,Seddentary,1
4340,100.4549619794206,96.98729397077057,3899,7.478103074471822,Actve,1
1053,47.368172767864095,99.50297060500884,1482,6.1217957426340135,Sedentary,4
4308,63.6634769626975,100.0,6628,7.406655973223757,Highly Active,3
3781,91.85000679166224,97.21790473698135,8221,6.97568606367231,Highly Active,1
3347,84.20597770463559,95.22939129883342,3797,4.4993738640140215,Actve,2
1394,68.69460561805887,95.86453328697031,1398,7.844999187719726,Actve,2
4278,76.52365451612684,99.29272896114064,10560,6.92904794335449,Actve,3
2359,88.30973564944713,97.12842510588264,2979,7.187561289381065,Highly Active,1
3640,89.98663118056523,95.69092035423324,4937,8.40781430917406,Highly Active,3
4249,60.378008259099055,95.81789798258951,1300,7.316863176346889,Seddentary,4
3443,70.22080243291786,97.49845038278588,24217,8.05941898643697,Highly Active,3
1657,78.02634403890738,96.78795327864091,1457,7.60032173595824,Seddentary,2
3783,80.10798720317958,99.27656114809714,4167,5.014814981167532,Highly Active,4
3109,87.69942642295213,96.24503809889367,27697,9.75729806293959,Actve,2
4877,64.71383889420589,100.0,1036,6.329946814419157,Active,4
3552,96.01318885874412,97.4213915850331,20278,6.8678751295752,Highly Active,2
1238,63.60581840928576,97.30927904364904,2205,5.502457977822451,Seddentary,5
2152,69.60376246097339,96.97447069282806,10505,3.331457889060024,Highly Active,3
3015,81.71638868515936,98.3120906869554,3663,7.713275971918804,Highly Active,2
4693,78.01389779880995,100.0,17621,7.802279792168667,Actve,1
1922,76.86843184654421,95.79083931101653,9885,6.241668770819977,Sedentary,3
4861,67.15415641617766,97.04497840623898,13349,5.705006914599588,Highly Active,5
3435,84.13916783947137,98.70754579924632,2115,7.07278993653407,Sedentary,2
2814,82.40008929466354,98.94864975182011,931,6.235931572621005,Highly Active,4
1837,73.00471419102577,96.66088594996486,18516,4.979313530321518,Highly Active,4
3007,58.577182397328,100.0,220,5.880763261054242,Seddentary,4
3387,73.32012128047825,93.84605455231906,1496,5.504086861665988,Active,4
1203,86.83345590696409,96.92344229772468,1863,8.36551888673183,Actve,3
4611,93.81053173972713,98.67155006985786,3879,7.748087595313479,Active,3
4748,85.75067402303836,98.55046839306348,2716,6.367311255265278,Highly Active,3
1902,55.42329019952963,99.63978364320089,5392,8.839287291166306,Seddentary,4
2093,67.15513089567045,99.37016871941088,7957,6.391319525754966,Highly Active,1
3940,75.41847472037433,100.0,1412,6.8768413222824645,Seddentary,5
1404,87.01022033493203,96.57428723626238,7943,5.507244271389858,Highly Active,4
1607,77.52550899731118,99.23175605964866,16537,6.356407493299369,Sedentary,2
2614,90.4557332071796,98.18597648627136,2767,5.620257337636488,Active,5
4191,82.81220418368808,99.26618073747947,429,6.030204427204907,Highly Active,4
4759,65.30779759670773,97.9754138343189,4780,8.227242015051804,Highly Active,3
3103,94.89069262165552,98.2018828141691,12462,5.844586749143463,Highly Active,1
1365,69.50923940852579,97.71134116566812,10195,6.567399779928363,Actve,5
4575,73.62066800493763,97.19887398625931,2960,8.950542721932434,Actve,5
4996,40.0,100.0,25309,4.254098152459774,Actve,5
1229,66.86857749426788,98.25931481482036,24429,5.725463397538335,Actve,2
2937,54.89220771977664,96.76177834996516,9505,7.051228839245967,Seddentary,4
4329,41.75502392082963,100.0,8695,8.800162690370334,Highly Active,3
4335,52.407354705710475,98.85017770942908,11183,6.1966887592892075,Active,2
2205,70.28593356747336,95.11363942603514,6127,7.0089136705220785,Highly Active,5
4839,105.61420590173236,97.48844563266054,1143,6.464273122849499,Active,2
4347,98.39087710632673,96.68492558059606,3594,6.536000280121306,Highly Active,1
2675,93.52880606692362,98.27600877722811,15020,5.569594622138709,Actve,2
3846,61.13197754407149,100.0,277,5.755223281142586,Seddentary,4
2114,97.75974198600336,97.22680619377672,5215,7.046732040758274,Highly Active,1
3527,88.05772738960452,96.81272302196552,2716,6.404639174585002,Actve,2
1350,88.95447532614368,100.0,4094,4.816291042758952,Sedentary,4
4726,85.82918664652532,100.0,6908,5.189461973547801,Sedentary,4
3850,51.1459001940963,100.0,8029,2.660245681286116,Actve,1
2011,59.90951755449957,99.62938623236784,4497,4.174223872814821,Highly Active,4
4770,84.63137042984762,96.00416989888149,9000,11.90838602549567,Highly Active,4
3964,99.1453136502648,100.0,4182,9.529987486031496,Seddentary,2
1498,51.74921421233131,98.34619377863062,1869,6.8732344488171755,Highly Active,4
2994,80.64499923257823,95.0677808654783,9385,5.853137033975933,Highly Active,5
3046,48.487623970760865,97.09122652141856,12864,9.600604859745015,Sedentary,3
1507,89.1136632581902,100.0,6109,5.012574864168825,Actve,2
2327,60.24703949217826,95.42124444411648,9087,6.5044309337459785,Active,5
3850,81.80296549908813,97.38137641524342,1763,6.367651567311992,Highly Active,3
4486,81.45872747237136,94.89332999753572,1269,4.471444450320815,Highly Active,2
3509,125.18212037397043,97.20849844610171,2347,9.931956745915658,Active,1
1919,85.85253253565651,97.02230740291694,3028,7.356472320056801,Highly Active,1
1991,98.43538251124394,98.53701198738348,192,5.826214702031551,Highly Active,4
4427,67.42015826372223,100.0,11388,9.5630420410979,Active,3
4766,71.82762631867801,95.63962678600689,12660,7.132341148924267,Actve,1
3254,81.60160411677369,97.66359473103068,11126,8.515497784282447,Actve,3
4513,61.533413181650864,98.93596987517388,3328,8.07427357695967,Active,2
4426,78.08571977453535,96.32939946633728,12043,8.218722817601453,Sedentary,3
1514,83.40488705394834,96.77046450396924,13327,6.005803991343727,Seddentary,5
2564,85.61886525234974,96.92699503985546,1766,9.801588933531336,Active,2
1018,72.97694688764349,96.6746139938477,8110,5.2926156741332395,Seddentary,4
3121,64.93369202395422,95.3339712140889,9198,8.174067038026223,Highly Active,4
3986,88.45095844013807,99.54847226673748,1219,5.277544167522279,Actve,4
3902,106.75017946910792,98.79621390433564,1078,5.409814264126794,Highly Active,2
1650,94.7645591494228,95.55591937633606,15997,5.70795499222617,Highly Active,5
2645,74.56798770450177,96.56751412641268,3200,6.830452582139193,Active,3
3742,68.59636969324431,98.38580451196148,8283,6.607517324819306,Highly Active,5
2338,202.41296665601436,95.94832733457156,3935,9.145513040749629,Sedentary,1
4634,88.95072862942716,94.03306840125543,5986,5.313653932203149,Seddentary,4
3827,56.51058454347259,100.0,2751,6.409983522312774,Highly Active,3
2923,80.96341955057676,98.5888075976986,8062,8.020136445521716,Active,2
4539,94.60446320448212,99.87925488618204,355,6.402827557795524,Seddentary,5
4749,57.3561487808183,99.15066945067947,12814,6.413218733563666,Actve,4
2944,71.67112274701991,95.89033706405012,16850,4.98507642263085,Seddentary,4
1287,63.94902169134592,100.0,7292,7.3075966922984525,Highly Active,4
4978,67.69723824470157,95.71830343758744,908,8.976992304133507,Actve,5
4226,96.51304385629491,97.02970009957166,7974,6.622914944802474,Seddentary,3
2590,81.5004103636425,100.0,11781,4.411743290845875,Actve,2
1939,41.61452289195045,94.52705442647404,3944,7.144196296827528,Sedentary,5
4716,52.37051283725771,97.96197741347112,3713,6.535655382069529,Sedentary,1
2448,74.740998805666,99.6034470713596,13252,6.546629030338899,Sedentary,4
1570,96.88764521514123,100.0,11068,6.061431429214544,Active,1
4582,65.3376342266865,95.26791056332826,2359,6.712385980196731,Actve,5
3505,77.5491281237639,99.13569609672558,3492,5.758533009485436,Highly Active,5
4331,84.0397613885288,94.39357909505084,6126,6.242859928165111,Highly Active,1
2678,73.47423867246937,97.33691855744226,20892,3.952975263613224,Seddentary,3
1615,46.75581217958943,99.8304379903389,13831,7.832889671883962,Highly Active,2
1405,98.01137432900951,95.76030071989254,16441,7.138121274982784,Seddentary,4
1653,85.55707682045676,97.10200646654012,2450,7.329256802433584,Active,2
4475,70.41868720524675,100.0,5803,7.350405982312452,Seddentary,2
1433,62.53118366602365,96.45716393902214,3118,6.588803872487923,Sedentary,4
4130,69.82127600218037,99.1708275364392,18566,6.5867678680990025,Seddentary,4
1206,62.46418265955768,97.71017517291158,4685,4.235779085830266,Actve,1
2319,93.12773290871004,98.57569719520224,42864,5.0408206035048755,Highly Active,3
1531,103.2047566026626,94.40555040465075,7380,5.64860560685017,Actve,3
3213,93.13803822114572,100.0,6595,7.929170622380286,Active,4
4255,61.55384891890115,99.68920136610186,624,3.027217912756938,Seddentary,4
1089,67.01447465660071,100.0,2571,5.74230774463468,Actve,5
2117,75.21015311954824,97.25447225028276,2479,6.427073992499292,Seddentary,4
2493,67.64720571655153,99.7916161608945,1135,5.742774911939236,Highly Active,4
4609,75.26444522608705,100.0,3263,7.380781066924096,Highly Active,4
2610,87.85543105228844,95.87812690762168,6028,4.1299916840927935,Active,4
3923,94.6108323075634,96.1584922553562,6921,7.6844889781686385,Actve,2
4882,73.76329942099431,97.64884572273289,3448,4.472253771870092,Seddentary,2
4221,93.67256473969864,100.0,14829,5.7009534763242815,Sedentary,4
3707,82.84311029782046,98.35488623362735,11333,5.472405723885776,Highly Active,1
4079,53.95626716257553,98.2039414761868,45088,6.772733308803342,Active,3
2052,61.60238098674727,96.25226240622092,3725,6.9008099435006836,Active,4
1295,62.06845224224308,100.0,276,6.605470940069281,Highly Active,3
4033,68.76473504569333,99.59910366578502,7376,5.025482014296133,Active,4
1925,80.54751661961984,97.19110553252948,10708,8.313362689060531,Actve,1
4792,103.27835890197252,98.01775485617443,19328,6.596857818870361,Actve,2
1627,92.0072008514562,94.66709628696265,5090,7.302682730070213,Actve,3
2608,53.239641703472245,97.44237083673764,3165,4.747713996980439,Sedentary,3
2770,65.57065775155567,95.37406701182792,6494,7.787380617587205,Active,1
3566,77.52726857497886,98.37873076776482,5017,5.601748905950161,Active,2
2204,86.88934339949182,94.90806656817308,16067,6.336164812820135,Active,1
4327,86.67599806770653,95.84521292686505,521,3.386415341631616,Actve,2
2534,68.96338750734854,98.65565051224802,12399,7.445728222357789,Active,5
1178,62.84100645719634,99.48023897769072,2632,6.87261829203703,Sedentary,3
1464,93.99447395510182,94.50457239246124,1809,5.117758722031722,Sedentary,1
2774,67.37932119281442,95.57175557117604,6700,7.031305545036796,Active,3
3678,104.50987682473476,98.5957902218213,2134,7.234904378240028,Active,1
3413,81.78267947430469,99.7414601503266,16220,3.132230292220374,Highly Active,2
3323,67.82590036651989,97.53089245792548,540,6.338678717073288,Highly Active,3
3427,44.6510153551724,97.06699557781344,14769,5.3106969683134135,Sedentary,1
4814,83.80145073145471,100.0,5253,5.960090463520718,Active,1
4339,67.51791816304309,97.56047997852556,3183,7.609581833128755,Highly Active,5
3857,61.48120949746921,99.55714408451924,329,7.384248767368995,Seddentary,5
4421,45.79860246810206,100.0,4254,6.879064487448875,Actve,4
1924,103.15503365093164,98.32925294748576,31931,6.420255939430974,Highly Active,5
2938,58.54207452542955,98.56189750428152,2781,8.6661419857878,Highly Active,4
4169,75.46593512649144,97.75396525986892,2901,8.033629396970138,Sedentary,3
3975,64.78955924093,94.94131573607504,5081,3.561381966356224,Highly Active,1
3532,62.86819402626083,99.62957850428012,1097,4.8886024091901685,Sedentary,3
4876,68.69021149178218,98.59187400059706,3223,6.638093935463101,Seddentary,2
2831,56.9131310784054,95.55345834053108,1933,8.22398351911398,Highly Active,3
1583,65.49999194488977,100.0,4827,5.5082389071517825,Highly Active,2
1235,69.72563324904647,97.97688394937347,5576,7.54749290788762,Sedentary,4
3103,73.67103856809864,99.85926249686356,23759,7.432937802811397,Highly Active,2
1109,52.16095621302685,96.63152374751893,39,7.520311858661237,Seddentary,3
1191,88.51769798267134,100.0,2323,5.176667690181434,Sedentary,5
1861,67.06921498403472,100.0,662,4.546233285977356,Sedentary,3
3615,60.914911698911546,98.3241994217684,2766,2.787737675713257,Highly Active,5
2083,73.75982293794445,100.0,4057,7.828464086981413,Actve,5
1649,77.44568209802834,95.40224108653398,19088,5.660998335000558,Actve,1
4120,77.2363094008275,97.27182685227396,4980,7.435672152191285,Highly Active,1
4491,73.08711968192743,100.0,2391,2.1528569896485052,Sedentary,3
1035,85.1840573905137,97.81128273674294,4297,5.249479158426156,Actve,3
3148,53.2171986219211,98.00032083119004,7749,6.093601299127174,Sedentary,4
4587,57.964461305431385,95.42772401515222,7562,7.0346402829570565,Actve,3
2983,67.42961676984925,97.45448090997714,1690,3.871520027592175,Sedentary,3
4966,79.96703155015757,97.48638988866256,17052,6.953372683469952,Actve,5
4447,101.81806072505486,94.42798998402108,1393,8.907935801728048,Actve,5
3837,49.12748261509826,95.52682043472572,3578,5.945628002665352,Seddentary,3
1030,62.23111029738243,96.83901929191975,979,3.946840853652988,Highly Active,5
4446,64.25863394104971,100.0,3150,4.290412601673476,Highly Active,1
1010,80.70857270814439,97.03449395880055,17626,8.544624577384257,Active,5
3011,90.11627149120258,99.36979953293552,216,6.058714614483299,Highly Active,3
4373,88.62915658340977,98.46778634336148,1629,5.764573221593479,Highly Active,3
3143,88.19067461014019,99.73178721589892,12169,6.861872633803389,Highly Active,2
4261,60.629209352784784,98.10740639953296,1969,3.995823497548689,Sedentary,5
2289,75.64001993767604,96.23402169672156,9334,3.3343078470115275,Seddentary,2
2447,88.27407721790642,99.69965511115464,959,5.298248203219725,Active,1
4426,50.531917092124985,95.89930152448336,10101,5.319186377772013,Active,4
2366,80.72173051445554,98.67454992020294,2930,7.589830989992739,Highly Active,2
4216,85.79053855605312,96.47031980263114,1158,6.03453983098769,Active,5
4136,51.64431702184718,99.4781887178633,27773,8.227668310777746,Seddentary,5
3782,80.84090890140054,98.7660822805018,1089,7.379442371511306,Active,3
1824,55.46372701793797,94.88233520584228,3560,6.843145914295105,Highly Active,3
3153,76.79888582314848,97.12474292093994,4901,9.464850906351884,Active,3
3231,81.20257288375252,97.7993189743812,7924,5.315539101101173,Active,2
1225,87.13546785230537,98.48868873079049,167,6.36727661933073,Seddentary,2
3837,86.7339930613246,100.0,1373,6.557233486688081,Actve,4
1529,92.59728176523568,95.03839906644096,572,8.104432950513257,Active,2
3153,79.29840104440427,97.87807295047432,21411,5.108625460004344,Actve,5
2294,57.538096973259655,98.70603319376023,215,5.146593493904673,Highly Active,2
2998,64.23764449683554,100.0,5032,5.233397369860048,Sedentary,5
3878,94.05963769483375,98.20377553061152,5236,8.05351620014055,Highly Active,3
1678,84.35384556288354,98.98173795066482,7440,5.98389811948862,Active,3
4596,71.1704844896066,100.0,5474,5.023289669940703,Highly Active,1
4103,67.8768314425828,97.763446200032,8552,5.7025101573340065,Active,4
3440,47.24595457354113,99.12244627322252,4393,8.994857695609916,Sedentary,1
1039,90.53156219524236,99.35968349867694,4448,6.460204692919481,Highly Active,4
4802,75.01893077026237,97.74705025006504,10748,6.441103017318581,Sedentary,4
1844,85.07338456132382,100.0,10804,5.822398225036537,Actve,2
2743,57.78242336748951,98.30566281107984,2592,5.81638816865886,Active,3
1446,78.75810119234292,93.53628071715676,8324,6.876276725952168,Sedentary,5
4499,82.76955766147971,94.03691701787078,303,4.346732864521844,Seddentary,2
4109,72.85009816505021,100.0,10079,6.816872911484486,Highly Active,3
2234,65.28990015170243,100.0,201,5.092770275030596,Highly Active,2
3808,93.86211728241298,96.89837672713304,3637,4.651350297436598,Highly Active,5
1226,86.01681662132239,98.04065754429844,2506,3.819506659729896,Highly Active,2
1047,62.44751029931467,98.46472775901744,1447,6.293767811120331,Highly Active,3
3959,70.71294112535651,100.0,5912,5.190054661160985,Highly Active,2
2462,60.82489756242455,99.41193431933654,957,6.828451828527761,Sedentary,3
2830,48.166757316885885,100.0,345,6.055050577782478,Active,3
4779,108.71614361274648,98.00022697633123,1952,9.798768697683157,Highly Active,5
3924,101.56732958340676,96.28684083680024,5168,8.819903838180547,Active,4
2413,69.73289352440086,100.0,2844,6.035045919081409,Sedentary,3
1978,77.16627433009434,96.69563759959888,26937,7.819289907437312,Highly Active,2
1392,75.56355225493363,98.8110452129138,5936,7.9506186655526285,Highly Active,3
1309,99.96653333262532,97.97172233070488,1435,5.66157721721174,Sedentary,5
4864,68.53709758865583,97.76860709361038,12481,6.837276083200465,Active,4
3892,84.27636618715631,95.36269703011408,3911,7.280313645990352,Seddentary,3
2695,82.4643317632853,96.77459238019848,13835,6.495816225885565,Active,2
1052,57.69163748220274,100.0,5483,4.0413821162325,Highly Active,2
2474,73.03132139483799,98.78237884004142,645,8.211788816269515,Sedentary,3
1719,81.23510145043416,98.80032778243417,11454,5.629760004576773,Seddentary,4
1405,63.34445272193746,100.0,25,5.760803574944449,Highly Active,3
3655,69.06789273487284,94.92805702912634,26857,5.915341398343164,Active,1
4068,76.87689642988298,97.74114978264096,32445,7.32995414435868,Highly Active,1
3469,69.04387977805196,97.59104338879858,4953,10.595332259465232,Seddentary,2
3759,52.272518000923576,100.0,29405,6.488692591991585,Actve,4
3053,62.5745763678618,97.64996428282032,2932,5.573157565898078,Active,5
2229,86.7713449743282,96.89964823825792,1885,6.185080891064351,Highly Active,2
2567,57.87325524448403,96.66167727233558,5121,9.233841143311974,Sedentary,3
3953,64.3695095365759,96.18307835037253,14669,6.462254749302256,Active,4
1386,81.27464586759989,97.2695459459213,6390,2.725811301672315,Actve,1
2791,52.38219100204347,96.52507358368209,3756,7.97042783748964,Active,1
1698,83.1409450683538,100.0,7000,6.070581924358794,Highly Active,1
4147,63.19980666837132,98.8881775743678,4809,7.868062008788496,Highly Active,3
2200,82.24264846927103,95.94564362625712,7388,7.450836168141871,Sedentary,3
2822,80.7811938317035,94.8742861274987,26937,5.825182897054965,Sedentary,5
1348,75.71402016815445,100.0,6814,6.5950289647633555,Active,4
2278,57.492584822585634,97.06098491710314,8221,4.489203819628926,Actve,1
4773,73.05083737502181,98.13177955407792,17094,7.329840283391348,Actve,4
4416,95.7725846354597,98.244580426563,4233,6.554137193983526,Active,2
2619,73.97710045896572,100.0,13381,7.228116990711524,Highly Active,3
4477,99.84298658477212,98.28397879001574,14279,6.701611790339773,Highly Active,5
4628,64.12376740841114,99.78024130471503,8713,5.426337287966236,Highly Active,3
4697,74.5075168912904,95.53212619814164,2840,8.177445575068388,Highly Active,1
2973,84.83794236753548,95.82263304051992,2067,9.295529329725667,Actve,3
3979,61.34858941352944,98.47606913659376,26970,7.370234231502538,Actve,4
1480,86.61309134792364,95.86519291022452,3170,6.3202778948358285,Active,2
2946,86.28467052957792,99.377740199781,22534,4.075422128263349,Sedentary,5
2996,88.56460396893911,97.44941328690092,1079,8.197063094911686,Actve,1
4344,67.64532797425066,99.57240260731012,12351,6.113781788187566,Active,1
4991,95.62144703424104,94.38079882852642,5098,7.028044686597074,Seddentary,1
4129,77.44400496629258,98.8829826829838,8112,4.960047013953555,Highly Active,5
2351,72.22014965473079,97.95527564741754,10475,5.602610406478623,Active,4
2754,65.022218501662,99.4228792511404,11230,6.903528695115315,Actve,1
1108,43.428527126949824,100.0,2524,5.900558392309616,Seddentary,4
4350,56.285040944561835,98.42687228465986,9227,8.37451885114786,Actve,1
1314,88.66113530471577,98.5403231322099,11640,8.869653935038842,Active,3
4545,79.43338088285692,97.3131579316552,15747,8.678471245212599,Highly Active,4
2134,70.87218182010116,97.28145552242503,4173,6.2425626751257015,Active,2
1780,57.36861411397855,100.0,1941,8.622176716390172,Sedentary,1
4300,58.99575968823825,95.5140630671707,11768,4.736051217696784,Sedentary,5
2520,77.62066099137822,99.91310134348495,23881,6.952968158867168,Highly Active,3
1155,72.66448002798745,99.49106552419693,1521,5.974925873210897,Highly Active,1
2496,82.32104883276261,98.3982818537616,4285,8.708865441911096,Sedentary,3
1721,77.35849148533487,96.95589302204652,443,4.936282042714449,Sedentary,2
1012,76.3884158102112,100.0,3271,5.89511018601352,Sedentary,3
2756,74.15726538935004,95.61609045209175,15993,5.951338403044744,Highly Active,5
2117,82.07837248005201,96.32670965434346,577,7.258931015090424,Sedentary,3
3004,74.05297905764112,98.5967140282807,3276,6.409840192175844,Sedentary,3
3708,88.94455774532776,96.9289553839528,876,6.969571159275534,Highly Active,3
2647,89.06514052859517,97.79375481840556,47,4.976785331379054,Active,5
3983,78.07625628551371,100.0,5724,4.886210856148198,Seddentary,5
2490,84.87811599311185,98.82955297946228,18461,5.334943599390706,Actve,3
3675,93.02343930229998,100.0,8431,6.236687964618834,Active,2
1142,84.0284676843462,99.3343306861738,12273,6.82933132292631,Seddentary,5
2224,75.90848635333799,96.5021207547616,10302,6.886403908436415,Highly Active,2
3761,73.24381784384585,100.0,8162,4.352745138584503,Actve,1
1564,51.20641507475756,98.3975176305584,2351,8.525868694848505,Active,1
3518,79.43174898924244,98.13286104212564,1354,8.251268240741073,Highly Active,3
3431,52.90820894781809,100.0,3058,4.82972090871863,Active,2
2715,78.98818358232157,96.40873610374724,6020,7.028710201448543,Actve,5
2848,102.157137986552,96.64065985997,14808,3.953420317353448,Highly Active,3
3355,54.26772090417522,96.49670964585964,7385,6.443791817914729,Active,2
4072,86.78099222145734,97.77562306686264,16709,4.00062696585146,Seddentary,4
3786,59.69745875541882,99.66371774732237,13215,6.316314699877732,Active,5
4791,81.71453970881763,99.24688006175246,9208,7.324674574312402,Highly Active,1
2288,75.35330516266936,93.05937273859986,11608,5.471777572372592,Sedentary,5
2504,40.84345469756323,97.21186789292588,22090,6.4581022134518005,Active,4
4308,61.88643543994045,95.67269901105794,938,7.901780965174368,Active,2
2016,91.6127127124213,98.20563877673898,843,6.502335544324488,Actve,4
1952,77.3793305056813,97.04260589900424,17910,6.653358328868725,Sedentary,4
4261,96.21726661887378,99.3538572334973,10174,5.048686624267719,Seddentary,4
3154,66.98591297483847,97.64615358973036,3655,6.448094244669778,Highly Active,3
4773,78.58786904927527,99.74255682032458,11355,7.811541754269049,Highly Active,1
1138,63.86755729093133,100.0,9795,7.930224741623059,Highly Active,3
3320,54.903696138710515,96.9818888374544,5703,6.02933181777412,Active,4
3463,72.81206168901959,96.80926054363756,9763,7.206944095447891,Highly Active,4
1732,67.07992533974497,97.8104953709158,4755,8.943013056963077,Highly Active,5
1423,66.17994042783984,96.060807926526,11456,7.92348025459769,Highly Active,5
2591,87.89114725304952,100.0,10714,4.014398909333447,Seddentary,3
1341,76.20855701250494,96.94049953327976,1835,4.506336171277213,Actve,1
1945,69.19774465510447,100.0,13445,6.479522469901534,Actve,2
1191,66.35302651141801,100.0,455,7.192111224037026,Active,1
1821,80.6805293986164,99.5730851266021,11106,5.689482495042243,Seddentary,3
1226,93.7179599670236,99.06210672266172,230,8.004203263137669,Highly Active,1
2394,87.42868255879942,95.34333072638708,18342,6.710717599103846,Highly Active,5
4220,78.947817498513,97.6676694925258,8414,6.6734831619376065,Active,2
1103,40.0,95.71240352226904,56,8.171235875127492,Sedentary,2
1870,61.70002782726764,96.48272765399597,3992,5.476228547079217,Seddentary,2
4218,66.48340952950234,96.60631725102958,7176,5.497878470289899,Highly Active,4
1071,60.67611740066518,94.40240390848196,1617,7.387329057938592,Seddentary,1
4442,90.95163433780884,100.0,3788,7.060013599667003,Highly Active,2
4797,87.7605732539825,99.54788537281742,5149,7.814144786033906,Highly Active,2
4289,78.57029467242934,97.26184034550111,17197,8.440049109014748,Highly Active,4
3224,99.95832053254202,98.98628172970396,2215,7.674565586702753,Seddentary,5
4359,84.25775420405294,98.31784083905303,3201,3.7465192863840144,Highly Active,3
4176,86.38316314770896,100.0,7718,5.556139910830465,Seddentary,1
3747,92.84914393720922,98.424334160733,3127,6.376505070131659,Active,4
2517,73.06775965049121,100.0,8721,5.541671934775839,Seddentary,4
3130,65.10645691678674,95.7780003867728,2185,6.427518009022691,Actve,1
4943,85.00025937597407,97.17313897605176,19985,6.904339636594895,Active,4
2719,74.8426147519652,94.61508983237492,7985,4.781232704806614,Seddentary,4
3042,50.34787496454207,98.33780535126274,23115,6.2303001506772135,Sedentary,2
2961,59.79785529948687,97.10978377712436,4498,9.296500173605114,Seddentary,4
3863,70.22473293442718,98.14418561898223,191,7.881903805330715,Sedentary,5
3656,75.3536746813188,100.0,1124,6.822090133043217,Seddentary,2
3507,93.0986792391298,97.05061524018572,4121,5.539818323173907,Seddentary,5
3417,74.67592653909875,99.51724748847585,21892,7.855181073621381,Highly Active,3
3947,66.95394763465472,97.820778810859,14927,9.21761650204212,Seddentary,5
4563,80.19859601688478,98.12955528794564,9112,7.690679186837896,Highly Active,5
1922,84.34392939558046,95.7053500446522,6372,7.130324925872711,Seddentary,1
1136,80.72140369452435,96.92422925489898,473,5.116334684519092,Seddentary,5
3959,76.50678463969857,99.545621786581,8683,5.788770578239734,Highly Active,4
1183,60.066187456128446,97.27525820409826,3589,7.748084660431427,Seddentary,3
3519,75.49098377318992,97.97910562231456,509,6.5261732608633976,Sedentary,3
2398,58.08745863026227,100.0,1649,9.179795424579538,Highly Active,1
3701,56.672177570925335,93.87510657115988,12594,4.965309330804103,Sedentary,5
3796,54.91568314268629,93.07552231030571,7614,8.252232696877192,Sedentary,5
4582,79.64643528607264,97.45762821521262,440,6.116322457985884,Seddentary,3
3849,102.6709984856336,98.91699155190597,1460,7.114496609742015,Highly Active,1
2602,83.64216416191519,98.04063031015605,4183,6.125307783232572,Highly Active,2
3967,104.84767514349876,99.37622374379306,10066,7.629506118806697,Sedentary,3
4049,83.29334847858297,100.0,9084,6.8712919910006125,Highly Active,4
4431,86.4233809817642,96.62687385110009,6161,6.600808501089988,Highly Active,4
4282,61.378801673710214,99.55204315455032,1379,5.688445585737071,Seddentary,3
2028,100.03401384197632,94.71277202627743,5974,6.132492051783733,Sedentary,4
2218,81.72183377685337,100.0,5996,5.089088227012385,Highly Active,4
4354,66.26992356172197,94.24021553472228,11702,6.90163042634102,Active,4
3511,67.02937790053576,95.97411544029866,13880,7.035613857658273,Highly Active,2
4184,81.07927860346375,97.03878613502552,2376,5.743356153598606,Actve,3
1270,101.22396345016922,95.91682420015049,4080,8.123546986595846,Highly Active,1
1104,68.68046735422386,96.8721921941692,2866,6.849215034843846,Highly Active,1
4764,83.59363712539889,93.59516533392056,16258,6.188703085574637,Sedentary,5
4353,78.1769880066224,96.74389498622293,6206,8.212495788864747,Active,3
3209,85.18691000505335,96.48914538896356,10968,6.747391730322585,Seddentary,3
1433,69.6733551892302,97.4787472923971,929,10.198327191318272,Active,5
4203,74.44179215439577,97.6761492469874,10284,6.97541674290376,Actve,5
1086,77.15186791624201,97.36813754292326,1100,3.8871478564655497,Highly Active,1
2601,81.68732366814729,97.99367219476456,17323,6.164301871432117,Actve,4
1669,73.7099860495114,98.17604679261072,9724,3.720529420902832,Sedentary,1
1984,89.76957463391622,95.8995874588469,11797,4.048302833993639,Active,3
1627,65.64855104556761,95.94767244690368,13196,7.133916634013889,Highly Active,2
4797,71.24189610458461,94.40108748413184,39882,6.811985798005063,Highly Active,2
3044,64.58572574751793,97.39401802549388,19893,6.1754730504735065,Highly Active,2
1883,62.507201204380806,95.86995955066948,7536,5.507629416770223,Seddentary,5
3341,87.37046681392077,98.9483918895405,11951,7.794227940767591,Highly Active,4
2788,92.23692978891526,98.64967112683816,3368,6.605964910795828,Highly Active,4
1249,55.425648276987815,98.36830663064148,15769,6.234026001683961,Actve,4
4972,80.66380382062806,98.83239712815327,5732,8.812576580881693,Seddentary,4
3117,53.486164050438376,96.15059616474096,130,8.56410954483235,Highly Active,1
4183,68.40571398413715,97.95043611297116,9102,6.657257327710662,Seddentary,2
4435,53.9674122207244,98.09217155555878,1994,5.72710576570549,Seddentary,3
1090,70.20540674236855,98.43060839321586,12410,6.375562595900727,Sedentary,1
1660,60.31635830015917,94.25251463526712,460,9.399509965228116,Seddentary,2
1191,67.56608885118804,100.0,7478,7.070718777741336,Actve,5
4623,80.70338444893139,100.0,1754,5.311604016900519,Actve,5
4251,88.22588911091728,95.5767187829049,10991,9.716643693664412,Highly Active,3
2008,40.0,100.0,488,5.000411260403469,Actve,3
4783,58.44411549163412,97.32304140253036,1900,8.309812069631532,Active,3
1202,83.52585025040358,99.92552205597556,2454,7.412428631254371,Active,5
1572,81.56978133533329,97.37387252385118,3501,8.206828877105544,Highly Active,5
1191,61.126154694320256,95.91856437283272,21505,5.466668102971662,Sedentary,2
2913,64.49894622583123,100.0,13825,7.208909335312982,Active,2
2716,57.58712397005351,96.4751638803506,2886,8.974449303293163,Active,5
1310,72.32141494815029,97.64812262942556,5674,6.673954076901154,Highly Active,5
3103,61.48057661369564,100.0,22051,8.14071712146062,Actve,1
2260,78.05039753929515,94.74595583789804,9265,5.417781076796729,Actve,1
1869,74.5281455297797,97.58716360829976,8476,7.91874452677633,Seddentary,5
4932,79.83163019092223,95.84628478412246,12616,3.0117427871215927,Seddentary,3
2594,90.7016139191808,94.74047890132792,13914,5.2505556641666455,Sedentary,5
3799,58.499061176382,100.0,7418,4.577295829831925,Highly Active,4
2537,68.36678570962238,98.25278440906447,8109,7.134780567038746,Highly Active,3
4520,58.51740297684145,99.74471533423642,1331,5.4848575477148245,Highly Active,2
1359,83.21844347704977,93.60787251292506,1968,9.87213156625594,Sedentary,2
3077,79.22314513067786,99.99690016702802,4713,7.282142431798995,Highly Active,1
3011,75.32326818076412,95.62319557978466,1866,6.589541817145478,Active,1
3764,100.4171817566653,96.45175376871944,3358,5.8487153343457505,Highly Active,2
2991,73.65249052015653,94.80019835854031,5780,6.06365280083396,Highly Active,4
1959,75.99092016487175,91.78586186103846,128,5.56347826912544,Highly Active,2
2461,104.17761636116671,98.01499090155404,11640,9.319086311779106,Highly Active,3
1731,61.57122210796746,100.0,4584,8.196977141046913,Sedentary,2
4961,68.39176038161547,93.7036519100644,5006,5.761743423383126,Highly Active,1
1605,98.20061925366778,99.19398392825263,3684,4.51542014967058,Sedentary,5
3504,63.43485819504488,98.28821287677498,3754,5.737792993037907,Highly Active,5
4806,95.25681032442742,98.72844357876814,16023,8.129013564765259,Actve,5
2719,47.35485481066778,96.78486765918252,5046,6.885299376578773,Active,2
4566,58.45613355684978,96.79376456163205,8185,4.754861889250537,Highly Active,4
1673,61.74883787695409,98.84206524140484,3512,2.6763681682079965,Sedentary,5
2270,69.55308288406394,99.19075262015065,5203,6.706212246315538,Highly Active,4
3590,80.35928370088533,96.4104913191175,1102,6.829835765716856,Actve,3
2587,74.33056166925276,100.0,687,5.575526131526702,Active,1
3904,56.526782094466064,97.88506840693368,1281,7.86813272734997,Sedentary,3
2611,95.40686542181008,100.0,9864,9.550883173822816,Highly Active,2
2462,102.0548221778026,100.0,18105,5.380014729207206,Sedentary,1
1277,77.26911470734642,98.7268959822621,3218,9.075220902154513,Highly Active,1
3741,98.24708840130144,99.6267306483038,4413,5.5454879524080445,Highly Active,4
2358,108.00891691430144,97.90109957999782,12316,5.202286898615856,Sedentary,3
2232,69.14551284287931,94.71971856033014,18306,3.674225272899405,Highly Active,5
1021,90.20591848920688,99.89159160742064,11343,8.717775841514369,Highly Active,2
3055,122.735677560968,100.0,9462,3.967432525735143,Highly Active,2
3749,40.0,98.92604109913826,8612,5.976342745793618,Seddentary,2
1528,69.63561159478012,96.05908128037515,2441,7.572228243403959,Sedentary,4
3649,62.704173576936995,99.8261363828105,1388,7.167860251125125,Active,5
2676,85.2641096167726,97.38591745827192,1153,5.60195798395721,Sedentary,4
1656,62.39686538252736,100.0,2340,9.06063050110899,Seddentary,3
1848,89.95512902942872,98.6200275232908,5638,6.993909419632566,Actve,1
1495,87.64693512222132,100.0,6511,6.671373047002708,Highly Active,1
3413,94.37772324662174,98.76878782813186,2021,7.605826828975848,Seddentary,5
4597,81.29072714335898,96.95819343123291,14471,6.760039779773745,Sedentary,5
2262,72.100951749325,100.0,7154,6.840163171129509,Highly Active,1
1654,97.20345487056083,95.89715574857384,13695,3.639137028281512,Highly Active,5
4893,71.86219983399543,99.63125548190207,4324,6.040786476445773,Active,2
2776,98.96992957760824,99.58030269346632,1205,8.310751763716716,Highly Active,1
3722,79.65623902826837,100.0,969,7.05736628973266,Seddentary,5
2083,98.30652600555707,99.03799541921155,4865,4.975627606253809,Seddentary,3
1005,44.75716780293566,97.25180989194708,8581,2.882342617581707,Highly Active,5
4780,68.09241530047197,100.0,8732,8.86938187733329,Seddentary,4
3617,93.47063287094076,99.99345090425672,8395,4.851160177875583,Active,1
4888,55.616718084035405,98.5791620944537,20971,4.3308533756739935,Seddentary,2
1406,79.94666787432959,97.9080278121285,198,6.659573396362549,Sedentary,4
3073,60.07043425426,91.85847277720526,1673,5.997517603193557,Highly Active,1
4886,74.89678807012137,98.43244557384112,2574,8.232430175026243,Sedentary,5
1985,53.618113731135374,99.066451626265,6188,8.319510169418741,Highly Active,2
4603,57.93559469537839,97.48932737689908,102,6.227834264291937,Highly Active,5
3618,55.9106912852575,98.26269150085965,4091,7.481360058135794,Active,4
3193,67.64751524693989,96.34712269150587,2112,4.934297695542117,Highly Active,3
2411,60.42257540106266,100.0,1155,6.41000426182301,Sedentary,4
2272,84.64700887014719,96.12574729178904,16455,5.481796291926691,Seddentary,2
1525,40.0,97.25121594136404,3443,7.992958824949223,Seddentary,5
2485,76.60590884331656,97.02600337285332,2378,5.350470111745242,Sedentary,1
3950,75.09461699275545,98.00209419640956,14260,6.9711175588741,Seddentary,4
3431,98.87285323776106,96.47716673970363,1960,5.125695150853628,Actve,1
1018,86.60171400573861,95.77414501295227,4483,7.513764789263998,Highly Active,2
2003,84.66637817594807,98.47147616802133,7918,6.968862720706044,Highly Active,2
3466,97.34889530400416,97.73388220145516,2525,6.012028804097906,Highly Active,1
4408,82.27416207712247,99.43424842503508,1276,6.68884355934802,Actve,5
2938,49.87698085660963,96.5119103486593,761,5.133641590835891,Active,1
2635,64.21850380212665,97.37615781544996,651,3.785865677665976,Highly Active,3
4999,72.53481066155324,97.30618787705046,1011,6.081084674995941,Actve,3
1431,87.993978274816,98.53139106004234,4181,7.434257147860657,Highly Active,1
1799,69.6004361387288,97.41419050429964,7708,5.7956625603562575,Highly Active,1
4212,49.07269192257347,99.42711104728224,9173,6.970595578240104,Highly Active,2
2151,74.84464509102658,97.83074316677958,9849,7.2567274829147,Actve,5
3445,91.8381419325998,99.55169288101932,6692,4.953274323661121,Seddentary,4
1462,55.88162641791496,100.0,14326,6.250185140846979,Sedentary,1
2774,65.61008295260203,99.4784551477676,5101,8.523186792743239,Sedentary,1
3045,48.08473420160655,97.51463168109112,4672,7.630228383565959,Actve,1
2743,71.2996307456159,95.67689695037448,10408,8.296644237034274,Sedentary,3
2213,55.15852002000834,95.08357212422884,11594,6.67257494900537,Highly Active,5
2411,70.00967730533922,96.37608636390787,1341,5.279138415688265,Highly Active,4
1428,94.00161776610436,99.05362213371842,13889,7.21262144051594,Sedentary,2
3284,77.08945986188546,100.0,5849,7.1366646797136895,Seddentary,1
1170,79.92793036839076,100.0,2631,6.311705679284293,Actve,5
4558,61.66307250283813,100.0,5721,7.324454191203447,Actve,5
4847,71.26195408811054,95.92802855533012,2089,3.4749972093015784,Active,2
1875,64.32612624063174,96.47679426208286,6326,6.928540166809164,Highly Active,5
2001,66.99452518748677,98.46109651124652,7358,7.020878206557943,Sedentary,5
4384,88.9780780766684,98.9711012080284,15527,7.440436764399939,Actve,1
2481,103.85373394202706,98.09671899825756,6383,7.320394237816672,Active,1
4301,85.44681575799144,98.61298677668576,2059,9.219292654715415,Highly Active,3
1657,69.92263987837734,97.94754544368944,7555,5.9181943845442415,Active,5
3929,91.5405698469746,97.36913585944956,16791,8.33659324044156,Seddentary,5
4956,84.05331968849194,99.86147414115268,2153,7.583040078569734,Seddentary,5
3619,64.13760646765262,95.83206191697096,357,7.594016182354499,Sedentary,5
1170,67.88866218967857,99.22234824064417,1869,7.757791133940845,Sedentary,4
4410,118.8792056272274,97.58518203598776,572,6.750045939322086,Sedentary,1
3053,81.63419004011074,100.0,1590,4.5689275578172825,Actve,5
1287,69.88450401721558,97.18374141979996,11134,7.9225279584414015,Actve,2
2641,95.1793711854328,97.76264570337383,5136,4.466979249923154,Active,3
4217,54.606161561589744,99.40605951072226,28947,6.242682466177897,Active,5
2447,81.32026023451195,100.0,1622,5.499075213595143,Highly Active,2
2225,59.016385347208725,98.82853074680013,1776,6.578900112752673,Sedentary,2
4962,93.28285749018568,96.91004682875776,10365,7.313114907302221,Actve,2
4177,88.07997790662667,97.62270631580895,7174,8.442962883984439,Sedentary,5
4167,70.98230376329548,98.80031418816306,1105,3.8146889261035306,Highly Active,1
1978,66.5120861872846,100.0,355,5.83302739784079,Active,1
3463,65.05301364120963,97.0433114897756,10092,7.914015781728705,Sedentary,3
1725,66.978481347378,97.52265400613928,14867,8.832032499092106,Active,5
3501,69.64754191279319,98.12971398267436,1671,6.968880483998116,Highly Active,5
2216,75.23922985131563,97.75217921793278,573,6.833521660010658,Sedentary,3
2903,79.48325665619488,95.99243188697588,32444,6.553699370813809,Highly Active,2
1778,59.49065840008886,93.65518870895713,11995,6.747366633002698,Highly Active,3
2538,61.550541588414006,96.62052473391265,19424,7.340344175399414,Highly Active,1
3123,94.06497864363185,93.8448115272326,4190,6.399891885801412,Actve,5
3160,76.47537726205613,98.0086191680498,7573,8.260888920408405,Highly Active,5
2106,61.110841991224106,98.4919402219901,12116,6.312301652012326,Sedentary,1
1124,65.21571816719123,98.57261011367837,6174,5.4617568473759945,Seddentary,3
4246,65.96383316951109,96.57587361020644,3345,7.410914505064954,Seddentary,5
2750,69.8460392260744,97.04003979836531,6106,6.652981385057048,Actve,3
1029,83.00637016871268,100.0,5973,6.859049251745591,Actve,2
3328,60.885415162204936,95.88235168160269,2428,10.090253443621933,Sedentary,3
3017,64.17791972093804,97.00950683509934,648,5.717525765416824,Highly Active,3
4319,73.3568928954628,94.92937534766672,12335,8.221510903729504,Actve,3
1494,57.35493280139926,98.62631265607652,736,5.279625874935455,Highly Active,3
4561,90.2726166425752,98.96401049115715,25163,7.894706105782316,Actve,3
1374,86.36905530062448,100.0,6325,6.160386843444115,Active,1
4426,69.87325292597183,97.4128760737109,24692,9.83157317480086,Active,3
2619,76.23172306200895,98.45378357201426,1487,6.9072317991125205,Highly Active,1
4809,89.96855054514566,100.0,806,6.371442961562336,Seddentary,1
2546,69.02304980799134,100.0,7438,6.305945786641544,Highly Active,5
1684,89.80585773031058,96.23615452111898,1171,7.290353848325307,Actve,4
3550,75.10519019021659,100.0,8269,4.379550273685587,Highly Active,2
3941,80.77266739339377,98.20380456640908,2895,6.305661527424919,Seddentary,4
3891,76.40924162682626,94.51209378798656,233,9.41859401851764,Seddentary,3
1809,84.91669500961275,98.49568170267452,7912,7.433655132074021,Highly Active,5
1977,89.88561211989679,100.0,4762,6.237661008958633,Seddentary,2
1783,73.1997999505723,98.89904025904583,7126,7.051068067806964,Highly Active,4
1482,69.47866407379387,95.65365608621728,175,9.504110916618046,Highly Active,4
2012,76.81589043710494,96.37259202318025,7215,8.819846818809317,Highly Active,5
3309,78.22831985781646,97.45939013252504,8911,3.5722480315239142,Highly Active,3
1952,83.18734757599955,98.65247024888292,2376,6.15436834434096,Seddentary,1
2387,78.04342828187703,97.06136994670908,3072,6.8151901032831494,Active,1
1430,63.90710160509123,99.53048350867468,13228,9.090613536212018,Sedentary,1
1075,67.88401257944413,93.7541524857781,7426,6.918171167367708,Sedentary,1
4771,85.25501791842838,97.96440863551014,6798,5.821442764215261,Highly Active,2
4046,79.0652442036083,99.22661634580636,10672,9.273729370142473,Active,3
2781,80.6957614027952,96.61329568526205,2064,3.832316969846523,Highly Active,1
1590,63.80989246956139,96.02727666301224,1368,7.024735099222013,Seddentary,4
1891,73.05234110565732,99.9072392829986,18501,6.4949858295054765,Actve,3
1140,77.93775965411174,100.0,1040,7.496001615730714,Sedentary,4
2789,70.72806494348028,96.20864998347116,168,6.055825926976861,Highly Active,2
1016,69.91753593644471,99.11707620720064,2698,6.2369264432966505,Highly Active,5
2086,87.70588806920274,97.67216597121188,1623,7.271080520894503,Highly Active,4
1464,71.77224845237731,95.28124881105316,14781,9.359479905879876,Active,1
1375,80.26866227505546,98.579956853569,343,5.923784752502202,Actve,2
2827,74.97621110589911,99.37775466356308,11309,9.18927841634789,Highly Active,2
1519,85.29814822764543,95.37084145243864,16582,7.234284552874321,Seddentary,1
3851,87.32923237238606,99.36869103972992,1176,4.921291677561347,Highly Active,1
3843,76.86995434001187,96.93339171855683,2869,5.587887840361137,Active,1
1629,79.27282143754724,99.48167398523452,26977,9.800750946766948,Highly Active,4
4246,87.33575000716318,96.42301799294012,6982,4.079307395490131,Highly Active,4
1075,64.43547620955646,96.63177197420892,26562,7.24055588702303,Active,3
4684,75.18181834638175,97.58018032083147,8173,6.863429880056953,Highly Active,2
4734,72.2909202421149,95.08759416062571,6801,6.43881219903765,Actve,4
1969,90.21246731645334,98.67262084436442,5493,5.82904972575411,Seddentary,3
2094,81.65130076030398,91.78820969250454,7619,4.650706319972937,Sedentary,5
2404,68.67778533515241,100.0,161,4.4293363050566255,Highly Active,5
3844,54.32805105066943,96.70045416292564,6711,8.953907888780893,Sedentary,5
4982,50.57289213708819,97.6300563440556,19340,8.159551788125638,Active,5
1617,85.4548682250357,97.39612000681204,13602,6.382881317723066,Highly Active,3
4092,61.71633650631774,98.03757487867568,1999,7.730553140874312,Seddentary,5
3074,74.50903743231906,93.77731020116806,4227,7.9263593964854735,Highly Active,3
4382,74.89112036022833,95.47293877160698,1291,5.6782265834449195,Highly Active,3
1284,82.41227511867655,99.75691645932328,2960,9.717117699729842,Seddentary,1
2683,63.857545214893165,97.4332600023794,1602,5.995590411543094,Seddentary,4
3328,87.58484953447646,96.37976539776191,230,7.046330107299562,Highly Active,2
1837,81.45791804191305,94.63093033686586,4761,7.1327000526566255,Sedentary,4
1830,98.7104030448511,100.0,229,3.9141711010889257,Highly Active,4
3965,107.21222690500645,98.67083230505877,4823,4.928955672814995,Seddentary,2
1044,97.343701271377,95.75884410033449,4674,5.79720316234497,Actve,4
4498,50.45972508960021,96.97801296652663,10990,6.318750103817188,Highly Active,1
2891,82.5400794849549,99.89264233711889,18760,7.08021551319842,Sedentary,2
3581,75.99959703087097,99.85408823053557,6518,7.174727667535306,Actve,4
1691,78.98632055073756,100.0,4919,7.4045701687855265,Sedentary,1
2390,84.69059051030143,100.0,554,4.3096107851295375,Actve,3
1931,92.89076791309868,96.91159770443576,6718,7.274725006412488,Actve,5
4814,64.775987237018,94.33324385599114,5058,5.565381798883894,Active,1
2573,54.5712034234902,99.82413487924627,713,6.468782812441155,Highly Active,1
3286,84.23461611809444,98.30294368136585,1146,6.894649562087333,Seddentary,4
4406,79.98036903119907,100.0,1742,7.475621872786196,Active,1
3488,83.10544075882683,100.0,17740,6.865677622392391,Seddentary,1
2032,86.92437790920285,97.34195710641713,16709,5.2052344442793705,Active,3
4121,76.31341459989682,100.0,245,8.462968582406859,Actve,4
2873,90.38797360852774,97.43603923645318,1094,7.6472120090448605,Active,2
4588,76.24911061214506,100.0,10621,7.267551061721086,Seddentary,5
3685,78.59786801328792,96.998297096811,13812,6.969357494727388,Actve,5
4658,73.59901314540875,96.30238001817912,1816,5.479968542840362,Actve,3
2977,79.57694780696602,95.6463135581519,15880,9.147252299336667,Seddentary,5
4036,116.04667149201627,99.18951361078418,4234,6.181564568544534,Active,1
4371,55.0617397108367,98.08687662098868,13917,5.408133862997907,Seddentary,4
2825,83.8076935352622,99.90214272865938,9081,5.20430525146495,Active,4
3636,97.13662598258344,98.83525692206187,11583,7.117149667054685,Seddentary,4
3696,85.27006765614433,98.51173455329956,1589,4.7346503218513885,Actve,4
1617,69.52677949836445,100.0,1583,6.578769962758542,Actve,1
1489,86.29946317764417,97.47207202645887,3874,4.948997784117907,Seddentary,3
3525,53.33782922666306,98.64298854007065,5254,4.545733586313444,Active,1
2182,87.75027186141831,99.4739419447118,4367,8.14814465342556,Seddentary,4
1383,87.41685666293486,100.0,486,6.799917186456784,Highly Active,5
2212,67.48663281584217,98.26927006321942,3920,8.73324962007192,Seddentary,1
3462,57.15749961085394,94.10573596899552,1373,6.137694181947846,Active,2
2204,47.57691019203931,98.27093169320769,1651,8.655458263385217,Highly Active,3
2907,89.06791169302704,99.15650694095535,23026,5.670333849297216,Highly Active,4
2161,95.99215999728465,98.21422777134585,1186,6.502791838248754,Actve,2
1129,71.22881370580883,95.82818549934908,10797,6.180775581190749,Highly Active,3
2887,85.2395757313859,100.0,5364,3.4082542334081944,Seddentary,5
1143,64.62145345368664,97.37583230340208,10104,8.497253189100705,Highly Active,2
1015,55.24528486805258,100.0,2002,4.4935469398106545,Active,4
4373,91.7435129905166,99.22613252161815,3562,7.314736574036015,Actve,5
1244,93.59673893793708,100.0,6674,3.99982681098824,Highly Active,1
4178,91.6305208243222,96.2520065314351,13366,2.9010308348089833,Highly Active,5
3176,71.36955200546404,98.15875423704644,10161,6.69488973254665,Sedentary,2
1886,57.582113940987696,97.27847654134231,9522,7.439518614391277,Actve,5
1340,57.959926477256005,96.79693499062184,31,7.419392828476107,Highly Active,5
4398,66.89763499156687,100.0,7048,7.756358940345481,Active,5
2433,78.6106253806291,97.7446864777681,2705,7.176018855988858,Highly Active,4
3654,88.80826378809363,100.0,3563,6.100656990690476,Highly Active,2
4792,78.40524002998497,100.0,4388,9.77905474700128,Seddentary,5
4296,79.60946326907941,100.0,13207,6.3702220037829465,Actve,5
2204,82.46193464349683,100.0,3223,6.646667968015199,Sedentary,3
3181,69.075105696258,100.0,5929,7.918535886353688,Actve,5
3457,60.41808556509068,98.2568491810206,1660,9.1908673566952,Active,2
4367,77.08446297794656,98.68175688871726,2826,7.602812399532794,Seddentary,2
1817,85.81049388350837,97.65712851180751,2004,6.340567385743963,Sedentary,3
1194,84.51678235735491,97.96238421184437,12337,7.0909338689751,Highly Active,5
3537,96.536955452877,96.70309035591498,2423,7.364039159930251,Active,5
4888,106.9561086693959,95.6253423034528,11066,4.944459156961526,Highly Active,4
3959,56.29721226199338,100.0,8610,4.966586076823038,Active,3
2619,71.34885980933278,100.0,2332,6.998873068722821,Active,1
4749,83.28590062549212,98.62964989883318,307,6.041557542707714,Actve,2
4864,71.24230618777685,96.04233931120926,7734,7.025132735951476,Active,3
2119,81.9060783118927,100.0,6209,6.451328282349539,Active,1
1777,73.31156425724049,95.86790708863484,1442,6.169844405170045,Actve,4
2015,40.96226317233467,100.0,169,5.958962519660558,Actve,4
2384,88.06536720804725,95.8288948178689,4310,6.426378743248213,Sedentary,2
1553,68.92172347987993,100.0,2059,7.776881965745737,Sedentary,5
2260,76.5864663543069,100.0,12795,3.5133375770949837,Seddentary,5
4605,91.42419523481104,95.61456510334808,1514,5.514686391558105,Highly Active,1
1184,99.11538040082536,98.44880045017594,7525,5.102103292879698,Sedentary,5
1467,106.0801692488867,98.88950929410557,15325,4.839168703637379,Active,1
3801,66.03652583818024,98.23275858769873,16336,5.769593062436969,Highly Active,4
1335,75.70959705036262,94.60525658172982,9291,8.248253841513032,Actve,3
3209,89.35610981454705,100.0,9825,4.812725911066026,Active,3
4393,90.60255624639797,97.72429829261374,4887,8.466471046214739,Highly Active,4
3059,94.5395153331864,98.2684114644674,2715,5.770515685536297,Seddentary,3
2447,66.11135137029748,98.1572441217414,412,5.018956535233285,Highly Active,2
1587,97.24308884847194,100.0,140,8.480342745782398,Highly Active,2
1521,72.22303450364461,97.9397439176881,18722,6.697372056715491,Actve,5
1787,74.92087505426525,98.81891703844744,3232,5.936449296438186,Seddentary,5
4110,79.91920586111652,98.86818346286508,8804,4.397959142487997,Actve,1
1320,101.872685237084,96.19332379241573,1724,6.517278426550696,Active,1
4707,80.74001982318269,93.31795018905562,4325,3.9404346079178114,Highly Active,1
1922,79.54295050177505,98.9871778441332,16224,4.8543121995513765,Actve,1
2409,65.744053127267,97.51694550166836,10005,5.941937371208896,Highly Active,2
4265,91.2924699403358,99.61798505307526,16557,4.299372807934675,Seddentary,4
4356,63.72734524717805,94.96309514492496,8590,3.466710192353632,Actve,1
4411,70.02821321011093,95.9697010950435,1288,8.27002848225644,Active,2
1279,55.82418543199558,96.65866070940866,629,9.27260393629655,Highly Active,2
4977,62.833485589906616,100.0,7908,5.145281260395624,Active,5
2892,57.4549278725097,96.72621136322816,2921,2.622007184293567,Highly Active,5
4981,54.97604312437862,97.83676704207866,2773,3.4218365358292373,Sedentary,2
1331,91.66445647285587,94.48111461253248,8292,7.0344623240402715,Actve,4
2173,72.34082285568302,94.42354696572134,4492,6.962743281945679,Seddentary,3
3039,79.12452189991814,98.21064359106556,26300,8.336486996139783,Highly Active,2
2477,69.21970988874837,93.56132350057275,7122,6.026754333209671,Seddentary,5
2708,61.33025064734828,97.59169035376752,7112,3.995980229511485,Highly Active,3
3686,50.903462152970505,97.81301352552369,612,5.986318074293463,Seddentary,4
2379,104.61175225739905,100.0,6765,5.946096884502372,Sedentary,1
1439,66.6202019587871,98.76722897747442,38138,3.252939099751772,Sedentary,1
2119,88.00054573096676,99.40570265003016,12495,5.524452346609196,Highly Active,2
4601,88.1328862461352,95.38679336531334,4293,5.760567569761877,Active,2
1122,71.55539059902371,97.21224558450342,3945,5.595157457879961,Seddentary,1
2423,63.23712135326187,95.18209586558896,23399,5.945382637520913,Active,2
3746,93.81239190235657,96.5049498787833,9922,5.2236069645769145,Highly Active,2
4814,77.32343079648778,93.73068292059666,5236,5.969900441157002,Highly Active,2
4052,64.11644277528502,100.0,2014,4.887463412657302,Sedentary,2
4629,86.80332020666485,99.23031264286246,12245,5.179131062950274,Seddentary,4
4472,66.03026602530102,99.34521760223282,78,2.844080396553868,Seddentary,4
2333,68.61704893907846,94.67828272081124,11789,6.176421292994152,Highly Active,1
3542,89.51439582890484,99.4186087899029,2667,6.1164577855228295,Seddentary,3
4844,75.98829172006246,98.27297121959911,2247,6.363189344994004,Highly Active,2
1371,81.78331164998227,98.8127909228587,6483,6.4963078785790875,Highly Active,5
1615,81.57846113393644,97.37004494700678,2371,7.827613892488632,Sedentary,1
1846,81.21353262953353,100.0,2968,5.44938386471468,Seddentary,5
1042,71.75799363993539,96.31029162236425,281,4.948873615936503,Highly Active,4
2853,64.05561638663225,99.6128197182062,10934,6.279900539096643,Sedentary,5
2378,96.6570107165942,100.0,339,3.121794809227166,Highly Active,2
1475,79.50672425888996,99.63252961824776,7232,6.793698275696558,Seddentary,4
1082,64.16983218630551,99.3044337405664,4935,6.29217530695428,Seddentary,3
2133,105.81460674004548,96.20253603298671,1096,6.665603199234796,Seddentary,5
3298,44.49162064546209,100.0,1000,7.126484617140945,Actve,2
2534,53.32437944130622,98.0255133368515,5800,5.330799128668368,Actve,3
2985,84.20242403572982,98.43175738948794,1630,7.864798808764837,Highly Active,5
3119,64.90192724566104,96.22717579514658,46201,8.947820617414308,Seddentary,3
2270,89.20748603187803,95.5323633366024,1284,6.212393340186765,Sedentary,1
1640,81.09890869408227,98.21284648281508,8040,6.6816950425349315,Actve,1
3987,82.76743582038137,98.59337050730694,13008,6.629936088223152,Highly Active,2
2878,87.43529345806299,100.0,8605,5.423203134061003,Highly Active,2
1607,61.00782290384545,95.46186988060924,16845,4.946577632391525,Highly Active,3
2367,91.7126675039299,100.0,309,6.574032098959562,Highly Active,3
4996,61.71115082468569,92.789499466868,894,6.429177359670381,Actve,3
3101,106.17370990921664,97.2112145912366,11885,7.27646723845976,Active,5
2753,101.47627001527472,97.98306096889344,15874,7.977281226656222,Highly Active,1
3240,78.17586908586391,98.71113672086628,3816,8.500190964812164,Sedentary,2
2872,74.05380752413242,96.18816663026958,12549,6.564832586751455,Active,4
1705,77.2181791333528,92.00919451948562,3153,6.419177306407999,Highly Active,3
4996,77.2662792177872,98.1167859241839,299,4.77177704223758,Actve,2
4397,112.04250592016793,98.37078099376618,3031,6.895992943403879,Seddentary,5
1007,63.263958613562394,100.0,22576,6.1735151798187085,Sedentary,2
2135,88.85021162649304,98.37014859492967,152,9.140790295286523,Highly Active,5
3994,68.13209275227997,99.98427661354744,30523,7.917896691336243,Highly Active,1
4744,60.954141475714614,100.0,2080,7.170535435728914,Sedentary,5
4275,88.22522188504468,95.602106582842,14459,8.421007543093214,Active,3
3259,49.97532968721989,98.38387925507118,19716,6.904880142084969,Active,5
2702,67.3846136317151,99.5092802506696,2916,9.1379508030213,Active,1
1242,96.22029027034704,100.0,2870,6.457734367342905,Sedentary,3
4173,50.032328881938,95.92418106863757,3710,4.827870832841448,Sedentary,3
1652,79.20898987776873,99.6193947050396,9455,3.0825821258146875,Sedentary,5
2932,53.14114331538121,94.1839740512538,6404,6.403642600865126,Active,2
3158,92.1715959321643,100.0,913,4.36421566557609,Sedentary,3
2972,70.63476669239213,97.6254257102676,10189,6.646317676687634,Highly Active,4
2066,76.5740390907861,100.0,2793,6.566958214905205,Sedentary,4
3258,66.13455469369363,97.36635760819873,8990,4.403853824618508,Actve,2
4823,73.7923519658323,98.38747879727534,11236,7.912627418350837,Actve,2
3674,74.65570230271665,99.38174347540458,29873,4.983986062920718,Highly Active,3
3799,53.900521889519496,95.8816621998694,4829,8.070698626769918,Sedentary,4
3482,75.1618321909339,96.31320014593604,2472,4.966500903621546,Actve,1
3853,70.10874761430053,96.78386131054867,2915,5.438088286402107,Highly Active,1
3657,79.25600054715456,95.7471317753175,2418,6.236565236848899,Highly Active,3
1426,103.76614613730398,95.6457233097531,1704,5.793695570009132,Sedentary,4
4346,95.43159581492088,100.0,22959,5.01582847257575,Seddentary,3
3949,85.83170809203443,97.08942924467524,2532,3.679829510644761,Actve,2
1941,47.29432029250411,99.13647977633994,9568,5.06117283034091,Seddentary,2
2600,79.63317632323086,96.0837470075412,21953,6.062449009970229,Seddentary,5
2466,81.9020550621751,95.90418367981388,2983,7.10852568452282,Seddentary,1
2966,87.66134767258578,100.0,655,6.107035948510682,Highly Active,5
1262,69.86640120041163,99.8104931729124,868,5.813878254050435,Actve,3
1266,61.59423820862506,94.67503693802284,5457,5.296593055936885,Highly Active,3
4737,80.82028834820035,97.13027196623489,13682,5.694088267443692,Active,2
3699,79.54442875369038,98.411934630443,2485,4.084543793912662,Actve,5
4634,93.02386612347428,99.15569362375273,16312,8.079765559919242,Highly Active,2
4892,98.5365506699093,97.11602638327086,2014,5.8533975681991155,Sedentary,4
2912,92.69006487565392,100.0,114,7.90277746105507,Highly Active,5
2292,87.36034269055263,95.46478257627632,6494,7.3049464467019725,Seddentary,3
4637,77.2133128990744,96.49901391305812,3408,4.423926067893136,Actve,3
3163,75.810701164345,100.0,555,3.643472987468358,Actve,5
4701,66.34399073032532,96.2688575797808,4961,7.81135420607444,Sedentary,2
2098,49.496509749282126,96.00418925719698,1713,8.82290980788796,Actve,2
2503,81.79749168767513,100.0,9423,7.957242186260611,Sedentary,4
2657,98.22172121082784,100.0,4009,4.080124143930952,Sedentary,5
2461,50.66833791738154,95.52756390275265,1128,8.521759084134008,Seddentary,3
3414,68.19186424829502,97.32190599764986,3504,7.257289729215547,Active,5
1312,98.56064614398092,96.783877141184,1312,6.525680734114229,Seddentary,2
1537,64.08967945993219,96.83912784808132,11360,5.883911199187527,Highly Active,3
1920,69.08247699319656,99.56382240136446,21378,6.322714155256174,Actve,5
2077,77.70195149846246,99.25544274441656,14259,5.204554684503955,Seddentary,4
4612,109.90757746641069,95.04991773037683,1232,5.026591961127964,Seddentary,2
1272,64.23755183491838,96.88185776645794,1641,7.639111780245323,Highly Active,4
1719,55.534476108802366,100.0,4835,3.4745831307166406,Active,3
3547,84.16624991391828,98.36593029638424,10267,4.091059986406602,Active,3
1621,90.50715652629007,97.76537714587025,3230,8.04286683443617,Highly Active,2
3665,83.90459196563447,98.7377403023247,1076,6.014991397965521,Highly Active,5
4021,90.5687680281085,98.16302290924004,1291,4.3215421247241625,Active,1
4590,78.34879575184694,98.11589492934895,3538,5.701362935857281,Active,5
2192,75.03195408797482,96.22316666826802,14787,2.8899241688518797,Actve,4
1649,84.18081657243188,95.69791866136306,18316,4.754853460294294,Seddentary,2
1390,83.53918526017601,100.0,8860,8.411579050013216,Highly Active,5
4377,62.69777837045038,96.3857860436558,5823,7.544143808505798,Active,1
1741,92.72931146327304,97.63231294816936,3014,8.532289390666932,Seddentary,2
3560,67.23335436555813,96.93753456716423,12924,7.132042545820315,Highly Active,5
2539,78.9273440175632,96.2121585793327,9244,5.399645412167672,Highly Active,3
1912,80.30738902861076,99.80161702678932,13264,8.749384714100186,Highly Active,1
4584,76.2688509943217,96.82753959396244,10081,6.451901931599652,Sedentary,4
3118,51.45304294732864,99.86114325811934,1826,9.088368599318686,Actve,1
3525,66.40058469320152,96.67662297650548,3149,7.695122130999607,Sedentary,2
3236,90.10281696618952,98.74903832716905,6465,7.569402684505722,Seddentary,1
1919,62.2440134187885,100.0,2233,5.466271600156885,Highly Active,3
2834,74.10537895407207,96.26038009296452,5216,7.528986348153799,Highly Active,5
2567,92.25759863348318,96.2334734902179,3740,5.336370685181544,Active,1
2869,99.22679346119564,96.18663922423391,6368,7.679467060391625,Highly Active,2
2179,85.10098685506485,99.16576994632584,3632,8.301429651563835,Active,4
2436,58.2225765588304,98.48513197679952,267,5.989793323139816,Highly Active,4
4426,72.17987261898486,96.56342082474065,14412,5.651792318667471,Sedentary,4
4622,67.26418862157122,95.70955265909846,3090,8.463540569552253,Highly Active,4
1941,70.09195499412195,97.5390557073105,9814,5.9327059715054995,Highly Active,2
4560,53.210432845269125,98.45750335553215,9468,5.8359353268970775,Active,5
4741,68.86150389141477,96.81052579551088,2452,6.546218880319361,Highly Active,4
2301,74.78664906289688,98.30466967989872,30845,7.996007431262085,Active,3
1283,64.9843218887252,98.79165229089875,9001,7.527527226076913,Seddentary,2
3315,49.34485099861165,93.47868815353768,2307,6.930338898579633,Highly Active,3
2553,86.17858706792502,99.01971671339872,930,4.81050165673901,Seddentary,3
1692,63.2264459308572,100.0,1595,6.680695864156652,Active,5
1254,43.79844825790249,97.62017656430513,25273,5.073942241791643,Highly Active,3
3300,65.3691125694895,98.80695180675762,24,6.891264073640949,Actve,5
3646,78.06781632773011,97.4220444685269,1611,6.658608550341512,Active,1
2113,77.84932836878804,100.0,3726,6.261593492756078,Seddentary,3
4115,105.4610920480516,94.61049731490102,6935,5.651545878780375,Actve,4
4735,103.03327984342592,97.5488699359267,3567,6.484709088133968,Actve,1
2124,52.95682222621585,99.2229981064201,418,6.66960654999787,Seddentary,4
3654,85.40734602575967,100.0,1238,5.891385041859011,Seddentary,4
4832,90.25583505876948,96.62319723444224,9193,9.597823440816128,Seddentary,5
2547,76.8724251492722,100.0,1298,9.639598807983756,Actve,3
1861,87.60867063132713,97.38803979712776,844,6.509429284837229,Seddentary,2
3745,106.97593831892011,100.0,8518,5.5318640308059726,Sedentary,5
1404,91.61989960932854,96.47083002881224,10685,3.930775663094753,Highly Active,2
2782,78.64621549007062,96.57061018759256,2181,5.248753853825509,Actve,3
2184,73.6879549045793,100.0,1709,4.782492900480328,Seddentary,2
1270,54.278180976621904,100.0,646,7.774491461350037,Actve,5
1769,69.6735197620227,97.51300076472248,26196,5.305470452163285,Active,2
2715,79.62090539080728,100.0,42,4.2486084297036335,Active,3
2510,82.63731444920984,97.52848124015048,8202,6.60899177359957,Sedentary,2
1273,73.1827850583373,98.39106551087644,8619,7.025117146991807,Sedentary,1
4793,57.9122885321636,97.2656793261549,302,3.5074878386624264,Active,5
2771,59.23473082870755,99.91309715751294,2175,5.355389202720664,Actve,3
1421,75.10415339630585,97.1229672229942,784,6.916317415111052,Seddentary,3
2444,75.87232166324524,100.0,4795,8.054086702636416,Highly Active,5
3411,89.90690832666137,98.29383603377195,26285,8.252448194537171,Sedentary,2
4678,60.57521035861972,98.61749662872688,1182,5.484131157753229,Active,5
1721,86.6717659801594,100.0,2175,6.4684410736270275,Highly Active,3
3069,77.52892628932611,99.01704142157864,2349,6.716617988678558,Highly Active,2
2473,72.77053620024441,98.23502874038556,2195,6.713961655643277,Active,3
3181,45.687180822735876,97.8362952880349,7419,7.521015096021173,Actve,1
2449,58.054696739351385,97.75841703125737,4234,8.93194737321413,Highly Active,2
4096,73.15572558051433,98.8030263791878,1424,8.739158384600568,Seddentary,5
2590,80.30402599059224,98.06604705357346,4663,4.874456814135664,Sedentary,3
4256,70.14325004616319,96.61912559421084,48272,3.3334457244691915,Active,4
2590,60.620551408072856,95.25141048699746,25591,6.532030850031631,Seddentary,1
1143,73.8418030661901,98.10652391998336,12019,7.071383550551159,Highly Active,4
2654,85.24062808639306,99.15589427694364,18665,10.401892840103102,Highly Active,1
1264,68.08234919450224,97.6245910929918,469,5.738410332448203,Actve,2
1953,72.58832066740267,100.0,907,6.774937185824332,Highly Active,4
3774,68.63259953521421,95.34799209531472,2093,7.172293916015715,Active,3
3244,64.82168630250571,100.0,10848,4.1134429766657785,Highly Active,4
1479,83.26069774681439,97.71166322370738,1033,5.989123552472469,Sedentary,4
2353,89.32046242557934,96.40587753889426,520,6.80709080814178,Sedentary,1
4878,49.9481423756704,93.70569487105804,1329,6.70882063725232,Active,2
2362,98.84879433928045,97.15589956278237,4364,8.799496430918571,Seddentary,5
1777,64.90320463538184,100.0,23180,8.944276826439918,Sedentary,3
3670,62.82921089961798,96.74105332681498,6651,6.862959250074619,Seddentary,4
4365,78.7037009710103,100.0,12660,5.462181037821528,Sedentary,5
1588,81.27031479998288,95.99505984507698,8336,6.929924786804615,Highly Active,5
4218,74.42217662877181,98.4901659435859,15565,7.226058738739439,Active,3
3567,78.12671800536481,99.91244196163514,12839,4.5493542646575005,Sedentary,4
2923,71.17749096733633,94.95820890549322,4653,4.585114222779064,Highly Active,3
2714,66.50085108271274,95.84815620237622,4823,7.513565957285957,Active,1
1450,70.5468458492727,97.6765667497913,11892,5.755968633995565,Active,5
1556,85.47753474668875,95.2998137598001,33001,8.56533268057505,Highly Active,3
2159,67.30397543007416,98.91966747294074,11415,7.113250219369796,Highly Active,2
4926,75.51663582319141,100.0,2494,7.178847477703689,Actve,5
4087,66.64606079405131,100.0,3103,3.5527237294358,Highly Active,3
4266,76.24911944272195,94.1718742906504,8122,7.171366131801921,Seddentary,2
4899,53.15852113856861,95.54414623336268,1585,5.429940523326999,Seddentary,5
3381,92.02847695860808,99.90691483187788,4962,8.922369823314773,Sedentary,4
2016,83.81820454931025,100.0,6084,4.357105527104256,Highly Active,2
1838,98.00583363569412,98.58093263962525,7327,6.766849194334484,Actve,4
2637,72.82015072786847,96.18252216045208,3768,5.675243831989006,Seddentary,3
1225,76.95472425546807,99.9357970872789,3567,5.496852092944695,Actve,4
3160,64.8287669942721,100.0,1521,3.298576489928015,Sedentary,1
2514,76.49483926642262,97.76464699489316,5854,6.904570436493108,Actve,1
2231,88.30688817372044,99.62228543700785,11123,5.542088046962261,Active,1
2645,90.65872627565378,99.55657213636826,6549,7.603293795281582,Highly Active,4
3999,100.02463973586164,97.46988674390684,259,7.7575629335556995,Sedentary,3
1305,52.00480333019311,94.98100697051512,8249,7.250070113479418,Sedentary,4
4416,64.49897744970934,100.0,6315,5.434962928546856,Seddentary,1
4536,40.0,97.4687632095129,6482,6.073356011415373,Actve,3
2689,93.43000121134068,97.62843963437363,5933,10.286153314496904,Highly Active,1
2391,48.371673941855725,96.3118400644606,9087,8.779964955787051,Sedentary,5
4917,70.65589334983854,100.0,159,6.343043674809651,Highly Active,4
3984,72.21466572397452,94.42799689977,251,5.694828285924499,Sedentary,3
3218,85.91600247887902,100.0,6442,7.652936034608503,Seddentary,3
4012,77.36767609955864,99.252700915621,11674,7.319956085636648,Seddentary,1
2553,76.04926566221252,96.07147536060783,20138,8.76990298966297,Actve,3
4261,50.21555324837189,97.01916901620952,1262,5.371057969721717,Highly Active,5
3705,72.45295208411399,95.27978710374556,8392,4.852747399164048,Seddentary,5
4515,54.94015769144066,97.58593935892516,10091,4.599784474330995,Sedentary,1
2342,76.52859226634197,95.2156401706068,5999,4.911059573944451,Highly Active,4
1110,76.59392341005245,100.0,1198,9.791732160130714,Sedentary,5
3279,70.36794227581994,99.56727687347872,4838,5.825190639955337,Sedentary,3
1467,89.01984047696433,98.7339724979538,1366,6.3322783081632545,Highly Active,4
3779,96.3836086224935,98.86140459597166,6070,5.685028550809722,Highly Active,1
3528,72.94015603839597,96.05538994460902,1718,7.3427917687529884,Highly Active,1
1813,48.92150733414981,95.96711744061446,4378,9.038030527612555,Sedentary,3
3969,64.87450365973822,96.99895848951464,4423,8.76494485533075,Sedentary,4
2999,82.74293175812393,98.37215686982292,15917,7.161273125811544,Highly Active,4
3653,81.40777463566887,98.56119911269025,17025,5.994731401733767,Actve,5
1147,74.52725659545793,97.09230262680364,5439,7.154979471948446,Highly Active,5
3897,71.34144539117833,100.0,5214,5.6810377544474875,Actve,5
3860,111.15379777849928,100.0,6522,8.421544026251512,Seddentary,2
4441,75.2082400173269,92.90171383101836,878,5.809913631493339,Actve,5
1174,85.52142545244459,98.70670416844288,10243,9.0173865950246,Active,2
2854,92.50896294877936,100.0,20865,4.549918604344214,Sedentary,4
1587,65.38728650418777,94.55602128951163,1367,5.183764649719759,Seddentary,5
2137,81.44797197015114,97.69544700202874,4158,4.520597119137852,Active,2
4510,107.20939205981952,95.0706582275567,24698,5.060595117231695,Sedentary,4
4786,40.0,96.9972810921196,7561,6.3763528808285725,Actve,1
1034,54.934334609023246,99.3996687599454,6546,6.212066050891503,Seddentary,1
1998,100.84348932927918,96.08607389143904,5827,6.695681995194651,Highly Active,5
2332,73.03557025564913,96.30955217463116,468,4.775457202847572,Actve,4
2037,52.12659690117971,98.80678137308097,7338,5.0245250687188765,Sedentary,2
3280,97.89156482594424,96.48011681317982,7695,7.604062594360564,Sedentary,5
4734,68.27390721046945,99.56291762351346,2868,3.1425334268079608,Sedentary,4
4573,72.80732655954522,98.16035281716609,2714,6.162592919827581,Active,2
2873,87.96715856242967,98.29080292713172,6609,6.3155182771709235,Sedentary,4
3123,67.18006248814724,97.78460249418733,8559,2.860201979269256,Sedentary,3
4803,89.92433431460964,97.59861721872512,1207,6.424912500899453,Active,3
2563,95.13040891180216,96.4773353847581,8405,6.699069205964957,Sedentary,3
3938,54.67529245964447,96.79414826742182,784,6.503308362112644,Highly Active,2
1691,87.07531192136796,100.0,2954,4.037416792476728,Highly Active,4
4108,55.331973010322955,94.86930319654842,1997,5.195581681635776,Highly Active,5
1126,64.59643131614729,99.12528400313492,1418,6.247574274966062,Seddentary,5
4916,80.91728787834684,99.84525674568629,8070,5.2075909650595795,Active,1
4709,53.380721644157624,96.08587317864134,6539,8.508128747598922,Highly Active,2
2366,73.21355617764405,98.71444976688434,18697,6.347144474030472,Sedentary,3
2019,65.54167100708017,97.23838159866057,937,6.979887359776444,Highly Active,4
3587,75.65809813524443,93.49304433230913,4942,8.227946498862988,Sedentary,3
1418,40.0,94.8592643754526,170,4.0948538018500145,Active,3
3887,69.9128004610367,99.60374054350105,2617,7.471317968543119,Sedentary,3
3283,50.79233651836122,97.63818049761583,608,7.313858445314644,Highly Active,1
2767,68.12012990960223,99.63608008850746,611,6.467345784242077,Highly Active,2
1662,72.00467427821144,95.6378286977004,1269,5.548400501870295,Active,4
4414,76.95783686405461,97.93151870719922,4584,6.364033894209436,Sedentary,4
4946,77.2415379762463,98.3778880713205,7307,4.839081879208614,Actve,5
1490,81.2317353711589,100.0,21378,4.142042387986617,Highly Active,4
4534,73.02644486870217,95.83898361068978,1757,8.632566223710517,Highly Active,1
2940,84.4786763044538,94.55494626777912,3894,8.416939605083805,Sedentary,3
2455,71.26234155155569,98.53346482997767,10621,6.933504244408922,Actve,2
3387,56.2431977653867,97.91236800286585,54,7.0814123457149245,Active,4
3394,60.18272124078671,95.52266401525308,785,7.381468769770894,Seddentary,4
3156,91.74843561465872,94.12358749985242,8784,7.339947204058924,Active,5
3159,69.95054043826646,99.51977807360576,3953,7.125250170952016,Actve,1
2612,58.8497055351014,96.8138998249625,3347,5.187711668932984,Actve,4
4248,70.69115155121321,97.62699740899546,707,8.677349552511615,Seddentary,5
3390,81.11501152866518,97.992317488621,2393,6.274797830831373,Highly Active,4
3148,78.41315731247542,97.41329723500618,3913,5.407597239479415,Actve,1
4829,93.71566144959874,97.2881672315937,2659,6.418452005020159,Actve,5
2627,72.32467990515943,100.0,63,9.568948716539126,Highly Active,2
4472,93.39452018406512,93.64136639462409,7019,4.309718613556337,Active,5
1057,87.64634247319245,97.23055633184713,6429,6.74462563019925,Active,1
4402,66.83566535554853,97.0514824550398,3550,6.870401138293526,Highly Active,1
2964,92.71880617145705,95.71719637638166,1178,5.45374025763,Highly Active,1
2677,74.66025554688854,98.90196701659276,1927,8.203283458098586,Seddentary,3
2526,79.07832640567274,98.31383050308712,2981,7.074885850907271,Highly Active,5
2378,101.76272947970622,97.89808675221713,8774,6.782310895620362,Sedentary,3
2554,85.42015261666302,98.83048391395386,6367,8.82011583453339,Highly Active,4
1145,45.38161375613993,94.24430807847756,1302,10.327806159124997,Active,5
2983,80.0900368953872,97.03101727480852,8038,6.608913804376814,Sedentary,1
2264,79.7078586866118,94.5872871543625,14771,7.062952595750919,Highly Active,2
2772,87.77858789754686,97.87774005240335,5833,7.5477468835438,Highly Active,1
2058,77.79356639183808,98.02920877356657,5065,6.19299177769882,Actve,3
3048,52.03695100800272,100.0,573,5.937153685774756,Active,4
3019,61.9788405804551,95.15476444753864,1514,8.013349069702132,Sedentary,2
1152,67.72492875656746,96.78915656668286,5198,7.122277849281552,Highly Active,3
1507,79.06428278338224,99.96832895978716,1404,5.8096006378220775,Seddentary,4
1344,63.60105290324355,96.9373230133183,4646,4.466949445514108,Seddentary,5
2935,96.1229340841964,100.0,361,5.440341860887539,Active,4
2761,65.69416307426829,98.79422638860214,4479,8.31027066624643,Seddentary,5
1220,77.65792105218927,99.606828793776,12606,6.781374439188491,Active,5
2938,75.9141014999433,99.3680683133144,74,8.334237051153625,Sedentary,5
2942,77.75496139692211,95.97479592410107,757,7.744956423094983,Sedentary,1
4096,87.27034714485859,100.0,5213,7.131381138718603,Actve,4
1527,73.50965560008997,99.3402855451703,7598,5.513637684014985,Highly Active,5
4253,109.65424191819504,95.8715491778919,9566,6.613179018426058,Highly Active,1
4113,103.7882459417554,100.0,1281,3.7082718416160287,Highly Active,1
4986,85.96071462149467,98.8763244639488,2544,7.139540429462059,Sedentary,2
2871,86.62869382184766,97.8241361636413,1926,4.664640971258427,Highly Active,2
2462,92.96968753545052,97.7366111295349,563,6.279135805065131,Sedentary,1
1044,90.88597120553756,100.0,4905,7.772739243595893,Active,1
4717,71.07051668901931,98.95173240480456,43,6.0769638155570185,Highly Active,4
2657,86.3863074940136,95.0864615976422,9,7.071265570581289,Sedentary,2
3095,76.22057470881283,97.88179196888515,647,6.631186668736718,Actve,5
2514,72.66892026535864,96.7604259304964,48,6.984181609167612,Seddentary,3
2033,85.30884321942122,98.5984461148935,5895,7.532554556514682,Seddentary,3
1273,78.00187223503097,96.50435837939716,3157,5.21484182736261,Actve,1
3647,83.23476780648635,100.0,3479,7.114364480302906,Seddentary,1
1838,71.10800941559685,100.0,18409,6.66794107845286,Active,3
1190,88.06990340080178,99.10475321552572,2519,5.932721054575589,Active,4
2681,73.45212696108412,96.37912490690836,3473,4.652248818944724,Seddentary,4
1622,58.66172252340456,95.3653247803182,20658,5.6835770018065865,Seddentary,3
1937,73.54488555531235,98.20171025997035,2672,5.138630454531569,Sedentary,4
4401,77.40780279920251,99.16376423798656,5572,8.06518977483062,Sedentary,4
2031,64.71451429492896,96.873048546749,3051,6.740107161715993,Seddentary,2
1066,69.14551908027212,100.0,1700,4.797674444897927,Highly Active,2
3815,84.05999982819311,97.11300606043564,3841,9.153272158835234,Sedentary,2
1989,70.7782962206493,98.1588677599841,1737,5.336482015765093,Active,3
2140,104.4621202343404,96.00388560935268,1605,6.023514386069871,Highly Active,2
3314,82.66479982681597,100.0,2786,8.327743217506603,Highly Active,2
4339,82.3894811332796,96.3424640675672,8771,7.212735156720216,Seddentary,4
1548,63.360189413687706,98.26383257371415,5823,8.062528989262162,Highly Active,5
2097,74.70659746591207,97.49358797523858,7265,6.04966185563604,Active,2
4579,76.388841288914,95.24130111119352,8395,5.648875445136599,Seddentary,1
3355,62.72567034642247,97.41006430503954,13042,9.907948865478492,Highly Active,5
1198,59.935057058708395,97.61319491875038,263,4.934567507627182,Actve,3
1571,40.0,97.87290378166706,13779,6.022623053362794,Highly Active,1
1790,79.98848034254463,97.40815766241948,12321,7.333817579176112,Active,4
2638,113.52627050534451,98.54335133817428,3805,5.760003579731657,Highly Active,2
4277,61.60450465614484,98.39177408546244,3200,6.356514157084528,Active,5
1178,89.0074082734104,97.5282874326722,8072,5.273049999541711,Highly Active,1
1734,73.32519785226054,97.84724020316467,5498,4.3124871199915,Sedentary,1
3136,89.22143211527843,100.0,2994,4.698820431691117,Highly Active,1
1798,65.14756479188814,99.7907167398784,9503,4.940156427403357,Highly Active,4
4505,69.85755058605395,94.82403006243877,10807,6.8184668949049865,Seddentary,1
3795,51.72883386510341,96.357237853986,13743,5.333735157577891,Seddentary,1
4201,76.75822941595001,95.30256208259588,4261,6.380392327586158,Highly Active,2
2657,71.30046220459546,98.73459577224324,12836,6.579147242411454,Sedentary,1
1324,82.77003263727265,98.87129081814444,3423,7.46573546377237,Active,4
1978,50.3474057326766,97.62535950741916,2852,6.827307986798274,Highly Active,4
4003,104.87235992432944,97.8222829934378,1296,7.003262513735125,Highly Active,2
1893,72.0585928363711,97.706457457863,1884,8.398065118808395,Active,3
2390,97.78509879570612,97.20345419876088,120,8.869683686452543,Actve,3
1143,71.44180108495354,100.0,3128,8.39585894499299,Sedentary,1
1383,57.35028128524392,96.6394081045999,1910,6.470249587526565,Seddentary,3
4432,59.28829855754032,97.49738514334516,4232,6.454168218692908,Highly Active,3
3371,79.81509899007419,100.0,14261,6.301648033930718,Highly Active,4
4086,72.78497919066442,100.0,9935,6.200652431640473,Sedentary,5
1216,60.946373435001114,98.98947329747602,32,6.484530335024452,Actve,3
4618,91.79420274200706,100.0,5558,6.3038582385000455,Actve,3
2490,85.54872668713057,97.6853467967452,19632,8.123652524875823,Active,1
2167,79.09040848323419,99.54155748957196,1257,5.892045252321159,Seddentary,2
2013,94.408344087657,100.0,4431,4.673865671516336,Sedentary,3
2577,99.8418242611384,97.49904521092446,8506,7.7741039219464865,Actve,2
4774,52.832342608026714,98.1520768402364,8406,5.38798205806561,Highly Active,2
3220,78.02863940571523,99.8643847729865,3915,4.578408894011343,Sedentary,5
1972,96.07185440501678,95.95620199637992,2819,4.938501486348474,Actve,3
2030,83.37629030509447,98.87861465959588,9271,5.535018569890256,Seddentary,5
4593,92.26314858113057,98.32354192403729,446,5.394348838747994,Highly Active,1
3593,80.52990552392771,98.94048807181788,1985,6.177583634858635,Highly Active,4
3595,50.105739737922576,96.49817307678644,9852,4.956429621946993,Actve,5
4992,76.44075655720691,100.0,11032,6.580376587557936,Actve,2
1517,82.26337632491025,98.96414676148552,2266,6.930323675616412,Highly Active,1
1913,68.92931176604955,100.0,5579,9.13430951597999,Actve,2
3181,77.7543622790191,100.0,6522,6.939576102655103,Active,1
2872,63.331626663289995,98.737939088176,1286,8.133757735252942,Active,2
3733,86.05583132558357,94.04493049003264,25640,7.623110490313618,Highly Active,1
3378,72.16445875961399,100.0,1382,6.218894864345864,Seddentary,4
4609,81.40240683428446,97.5804553666704,3860,9.89798077687487,Actve,5
4186,88.14830830677374,99.63523419746856,8075,6.087829067209647,Active,5
3941,88.86224821742724,95.41887845653294,14136,9.09712713994541,Seddentary,1
4553,59.37115415961035,95.03222686359184,3585,6.243862094434519,Highly Active,4
2098,88.24333693847359,96.10566435864,4174,7.1691840236517965,Active,2
3125,92.07140426031104,96.64200894118494,21261,6.93605585960292,Highly Active,4
3994,77.005290049959,99.86769582226113,10770,3.874939368913626,Highly Active,5
4673,69.31403703328589,97.99060756941974,13833,5.280111255809417,Actve,4
2207,98.0155566722349,97.7756686781567,497,6.0978034257215965,Sedentary,1
4807,65.30515355109425,93.21731867765874,14084,6.845441182444703,Highly Active,5
4797,76.55685480258481,97.781671203894,460,6.963796205290653,Active,2
2350,78.98787664817986,96.7650984796514,16617,6.721532355008661,Sedentary,2
3952,71.35141177909064,98.71923686149589,19138,6.629108107205266,Highly Active,5
2644,65.1441570398166,100.0,13967,5.342205273019461,Active,4
4968,76.72935265475171,97.75125538265095,21733,4.330917219821866,Seddentary,4
1190,52.21350416002413,97.92584806571476,39805,5.327577984594432,Active,3
2542,77.43975427524886,94.37643383025348,5160,7.05026220235413,Sedentary,1
2754,64.24909224180718,98.91666708089434,5412,9.09630288623703,Seddentary,3
1966,84.53191570382917,99.50167153116148,25,6.9852099911184595,Seddentary,3
4158,78.95429256520586,96.4510687731228,17104,5.421412182495883,Seddentary,5
3212,68.13912404760183,96.66909839983389,3216,5.225202087720566,Seddentary,5
1371,70.83517848542508,99.04457833195772,19097,7.807196166390116,Highly Active,4
2710,68.69288720230476,94.34546939268893,5014,8.322271996876127,Highly Active,4
2469,69.74140676627992,97.2275935239206,686,7.471755647243967,Highly Active,1
1610,80.99109647788978,95.00730948453,15830,8.102221592176184,Highly Active,5
1115,109.49671234479632,98.5449901501984,6155,9.40787862803515,Highly Active,4
4341,50.40996303081805,99.71985540262736,516,5.814887837365232,Seddentary,3
1446,104.15109859861768,98.08190051852314,74,7.60651216010446,Highly Active,2
2808,65.89218955566515,96.79145160044264,5041,5.541059485645567,Sedentary,1
3939,73.45242420651694,96.13458036279197,2042,6.705465220318314,Highly Active,3
4699,86.41707117506648,100.0,73,9.442767611722385,Actve,2
2873,78.58012771912705,97.85152208489838,1092,7.380904731447113,Highly Active,3
4150,91.58471380138278,100.0,1387,6.823527255684844,Sedentary,4
2605,87.52305752046522,99.288258476897,1211,5.273094487948803,Highly Active,3
1561,76.42508648907365,100.0,8575,7.90600066481912,Highly Active,4
3851,64.61531074542376,96.78172169562296,2774,5.9353993820993995,Seddentary,2
3294,85.75865191026067,97.39277644416327,6843,6.388688310784207,Actve,3
4847,78.23863611021685,98.49545938785997,16,4.108933849945178,Sedentary,2
4662,49.909029537547994,96.5017202961057,15341,6.686553949155524,Active,5
1983,98.10196004790603,95.6210439580708,4439,6.929481790626851,Highly Active,5
2724,73.90845180731095,96.74687076822968,9,7.226289655564792,Seddentary,1
2951,74.8833124436239,97.699668904858,8146,3.6090849015154407,Sedentary,1
2279,81.17494450404519,99.9562525752465,2037,6.908250816863706,Highly Active,3
4293,81.45128399513148,95.34980038094774,2545,6.201275173533414,Sedentary,4
1752,56.327166670932414,96.56596681440936,55,6.061934922664694,Actve,5
1078,75.28822274181279,98.79334115661273,10466,3.596930755405882,Seddentary,1
2259,59.50878802274616,95.79662919695852,18259,4.879469745462593,Active,3
1888,81.24746130820262,99.20771963339868,1047,7.875296426339556,Actve,2
4420,86.87911619174113,99.27619462178258,7399,7.176598523134741,Actve,1
2105,68.4580858901991,99.4170439804831,1266,8.625152034984303,Highly Active,1
3549,83.15485281273962,98.93147370496216,4453,6.980516262169854,Sedentary,2
2500,89.43540599833226,95.69732407202208,18636,6.362695842433382,Active,4
4775,82.90088214950075,97.25535137036054,2268,6.087662667556954,Highly Active,5
3061,40.0,97.46190725936005,5810,3.762742300220381,Sedentary,5
1391,83.29151099375987,97.68314099172856,7340,8.01640341810388,Active,4
4418,70.76995876004182,96.7000357486676,1954,7.01377489870099,Highly Active,2
1973,59.709100216145835,96.859832686185,14930,7.183514846198357,Actve,5
4164,79.55912201069599,98.77526131468169,10536,8.65837122768573,Highly Active,4
3644,84.49227248605386,98.48530933605888,3700,6.629129227532931,Highly Active,5
4556,63.772279179122386,95.46809566157528,17095,7.2604737568744495,Actve,3
3681,64.31131549234016,96.37597042877232,32747,7.571345843525399,Highly Active,5
4199,40.0,98.3191423522586,5463,5.376893508922162,Seddentary,3
1938,73.90020112102134,97.6443154398768,8537,5.78295315625384,Sedentary,5
1441,67.0506790999394,95.35235356029324,15976,7.697761033032565,Sedentary,1
1129,88.11819928802312,97.51895785620528,7,7.285856195621662,Sedentary,2
4203,76.76154854413772,96.75671712914178,2847,5.038182095213646,Active,4
1596,69.08962886637336,99.11775646693586,6907,4.418561719259484,Sedentary,4
2505,93.65167602974552,98.47437875466493,7478,5.819700323212761,Sedentary,4
1861,95.8693767959474,98.78055116904592,8785,5.483879782776032,Actve,1
1998,71.79868568477372,100.0,8352,6.61200316819882,Sedentary,5
3372,78.39147190194058,97.67961720203166,10610,10.16235576061954,Seddentary,4
4140,76.08651845273975,99.67500438700466,8337,7.813907546084893,Active,4
4731,51.384844376650506,95.7497696947801,11699,6.904317690004838,Sedentary,3
3495,97.99580523908182,96.7716163347068,20595,8.092786913757461,Highly Active,2
2511,42.26074949485545,97.82938585201254,19976,6.684030548505756,Actve,4
2736,75.9095623235208,94.81738001159673,6774,4.785730813740453,Highly Active,1
3756,96.2179618966575,98.99755224270815,615,5.789216488678531,Highly Active,2
2449,72.52953070713042,98.64338755212523,4841,5.8857353005228745,Sedentary,1
4946,62.33205933671227,98.85082670937464,11065,8.207458305930224,Active,5
3721,57.11247253919356,98.01813690910085,135,7.667121571753806,Highly Active,5
1156,81.48558561304172,100.0,25557,7.50190831982483,Highly Active,3
3966,62.756698614109254,98.84570128044808,1332,6.0834351195193115,Actve,1
2632,67.65596915195812,98.93263776804692,8380,6.006016922784302,Highly Active,5
4008,40.0,98.12710367765166,7845,4.785157480862169,Active,3
1894,87.44050894037366,99.2877683058816,1278,6.671935225434667,Active,1
3144,75.13416214070148,99.0163578766322,4036,6.955495982325457,Actve,5
1215,73.15503184609926,99.0475638990098,6063,6.466988284365226,Seddentary,4
4203,83.74319594216561,100.0,16572,2.703944199356874,Seddentary,4
2706,54.74674909079705,100.0,4028,7.600792284805972,Seddentary,3
3106,81.6509576941094,97.66178265388795,2074,8.267669759746617,Actve,2
3331,87.99957805333841,98.90848288909436,1706,6.713960207834495,Sedentary,3
2128,104.3269596753758,100.0,20295,7.080496373011131,Seddentary,4
4510,94.82355139723606,97.30739960621668,1586,5.087929705199543,Seddentary,5
4653,66.68208733425291,93.79000081030055,890,8.43963629296142,Seddentary,1
1801,67.14430388787645,95.31472068885655,12873,7.006372004499458,Highly Active,2
2622,103.72823451933046,97.38609111388789,8572,7.803110648744207,Active,1
2905,83.21319135074545,94.45033093093372,184,9.026266945900582,Active,5
3921,87.35326928906898,96.42179955848822,2155,5.634699349704493,Sedentary,4
1471,103.14890200183196,97.77369515047964,5902,5.684009783299072,Sedentary,3
3672,65.51272687834474,96.10347066592443,7726,3.942461193841739,Highly Active,5
4511,95.31689826497912,100.0,4395,6.891613673858701,Active,1
4020,40.0,98.75623227102274,5705,8.578103297096291,Active,2
1228,69.36418490434856,100.0,17508,5.667438700820205,Actve,1
1170,71.60208309654894,100.0,16401,8.49246949377446,Seddentary,1
1188,57.9460150354208,98.99885211009511,8125,8.76684926435745,Highly Active,3
1976,88.26161540443755,100.0,2573,5.1658082935874265,Highly Active,3
1498,54.450665069295155,97.1858634426944,7637,7.24671190407044,Active,4
2821,98.65395478942924,97.64487447118512,11710,7.745614587348258,Highly Active,1
3809,74.6613694514395,100.0,10836,11.658063796339746,Active,1
1865,59.41982750244076,94.30491624522315,3240,4.108735931818153,Active,5
1825,87.61137884005731,98.82175533836468,19204,8.513627636182568,Seddentary,1
4779,82.622258425147,99.60545169082889,111,8.718927612798316,Sedentary,3
3118,85.56047704662093,100.0,16665,5.3018503522928215,Actve,1
3295,77.42956696996238,100.0,8335,7.2530768353943,Sedentary,4
1145,81.88154876625836,96.6140272274662,8521,4.625318112399048,Actve,1
4846,78.03791993510467,96.08024517091604,6106,6.8588359737833065,Seddentary,4
2319,87.29492293269516,97.2320058525574,23867,5.474468347316018,Sedentary,4
3629,42.006120632912186,94.88675314495788,1663,6.158612662440754,Highly Active,3
4577,112.84272344449565,95.47922600078192,3444,5.086509842777237,Highly Active,1
3410,88.66958421637463,99.39284280352062,1938,5.179284561504695,Highly Active,4
3521,95.77893904180758,98.70734835859788,8265,7.820691852627473,Sedentary,5
2454,85.27991256302401,96.11531109703918,19487,4.1941138354672525,Seddentary,2
2867,109.49666801445991,98.88553784312592,123,4.57284616924164,Active,3
4369,58.801274166624864,94.64322756545116,6939,2.93672293711017,Seddentary,5
4767,58.27453670972953,98.45607574577464,11588,4.762560629597524,Highly Active,1
3738,93.82063437388408,96.25504030041952,11966,4.747813017511357,Actve,2
4199,66.48103672482992,97.7757485880858,6336,5.536166533749507,Seddentary,5
3007,67.58105147812002,97.48098841413956,6197,4.399181776967339,Seddentary,5
1839,93.69696771594852,99.0119628972893,559,6.918509177567007,Actve,5
4136,72.92057687151548,97.4631765159654,9172,7.120757532125867,Sedentary,5
4765,44.51494688340152,100.0,543,5.8400745273781,Highly Active,3
1082,64.91528601280125,98.8449395941648,72,6.791007996291707,Highly Active,2
4902,61.066446578805966,97.68428585327229,1464,5.410447960055131,Actve,1
1950,66.40492696080372,99.5399804149584,14323,8.55777157746355,Sedentary,3
1610,58.00834920600697,98.24129696011876,3254,6.510158084066833,Highly Active,1
4283,82.50732571059568,95.74148758255464,2754,6.425494831336291,Active,1
3472,77.14427814830469,99.00837250459855,390,5.941269414778002,Highly Active,4
3159,85.90487884706467,95.85179992633088,14568,4.752419451575449,Sedentary,2
3449,52.49571302964043,96.1829396195839,1864,5.567667303475044,Highly Active,1
1121,62.29308246445565,100.0,9946,7.497054176331316,Sedentary,3
1272,93.73067578210542,97.9840414594634,22756,7.20844532220446,Actve,1
2317,81.67901172681543,98.71447332477136,4080,4.851749328856901,Seddentary,3
3518,62.9910198226467,97.6799707411102,9303,5.905115572590898,Sedentary,3
2230,81.00406748930286,95.51323338849984,25688,5.593888621068352,Seddentary,2
4511,105.79198024989272,94.77585056546933,29988,7.063543564137239,Actve,5
2301,73.11160986756111,98.40750640930712,11703,5.216599387118862,Actve,4
4639,108.0316460233765,99.93686850403176,6701,7.381482405318143,Highly Active,4
2910,76.19460464964526,97.28651260914349,550,6.774863067363824,Actve,1
4986,79.53502024849217,98.99569128887096,2101,7.883159083970863,Actve,4
4874,98.63102462472634,97.70970162526334,23019,7.71329437771918,Highly Active,2
2916,76.83318245864403,97.20416621208076,15740,4.768636609558154,Sedentary,5
3757,73.17480628149714,98.9483826338834,591,6.349612577016541,Sedentary,3
2077,65.92760171205632,96.9688811054732,501,8.333175436297614,Seddentary,1
3585,82.8213253126317,97.21303727985504,8702,5.441008021066356,Sedentary,1
1064,100.15927749281929,97.75136632211613,1429,6.860496754848295,Highly Active,3
4683,62.92248748847412,97.29097444694597,388,7.440110108867756,Actve,3
1585,60.8490654401539,96.87018835421377,3799,8.383528879988512,Highly Active,5
4344,59.339020559703734,97.93770339963676,17,4.908663989024246,Seddentary,3
4462,67.97579859644736,98.40289923421376,1527,8.18071388130418,Highly Active,2
4398,57.901025625792414,94.68197374426089,3364,7.125554029853722,Sedentary,5
3155,92.92152381194506,97.12890747342246,6632,7.625269927505893,Actve,3
4233,89.90455061814212,98.99797916204474,2193,5.434898532193336,Seddentary,4
2039,45.284634352552715,99.84296079763756,2224,7.501423508620928,Sedentary,3
1326,76.93873941030415,97.66610002653913,3143,5.35014053715395,Sedentary,2
1607,83.65711873717248,98.5720296109734,14067,7.767241773481774,Highly Active,3
2033,90.07002724644863,95.6554307478025,9031,5.914335275034905,Sedentary,3
1124,69.19784248706796,100.0,1511,6.592085414346353,Highly Active,1
2104,57.57816668218125,93.62023557174784,1209,6.937369733666529,Actve,3
3532,79.76482332788432,96.50156358758449,23814,4.85410115792436,Sedentary,4
3699,78.03737985967066,100.0,1438,7.777207796295885,Highly Active,2
3847,62.142074926293866,96.44798930012792,3779,7.550862888835772,Sedentary,2
1128,72.02805869569141,97.2888336345656,2912,5.982463195147417,Active,2
1437,59.53352664188619,98.17832774790638,3947,4.89438495588938,Sedentary,2
3548,88.7781571098495,96.93848632834766,2371,7.59055183792054,Sedentary,5
3092,70.14905152667163,97.37426978280143,16980,5.969404115469237,Highly Active,2
3582,71.42618139069246,100.0,9665,6.137768997692404,Actve,1
1390,52.14617645370413,96.98072721518162,5954,8.316271138201035,Highly Active,3
3086,66.06363603122182,98.26904782568,6309,7.222770603508513,Highly Active,2
3841,106.95535647791633,98.5617504774477,9280,6.88436184739761,Sedentary,1
4022,76.82869745286699,98.27505088521592,5759,7.752043849771907,Highly Active,3
1547,78.29082951960812,98.782974294523,517,6.702086605653687,Sedentary,1
3668,60.752768925727864,99.17970476799394,18391,6.559906375834952,Highly Active,2
1566,91.55220508641062,99.04462203653536,7853,6.94359484319548,Highly Active,3
1703,99.6949323759376,93.0127360942391,1174,5.905780291682272,Sedentary,5
2242,92.9921801688624,95.65198987560922,1958,9.303693683065063,Sedentary,3
1598,77.0768555792097,98.15980042431984,14550,8.179371020160774,Actve,3
1805,71.61140362836667,98.7547262103789,3829,6.950281873912109,Seddentary,1
4702,72.7292614839662,99.376979860932,2384,5.624613222768117,Highly Active,1
4791,98.46422054146304,94.24788966632646,4128,3.9611201943899106,Highly Active,4
4225,82.10988191398293,97.49592368217247,474,7.289980041090154,Actve,3
4618,78.271178594172,98.11499658337372,5263,8.692694534295597,Active,2
3460,82.96691172382519,95.61704772924094,452,8.724570092520345,Highly Active,1
1545,78.80713707359611,98.43311509144895,2401,9.231062884886551,Sedentary,5
2632,43.326016241444776,96.58931114793224,1609,7.8496433040222655,Sedentary,1
3216,59.36760439925252,94.2792243857195,4669,7.157674261355404,Active,2
3630,81.04543869079271,98.4236736034646,2539,4.508369135488648,Seddentary,1
4385,75.25355535834952,97.06549674792744,26,9.932621930877325,Highly Active,1
4114,82.46500389911408,100.0,71,5.964272012520806,Seddentary,2
4072,98.6693343758372,98.2717079914407,5685,7.89904080614491,Active,4
3317,73.92850516884523,100.0,10403,6.186405922108983,Seddentary,1
2759,49.0732044236677,96.2565729598745,3449,7.556797175589315,Actve,2
4174,64.97267280173388,98.30918927866128,5845,7.238079471743314,Sedentary,5
1916,65.12891900968992,99.2352177667512,3192,5.067855457707682,Active,2
4168,70.84405979701617,93.7986191089552,11189,7.520061448345109,Highly Active,5
2214,76.9420463042098,96.0187487830712,5136,7.034875819030848,Actve,4
2842,75.21234745435315,96.7872289408456,8449,3.308159255388972,Active,1
2983,63.588071373768045,100.0,2742,5.851366003490485,Active,1
1055,96.9572562105174,99.02702930732686,3939,6.422298047198503,Actve,4
2744,62.49359480401438,99.27687821103054,8349,5.910793194639516,Sedentary,2
3234,84.22883190104208,94.75553130910282,2485,9.931029875248097,Highly Active,2
1497,65.24171685354025,97.27443519905484,10781,4.981146748959463,Actve,2
2465,67.64057552106071,99.99816531432316,10515,5.529772904963805,Sedentary,5
3161,85.07456169496508,100.0,2561,7.728015329897945,Sedentary,5
3060,60.72491070015807,98.05063832416305,23587,7.272058830380518,Highly Active,2
4286,96.08514695369752,96.9244003619422,7111,9.743086927972012,Sedentary,5
4583,84.51587968665139,100.0,14975,5.7920771491070795,Highly Active,4
3494,64.73183451826928,96.53834872052263,5773,6.6751841352930725,Actve,3
1992,72.88957944926727,91.9732180068452,2367,7.367892639768775,Active,5
1100,96.57188512356925,96.20430860594352,7573,5.702358054094663,Sedentary,1
3223,40.0,99.12090592826522,3374,3.9199028258511,Active,5
1426,76.99030282356749,99.3790095913322,4106,6.844902827697725,Seddentary,4
4188,75.95938496844366,96.29715564750158,2706,8.779917170810139,Sedentary,2
4237,87.01054754191249,97.78890048027948,36385,6.127866793362341,Active,2
1040,53.387295687895005,100.0,6176,9.147454991690076,Highly Active,5
1343,43.71997589091967,95.79016449478048,4075,4.463464197291047,Highly Active,2
1365,50.274425641304454,98.79546801478035,13132,6.24631144423606,Seddentary,3
2731,93.37322873796356,99.81356621127784,10090,5.0386835441662425,Active,5
1608,92.62193902496188,100.0,2801,6.894262149493961,Seddentary,1
3704,69.99368305813056,100.0,6527,6.9989258080162315,Active,4
1727,81.57547705993335,98.47841762466696,686,7.917863140586835,Highly Active,1
4201,83.44107626392059,99.17965987843436,19922,6.089713166511157,Active,3
2375,92.80884734899648,96.8358314679278,2951,6.470472837632513,Seddentary,4
1888,70.16295413774198,98.49888800169408,6371,8.189627422530673,Seddentary,2
2341,61.844490602463715,90.79120814564097,9594,5.9351943459604035,Active,3
3883,74.77621641289628,94.56914781816806,7491,5.496588566526884,Sedentary,2
2296,97.93763005999575,99.13162472638818,7251,7.4975270588195455,Active,5
1116,82.8977500062933,96.4206844792317,5005,3.084236690074212,Highly Active,5
3865,58.76617605602551,100.0,3329,5.650061466936862,Highly Active,3
3415,64.22778367396542,96.92123718956492,2124,7.386004210506803,Highly Active,3
2117,73.92072478157202,94.98386698026977,7111,7.029104878908466,Sedentary,2
4001,57.57491977208334,100.0,11655,4.039773430056415,Seddentary,1
2364,88.33718878224815,98.12737176413027,10337,8.514006236900322,Highly Active,4
1151,43.67168621004664,100.0,7925,5.767451933113111,Seddentary,3
4948,72.76738696846732,100.0,681,4.919312783098173,Actve,2
3321,63.943619477563075,96.7747970057503,1053,8.966543754487759,Active,2
3148,47.09490311717832,95.12192384463528,15886,5.765560049214664,Seddentary,4
1556,67.62716883999093,98.97710592165096,2819,5.715024854242302,Active,3
4085,84.30312829691087,96.47155760667358,4786,7.528954345758906,Highly Active,5
4504,89.68208755922946,99.93872846981878,25590,6.673291871503459,Sedentary,4
1734,55.13422271405949,98.24492855776738,9960,8.034611355111355,Highly Active,2
4409,61.84237844668254,95.6554394654406,8732,7.402172050628739,Active,3
4066,90.16514730535994,95.93490160103728,5705,7.490745862456487,Actve,1
2427,65.50982320027515,97.15467994334634,3620,6.166489118581783,Active,5
4959,53.77544074606003,96.40425896729174,26893,6.76644256422717,Sedentary,4
3154,61.546943894944874,97.45624396057929,10887,6.909190808697584,Actve,3
4691,85.25118603233186,95.44609719356976,17634,8.992274469519081,Highly Active,5
3312,56.29970259194687,93.62046797197702,2650,9.06497462896728,Active,1
4276,101.76960960911582,100.0,3157,6.445993984227334,Sedentary,1
4150,78.23328590093318,98.9287104304077,11085,5.804386893002086,Active,4
1154,64.07663003614351,95.95789159565624,21499,5.856365532343329,Sedentary,2
4854,80.11954576003355,97.34109114168218,19569,6.310358228870983,Seddentary,2
1996,59.064908427309824,99.66993091997335,14358,7.335272616348337,Highly Active,3
3294,85.4741824169554,100.0,6180,7.935124242509298,Highly Active,3
1728,97.93556475363312,97.37164384236011,3701,6.961720230239886,Sedentary,3
2177,86.91540242937555,95.80108891219793,4476,5.2423143025189365,Highly Active,3
4504,72.84141479599124,98.4057578468909,2018,5.62789061284225,Active,3
2503,64.02607893760171,99.32780220062897,3132,4.526315375579973,Seddentary,3
3497,50.104121700417,96.0589782957239,4568,8.01638656689223,Seddentary,5
3016,40.0,99.94327410498693,5880,7.719127820057751,Active,3
3857,69.22946237287341,96.59301860052511,42,3.291015210480065,Seddentary,1
4767,100.9107494057083,94.0809565890973,1712,8.84102745913511,Highly Active,1
1642,68.40208817919157,98.38094645573952,132,5.85623838033334,Sedentary,3
4120,77.89256204498471,96.36459169851229,1445,8.754926386350618,Sedentary,5
1665,75.07615658176492,96.90661488712334,3,3.7097263931454783,Highly Active,1
4956,76.55631349325178,97.63852468025024,2844,5.52959455610948,Actve,1
4701,63.57495777716408,95.1915332759625,4451,5.563856695748781,Highly Active,1
3915,71.89948384766494,100.0,1630,7.720903287594542,Seddentary,2
1407,71.72614413191843,97.38135907777912,4260,7.045062892232624,Highly Active,3
2212,73.60476488884467,95.95022164623722,7852,6.962754940828903,Actve,4
3869,83.19526392182053,97.76198939481574,6251,4.699107851226739,Active,1
2853,77.06983205908215,98.7686654043309,4982,4.2283366121280554,Actve,2
3608,80.0254051178994,99.5238354358876,1529,6.6086679643886965,Seddentary,5
4337,83.73936133835467,97.95638388987534,12749,5.649856093154779,Highly Active,3
2141,92.21433180276796,97.83525661628654,4341,8.0373639446087,Active,2
1143,59.067618179685354,96.64924374716976,12714,6.550767853969141,Actve,4
3489,40.0,95.02001914981568,20407,6.135215321875197,Sedentary,5
4271,108.8643095632562,95.14958852491404,5620,5.85473523554548,Highly Active,5
1486,80.6598711232462,95.36945808706272,5508,7.408058970457863,Active,4
1859,64.32373676326831,96.83233273669671,237,7.790765508515889,Active,2
2935,44.955388665977985,97.00552658858686,11917,5.843416496184981,Active,5
1147,69.94067270675299,100.0,9800,5.626749795165795,Highly Active,2
2359,77.29544688460743,98.8957508255814,4081,8.00023300232818,Seddentary,4
4142,100.27836178805428,96.94571875829968,19997,7.818886842365126,Seddentary,1
3858,67.01066842553365,100.0,742,5.573458994976233,Active,3
1089,52.90025645964728,100.0,3864,8.485904474274149,Actve,4
1537,50.04201964931741,98.703636151445,10421,8.362711068549874,Seddentary,3
1723,40.0,99.16539957213251,6817,8.133784286472123,Sedentary,4
4010,101.72264170641844,97.23555391263643,14697,6.385473348717152,Actve,4
2459,90.49433573526682,100.0,5669,8.632065995947572,Sedentary,1
1397,50.083535440773915,92.87466984085356,1058,5.5754416905021875,Highly Active,5
1619,76.74238970291607,96.54342353828017,2262,4.7435940331758,Highly Active,3
4357,82.47976597710272,100.0,2673,9.447128979665267,Sedentary,3
2584,80.07448691187672,96.4217044214029,862,7.128970148290368,Actve,2
1729,97.03971290484934,98.41262649014504,24553,6.048881772258144,Highly Active,4
1555,67.11963667456968,100.0,14027,8.7960988483355,Highly Active,1
2952,57.98751537994037,96.53186306392875,2976,8.907611591042008,Highly Active,4
3941,71.64953759196675,95.74969000281706,2357,7.65184601625074,Highly Active,5
3971,79.38961492891445,100.0,4087,5.420103320306381,Actve,2
4887,78.83972365247999,100.0,1694,7.678059285251212,Sedentary,2
2959,112.57254130115172,96.89405653282492,12713,5.431271520129586,Seddentary,1
2480,50.73210033017392,97.94151254974646,3797,5.9295415356245185,Highly Active,1
2102,69.71392752302962,99.34518845896756,2887,6.3275962452937735,Sedentary,5
4276,40.44993926520883,98.43976329029934,2675,5.632075882213673,Seddentary,3
4408,56.57033866043917,98.22527707602386,10679,7.290495716726197,Sedentary,2
3351,55.65274299410974,100.0,16015,5.648902479034619,Actve,2
3177,77.6852395891354,98.95737138211643,10851,6.272587296035471,Sedentary,5
3643,82.6691361237114,93.2074861661776,78,8.14083877126082,Sedentary,5
4879,100.40128229518172,94.96060683791576,388,5.3047107997962275,Seddentary,3
1077,54.672555068336905,95.1827765001819,2830,7.361509842088832,Seddentary,3
2532,92.8066567525944,96.140232380199,2849,8.486491155492978,Sedentary,2
1237,88.66333171844381,100.0,984,6.59384593443822,Sedentary,5
2157,51.826499356280806,99.96740844379627,8515,8.013903048780197,Actve,1
2996,71.92619035109522,97.30881491187056,966,7.47684829426866,Sedentary,5
2215,50.86419372845495,100.0,11882,5.69944870395223,Highly Active,1
4427,80.61192978653204,100.0,5527,8.90071796560897,Actve,3
2757,100.08399623791,96.96640010480034,6586,4.565205511982448,Highly Active,1
2094,93.3617084958966,96.945184496811,8639,7.100287962118118,Highly Active,2
3131,70.72931945916513,99.40049340026,13003,6.478394059321884,Highly Active,3
4226,75.96861528938467,97.7630783805858,6478,9.212823934944096,Seddentary,5
3666,89.60447444757587,95.95567033024692,6261,9.28170447720069,Seddentary,3
1815,58.12867489316373,98.78697133084503,7084,7.629408811473783,Seddentary,2
3694,50.55399213241568,100.0,12828,5.664954039663405,Highly Active,4
1442,71.66832581475825,95.94495615662508,2957,4.87451322902491,Highly Active,5
4140,61.8808861761736,98.17554203304968,2420,6.633724607307038,Highly Active,5
3570,70.03346467657671,96.30605159817353,2068,6.646106323231051,Seddentary,5
1191,48.26070085150917,95.1494860083523,3959,8.123806714685898,Active,3
2410,66.6674439976801,100.0,13479,6.775750510097374,Sedentary,4
3628,76.0320534983551,95.99267810950565,5652,9.048132938925168,Highly Active,2
2177,95.89485462770956,98.88635540981127,1465,5.762110958124603,Highly Active,1
3887,43.42655905348456,100.0,27195,10.386371616059364,Sedentary,1
2641,66.58004135065488,99.27660433541932,4834,6.114301767943017,Highly Active,1
1546,86.63199898660088,96.21026190499556,792,6.561726589812161,Active,4
4723,49.02834522404507,95.70649363453286,4552,6.654524289920693,Active,3
1363,93.86552939475722,99.35580135461858,8828,3.1511193104703867,Highly Active,2
3166,56.75894522125222,97.88024244985183,5786,4.70535959696466,Sedentary,4
4309,102.86642783203472,100.0,2223,9.438239545340933,Highly Active,5
1882,70.10714787403589,95.05789851643608,9851,6.739533989398322,Actve,1
1870,73.96542355961466,98.49269506193929,4887,6.798750978744185,Actve,2
2420,87.1649469142513,99.61101034455916,167,4.5767231110965225,Highly Active,2
4192,77.32990666921997,96.66714781765796,17721,7.166546119351013,Highly Active,4
3244,64.9778223034852,100.0,4466,6.833985009580094,Sedentary,4
1018,94.58178864476577,100.0,19833,8.62723178785939,Highly Active,3
1641,99.4873484456053,97.4453973154478,23345,5.2123028910788305,Active,4
1773,69.7179100580181,98.97220991636264,938,7.174699048039092,Seddentary,4
3354,61.50697851980934,94.34384521765544,612,4.134675568777218,Active,5
4338,99.80246867325992,99.41521628463772,3540,6.830195886107462,Highly Active,1
4512,67.49852755368447,97.93482797274665,9121,6.593807073952752,Active,3
4380,75.07098728448968,96.92282900662842,10254,8.556268869895725,Actve,4
1739,71.70576332776527,98.07949049570558,4124,6.671084437012149,Highly Active,4
2545,60.600080857835096,96.66236860982094,3824,11.587615165829762,Active,3
3300,75.89757205804274,98.08512627309769,14207,6.582258491532306,Highly Active,4
2549,75.35826670290693,97.14600579646331,1419,3.445163675379501,Seddentary,1
2461,86.78188192607581,93.08348865097425,1529,7.060776672436322,Actve,4
3283,80.67305087945714,100.0,10460,7.864179474470971,Seddentary,2
1477,89.47878173569347,97.9008924299302,4492,6.285003909148459,Sedentary,4
4091,80.03529198235877,100.0,3728,9.25835849734336,Actve,4
3263,52.318770418327375,98.24652089419445,23131,6.1538696701234255,Seddentary,5
1134,64.53432720170989,100.0,9892,7.157473430600577,Active,3
3952,71.27120535684116,98.35314947523256,4991,8.520984210324567,Actve,3
2445,72.51366443047762,96.4928255106682,894,5.210932878418107,Highly Active,5
2317,84.4346801852854,100.0,5935,6.129475875814971,Highly Active,2
2865,74.28632258345878,96.05234607422987,3714,7.539448853922998,Seddentary,4
2469,65.11334785263813,94.63390039439794,6098,8.224708822075373,Seddentary,1
4461,66.52707969932513,98.72297161642656,4144,3.802478104022899,Highly Active,3
4365,81.8701971171721,96.594688718567,7864,6.182418887122701,Active,2
3973,71.49450148403064,94.59971244580734,187,7.39792497733388,Active,4
3759,51.72917071442949,97.7096945218716,3016,6.004529556779234,Highly Active,1
2271,75.62273565023287,99.14304896282395,16281,6.199660755909093,Active,1
3104,79.03862737498017,96.8699125038836,6743,6.2328231185789225,Actve,1
2405,92.03345623802385,100.0,153,8.00126118121191,Highly Active,1
3086,71.08307737179834,100.0,9915,6.91942413017364,Highly Active,5
1800,94.3274439224579,97.14900280053132,3530,5.801561612651561,Seddentary,1
1824,54.63757260967375,100.0,7301,5.229693353995565,Sedentary,1
3399,122.77641723239768,97.97620412668748,8588,7.378454049266744,Seddentary,5
2839,70.04054153826584,100.0,24866,7.360959804550097,Sedentary,3
4251,80.74699214209127,95.04677498844714,76,6.443544500550621,Active,3
2769,56.69067853137051,100.0,1971,7.799764607800664,Seddentary,3
4865,63.39558108237285,94.18680950564055,5554,6.673664037737879,Sedentary,4
1024,61.83245069393976,96.89769135799172,58,9.064162864796472,Actve,3
1842,78.25528954194236,97.27761598486128,90,10.10496280193405,Actve,3
3838,73.15111453741474,99.4460098253566,837,6.529926317295337,Seddentary,2
1179,85.1104013290325,95.4102001548318,4900,6.747855431210214,Highly Active,3
1231,72.28638071941391,100.0,1771,5.48279854701881,Actve,1
2822,91.02273661167548,97.44676237419066,3974,5.1963215639721225,Seddentary,5
3623,64.97709984075782,99.66998551164764,7416,3.7587945181257463,Active,3
1454,102.20618738066229,100.0,12922,5.586751156563646,Highly Active,1
2255,84.44349948704762,98.01431071433602,2693,5.488785790996028,Sedentary,4
2236,65.81054643463123,99.52844437610835,13477,3.8852955476702697,Seddentary,5
1529,68.4035055507237,100.0,27230,7.462106906129147,Sedentary,3
3976,99.49818623968322,100.0,3191,3.95787984033366,Highly Active,4
1595,72.33126060822416,95.62719627093252,2183,7.459462020500339,Actve,2
4874,76.46709676276473,99.30275444177896,6190,6.6657203144991675,Seddentary,1
1881,74.75574362501814,93.44534160443784,164,8.052267631028919,Highly Active,2
4068,63.20873591328101,100.0,30123,7.760621370764868,Active,4
1401,54.70866594426426,96.83993005696436,12385,7.179900615831984,Sedentary,1
4837,61.36719750180899,95.20111093722996,4133,7.331498224681581,Highly Active,4
3135,83.54511868827868,100.0,9222,8.830228464836619,Actve,1
4964,72.505886802178,100.0,9876,3.691697829588543,Highly Active,4
4755,72.53995623068027,97.3232388626179,2301,7.301008773588672,Sedentary,5
1435,66.15064138930137,100.0,11548,4.642064497834375,Actve,2
4879,48.63265947029549,95.7730348342173,4725,6.3821659358529015,Sedentary,2
2624,73.8344421840734,97.94587383866752,2571,6.91654920303435,Sedentary,4
4113,70.06386353063813,98.47560572291746,544,5.691001039740254,Actve,5
